Workbook

Sheet Creature
A1: ID | B1: Name | C1: Camp | D1: Type | E1: Cost | F1: Career | G1: SoldierLv | H1: Quality | I1: Star | J1: Icon | K1: Icon1 | L1: Audio | M1: HP | N1: UpHP | O1: Atk | P1: UpAtk | Q1: Def | R1: UpDef | S1: Ap | T1: UpAp | U1: Mdef | V1: UpMdef | W1: Dex | X1: UpDex | Y1: Range | Z1: Warn | AA1: Move | AB1: AtkCd | AC1: AtkGoal | AD1: Talent | AE1: InitCareer | AF1: Synthesis | AG1: Show | AH1: SoldierShow | AI1: SplashTalk | AJ1: Amplify1 | AK1: Amplify2 | AL1: Add | AM1: Camp | AN1: FlyOrLand | AO1: LockLv | AP1: Shop | AQ1: Persent | AR1: Leader | AS1: UpLeader | AT1: Skill | AU1: Mp | AV1: UpMp
A2: int | B2: string | C2: int | D2: int | E2: string | F2: int | G2: int | H2: int | I2: int | J2: string | K2: string | L2: string | M2: int | N2: float | O2: int | P2: float | Q2: int | R2: float | S2: int | T2: float | U2: int | V2: float | W2: int | X2: float | Y2: int | Z2: int | AA2: int | AB2: int | AC2: int | AD2: string | AE2: string | AF2: string | AG2: int | AH2: string | AI2: string | AJ2: float | AK2: float | AL2: int | AM2: int | AN2: int | AO2: int | AP2: int | AQ2: int | AR2: int | AS2: float | AT2: string | AU2: int | AV2: float
A3: id | B3: 名字 | C3: 种族 | D3: 类型1 | E3: 花费 | F3: 初始职业 | G3: 士兵等级 | H3: 品质（D-SSS） | I3: 初始星级 | J3: 模型 | K3: 图标 | L3: 配音资源 | M3: 生命值 | N3: 生命值成长 | O3: 攻击 | P3: 攻击每级成长值 | Q3: 防御 | R3: 防御每级成长值 | S3: 魔力 | T3: 魔力每级成长值 | U3: 魔防 | V3: 魔防值每级成长值 | W3: 技巧 | X3: 技巧加成 | Y3: 攻击距离 | Z3: 警戒范围 | AA3: 移速 | AB3: 攻击间隔/8 | AC3: 攻击目标 | AD3: 携带天赋 | AE3: 初始职业 | AF3: 重复获得和合成 | AG3: 分解道具碎片展示 | AH3: 兵种展示 | AI3: boss闪屏的话 | AJ3: 查看界面放大 | AK3: 地图模型放大 | AL3: 战斗战力 | AM3: 种族 | AN3: 类型0地面1飞兵 | AO3: 解锁章节 | AP3: 购买价格 | AQ3: 抽卡概率权重值 | AR3: 英雄领导力 | AS3: 领导力成长 | AT3: 技能 | AU3: 魔法值 | AV3: 魔法值每级成长值
A4: 11001 | B4: 玛伦 | C4: 1 | D4: 1 | E4: 1:300 | F4: 1 | G4: 0 | H4: 1 | I4: 1 | J4: Mahlon.1 | K4: Mahlon.1 | L4: 0 | M4: 600 | N4: 10 | O4: =英雄数据!N4 -> 74 | P4: =英雄数据!O4 -> 2.09 | Q4: =英雄数据!R4 -> 34 | R4: =英雄数据!S4 -> 1.43 | S4: =英雄数据!V4 -> 45 | T4: =英雄数据!W4 -> 1.21 | U4: =英雄数据!Z4 -> 28 | V4: =英雄数据!AA4 -> 1.32 | W4: 14 | X4: 1 | Y4: 250 | Z4: =MIN(Y4+400,1300) -> 650 | AA4: 400 | AB4: 8 | AC4: =_xlfn.IFS(OR(F4="1",F4="2",F4="7",F4="8"),2,OR(F4="3",F4="4",F4="5",F4="6"),1) -> 2 | AD4: 110011|110012|110013|110014|110010|110016|110017 | AE4: 110002 | AF4: 101001:5 | AG4: 101001 | AH4: 111002:121001:131001:141001:151001:161002 | AI4: 0 | AJ4: 1 | AK4: 1.7 | AL4: 0 | AM4: 3 | AN4: 0 | AO4: 0 | AP4: 2500 | AQ4: 8 | AR4: 60 | AS4: 12 | AT4: 514+1|0+0|516+0|-1+0|701+0|-1+0|174+0|-1+0|801+0 | AU4: 0 | AV4: 0
A5: 12001 | B5: 克莱斯 | C5: 1 | D5: 1 | E5: 1:300 | F5: 2 | G5: 0 | H5: 1 | I5: 1 | J5: Kress.1 | K5: Kress.1 | L5: 0 | M5: 590 | N5: 14 | O5: =英雄数据!N5 -> 78 | P5: =英雄数据!O5 -> 2.2 | Q5: =英雄数据!R5 -> 30 | R5: =英雄数据!S5 -> 1.32 | S5: =英雄数据!V5 -> 41 | T5: =英雄数据!W5 -> 1.21 | U5: =英雄数据!Z5 -> 27 | V5: =英雄数据!AA5 -> 1.32 | W5: 16 | X5: 1 | Y5: 250 | Z5: =MIN(Y5+400,1300) -> 650 | AA5: 550 | AB5: 8 | AC5: =_xlfn.IFS(OR(F5="1",F5="2",F5="7",F5="8"),2,OR(F5="3",F5="4",F5="5",F5="6"),1) -> 2 | AD5: 110021|110015|110023|110024|110025|110026|110027 | AE5: 110003 | AF5: 102001:5 | AG5: 102001 | AH5: 811001:821001:731001:241001:251001:161001 | AI5: 0 | AJ5: 1 | AK5: 1.7 | AL5: 0 | AM5: 1 | AN5: 1 | AO5: 0 | AP5: 3000 | AQ5: 3 | AR5: 45 | AS5: 8 | AT5: 560+1|0+0|903+0|-1+0|704+0|-1+0|179+0|-1+0|804+0 | AU5: 0 | AV5: 0
A6: 13001 | B6: 艾丝琳 | C6: 1 | D6: 1 | E6: 1:300 | F6: 3 | G6: 0 | H6: 1 | I6: 1 | J6: Eileen.1 | K6: Eileen.1 | L6: 0 | M6: 500 | N6: 12 | O6: =英雄数据!N6 -> 68 | P6: =英雄数据!O6 -> 1.87 | Q6: =英雄数据!R6 -> 23 | R6: =英雄数据!S6 -> 1.1 | S6: =英雄数据!V6 -> 37 | T6: =英雄数据!W6 -> 1.32 | U6: =英雄数据!Z6 -> 25 | V6: =英雄数据!AA6 -> 1.43 | W6: 15 | X6: 1 | Y6: 1200 | Z6: =MIN(Y6+400,1300) -> 1300 | AA6: 400 | AB6: 10 | AC6: =_xlfn.IFS(OR(F6="1",F6="2",F6="7",F6="8"),2,OR(F6="3",F6="4",F6="5",F6="6"),1) -> 1 | AD6: 110031|110032|110033|110034|110035|110036|110037 | AE6: 110004 | AF6: 103001:5 | AG6: 103001 | AH6: 111002:321001:331001:341001:351001:361001 | AI6: 0 | AJ6: 1 | AK6: 1.7 | AL6: 0 | AM6: 2 | AN6: 0 | AO6: 2 | AP6: 2500 | AQ6: 14 | AR6: 30 | AS6: 9 | AT6: 510+1|0+0|503+0|-1+0|703+0|-1+0|174+0|-1+0|803+0 | AU6: 0 | AV6: 0
A7: 14001 | B7: 克莱亚 | C7: 1 | D7: 1 | E7: 1:300 | F7: 4 | G7: 0 | H7: 1 | I7: 1 | J7: Lela.1 | K7: Lela.1 | L7: 0 | M7: 570 | N7: 13.5 | O7: =英雄数据!N7 -> 72 | P7: =英雄数据!O7 -> 2.2 | Q7: =英雄数据!R7 -> 28 | R7: =英雄数据!S7 -> 1.32 | S7: =英雄数据!V7 -> 47 | T7: =英雄数据!W7 -> 1.32 | U7: =英雄数据!Z7 -> 30 | V7: =英雄数据!AA7 -> 1.54 | W7: 18 | X7: 1 | Y7: 250 | Z7: =MIN(Y7+400,1300) -> 650 | AA7: 550 | AB7: 8 | AC7: =_xlfn.IFS(OR(F7="1",F7="2",F7="7",F7="8"),2,OR(F7="3",F7="4",F7="5",F7="6"),1) -> 1 | AD7: 110041|110042|110043|110044|110045|110046|110047 | AE7: 110005 | AF7: 104001:5 | AG7: 104001 | AH7: 411001:121001:431001:441001:451001:461001 | AI7: 0 | AJ7: 1 | AK7: 1.7 | AL7: 0 | AM7: 3 | AN7: 0 | AO7: 2 | AP7: 2500 | AQ7: 4 | AR7: 60 | AS7: 10 | AT7: 505+1|0+0|511+0|-1+0|702+0|-1+0|175+0|-1+0|802+0 | AU7: 0 | AV7: 0
A8: 15001 | B8: 法拉 | C8: 2 | D8: 1 | E8: 1:300 | F8: 5 | G8: 0 | H8: 1 | I8: 1 | J8: Farad.1 | K8: Farad.1 | L8: 0 | M8: 500 | N8: 11 | O8: =英雄数据!N8 -> 49 | P8: =英雄数据!O8 -> 2.2 | Q8: =英雄数据!R8 -> 16 | R8: =英雄数据!S8 -> 1.1 | S8: =英雄数据!V8 -> 69 | T8: =英雄数据!W8 -> 2.2 | U8: =英雄数据!Z8 -> 33 | V8: =英雄数据!AA8 -> 1.76 | W8: 12 | X8: 1 | Y8: 1200 | Z8: =MIN(Y8+400,1300) -> 1300 | AA8: 400 | AB8: 10 | AC8: =_xlfn.IFS(OR(F8="1",F8="2",F8="7",F8="8"),2,OR(F8="3",F8="4",F8="5",F8="6"),1) -> 1 | AD8: 110051|110052|110053|110054|110055|110056|110057 | AE8: 110006 | AF8: 105001:5 | AG8: 105001 | AH8: 111001:521001:531001:541001:351001:561001 | AI8: 0 | AJ8: 1 | AK8: 1.7 | AL8: 0 | AM8: 2 | AN8: 1 | AO8: 2 | AP8: 3000 | AQ8: 3 | AR8: 40 | AS8: 11 | AT8: 529+1|0+0|530+0|-1+0|705+0|-1+0|179+0|-1+0|805+0 | AU8: 0 | AV8: 0
A9: 16001 | B9: 米娜 | C9: 2 | D9: 1 | E9: 1:300 | F9: 6 | G9: 0 | H9: 1 | I9: 1 | J9: Mina.1 | K9: Mina.1 | L9: 0 | M9: 530 | N9: 12 | O9: =英雄数据!N9 -> 55 | P9: =英雄数据!O9 -> 2.09 | Q9: =英雄数据!R9 -> 23 | R9: =英雄数据!S9 -> 1.21 | S9: =英雄数据!V9 -> 60 | T9: =英雄数据!W9 -> 2.09 | U9: =英雄数据!Z9 -> 44 | V9: =英雄数据!AA9 -> 1.98 | W9: 10 | X9: 1 | Y9: 1200 | Z9: =MIN(Y9+400,1300) -> 1300 | AA9: 400 | AB9: 10 | AC9: =_xlfn.IFS(OR(F9="1",F9="2",F9="7",F9="8"),2,OR(F9="3",F9="4",F9="5",F9="6"),1) -> 1 | AD9: 110061|110062|110063|110064|110065|110066|110067 | AE9: 110007 | AF9: 106001:5 | AG9: 106001 | AH9: 111001:621001:631001:641001:651001:661001 | AI9: 0 | AJ9: 1 | AK9: 1.7 | AL9: 0 | AM9: 1 | AN9: 0 | AO9: 2 | AP9: 3000 | AQ9: 8 | AR9: 45 | AS9: 12 | AT9: 523+1|0+0|572+0|-1+0|706+0|-1+0|176+0|-1+0|806+0 | AU9: 0 | AV9: 0
A10: 21001 | B10: 迈森 | C10: 1 | D10: 1 | E10: 1:400 | F10: 1 | G10: 0 | H10: 2 | I10: 2 | J10: Meissen.1 | K10: Meissen.1 | L10: 0 | M10: 645 | N10: 16.5 | O10: =英雄数据!N10 -> 93 | P10: =英雄数据!O10 -> 2.73 | Q10: =英雄数据!R10 -> 50 | R10: =英雄数据!S10 -> 1.82 | S10: =英雄数据!V10 -> 57 | T10: =英雄数据!W10 -> 1.56 | U10: =英雄数据!Z10 -> 37 | V10: =英雄数据!AA10 -> 1.69 | W10: 10 | X10: 1 | Y10: 250 | Z10: =MIN(Y10+400,1300) -> 650 | AA10: 400 | AB10: 8 | AC10: =_xlfn.IFS(OR(F10="1",F10="2",F10="7",F10="8"),2,OR(F10="3",F10="4",F10="5",F10="6"),1) -> 2 | AD10: 120011|120012|120013|120014|120015|120016|120017 | AE10: 120001 | AF10: 201001:20 | AG10: 201001 | AH10: 111002:121001:131001:341002:151001:161002 | AI10: 0 | AJ10: 1 | AK10: 1.7 | AL10: 0 | AM10: 2 | AN10: 1 | AO10: 3 | AP10: 4000 | AQ10: 3 | AR10: 30 | AS10: 10 | AT10: 509+1|0+0|901+0|-1+0|709+0|-1+0|177+0|-1+0|809+0 | AU10: 0 | AV10: 0
A11: 22001 | B11: 格莱 | C11: 1 | D11: 1 | E11: 1:400 | F11: 2 | G11: 0 | H11: 2 | I11: 2 | J11: Glay.1 | K11: Glay.1 | L11: 0 | M11: 634 | N11: 10.4 | O11: =英雄数据!N11 -> 97 | P11: =英雄数据!O11 -> 2.86 | Q11: =英雄数据!R11 -> 46 | R11: =英雄数据!S11 -> 1.69 | S11: =英雄数据!V11 -> 53 | T11: =英雄数据!W11 -> 1.56 | U11: =英雄数据!Z11 -> 36 | V11: =英雄数据!AA11 -> 1.69 | W11: 17 | X11: 1 | Y11: 250 | Z11: =MIN(Y11+400,1300) -> 650 | AA11: 550 | AB11: 8 | AC11: =_xlfn.IFS(OR(F11="1",F11="2",F11="7",F11="8"),2,OR(F11="3",F11="4",F11="5",F11="6"),1) -> 2 | AD11: 120021|120022|120023|120024|120025|120026|120027 | AE11: 120002 | AF11: 202001:20 | AG11: 202001 | AH11: 111002:221001:231001:341002:151001:261001 | AI11: 0 | AJ11: 1 | AK11: 1.7 | AL11: 0 | AM11: 3 | AN11: 1 | AO11: 3 | AP11: 3500 | AQ11: 3 | AR11: 70 | AS11: 16 | AT11: 507+1|0+0|549+0|-1+0|710+0|-1+0|174+0|-1+0|810+0 | AU11: 0 | AV11: 0
A12: 23001 | B12: 蒂亚 | C12: 1 | D12: 1 | E12: 1:400 | F12: 3 | G12: 0 | H12: 2 | I12: 2 | J12: Tia.1 | K12: Tia.1 | L12: 0 | M12: 535 | N12: 13.2 | O12: =英雄数据!N12 -> 88 | P12: =英雄数据!O12 -> 2.73 | Q12: =英雄数据!R12 -> 37 | R12: =英雄数据!S12 -> 1.43 | S12: =英雄数据!V12 -> 48 | T12: =英雄数据!W12 -> 1.69 | U12: =英雄数据!Z12 -> 32 | V12: =英雄数据!AA12 -> 1.82 | W12: 24 | X12: 1 | Y12: 1200 | Z12: =MIN(Y12+400,1300) -> 1300 | AA12: 400 | AB12: 10 | AC12: =_xlfn.IFS(OR(F12="1",F12="2",F12="7",F12="8"),2,OR(F12="3",F12="4",F12="5",F12="6"),1) -> 1 | AD12: 120031|120032|120033|120034|120035|120036|120037 | AE12: 120003 | AF12: 201001:20 | AG12: 203001 | AH12: 111002:321001:331001:341002:351001:361001 | AI12: 0 | AJ12: 1 | AK12: 1.7 | AL12: 0 | AM12: 2 | AN12: 1 | AO12: 4 | AP12: 3500 | AQ12: 3 | AR12: 30 | AS12: 17 | AT12: 569+1|0+0|162+0|-1+0|711+0|-1+0|175+0|-1+0|811+0 | AU12: 0 | AV12: 0
A13: 24001 | B13: 卡秋雅 | C13: 1 | D13: 1 | E13: 1:400 | F13: 4 | G13: 0 | H13: 2 | I13: 2 | J13: Kachuya.1 | K13: Kachuya.1 | L13: 0 | M13: 612 | N13: 14.9 | O13: =英雄数据!N13 -> 93 | P13: =英雄数据!O13 -> 2.86 | Q13: =英雄数据!R13 -> 44 | R13: =英雄数据!S13 -> 1.69 | S13: =英雄数据!V13 -> 61 | T13: =英雄数据!W13 -> 1.69 | U13: =英雄数据!Z13 -> 41 | V13: =英雄数据!AA13 -> 1.95 | W13: 20 | X13: 1 | Y13: 250 | Z13: =MIN(Y13+400,1300) -> 650 | AA13: 550 | AB13: 8 | AC13: =_xlfn.IFS(OR(F13="1",F13="2",F13="7",F13="8"),2,OR(F13="3",F13="4",F13="5",F13="6"),1) -> 1 | AD13: 120041|120042|120043|120044|120045|120046|120047 | AE13: 120004 | AF13: 204001:20 | AG13: 204001 | AH13: 411001:221001:431001:441001:451001:461002 | AI13: 0 | AJ13: 1 | AK13: 1.7 | AL13: 0 | AM13: 3 | AN13: 1 | AO13: 4 | AP13: 3500 | AQ13: 8 | AR13: 60 | AS13: 18 | AT13: 570+1|0+0|517+0|-1+0|712+0|-1+0|179+0|-1+0|812+0 | AU13: 0 | AV13: 0
A14: 25001 | B14: 索尼娅 | C14: 2 | D14: 1 | E14: 1:400 | F14: 5 | G14: 0 | H14: 2 | I14: 2 | J14: Sonia.1 | K14: Sonia.1 | L14: 0 | M14: 535 | N14: 12.1 | O14: =英雄数据!N14 -> 74 | P14: =英雄数据!O14 -> 3.25 | Q14: =英雄数据!R14 -> 32 | R14: =英雄数据!S14 -> 1.43 | S14: =英雄数据!V14 -> 92 | T14: =英雄数据!W14 -> 3.25 | U14: =英雄数据!Z14 -> 42 | V14: =英雄数据!AA14 -> 2.34 | W14: 13 | X14: 1 | Y14: 1200 | Z14: =MIN(Y14+400,1300) -> 1300 | AA14: 400 | AB14: 10 | AC14: =_xlfn.IFS(OR(F14="1",F14="2",F14="7",F14="8"),2,OR(F14="3",F14="4",F14="5",F14="6"),1) -> 1 | AD14: 120051|120052|120053|120054|120055|120056|120057 | AE14: 120005 | AF14: 205001:20 | AG14: 205001 | AH14: 111002:521001:531002:541001:151001:561001 | AI14: 0 | AJ14: 1 | AK14: 1.7 | AL14: 0 | AM14: 1 | AN14: 1 | AO14: 4 | AP14: 3500 | AQ14: 4 | AR14: 45 | AS14: 19 | AT14: 567+1|0+0|568+0|-1+0|713+0|-1+0|178+0|-1+0|813+0 | AU14: 0 | AV14: 0
A15: 26001 | B15: 莱恩 | C15: 2 | D15: 1 | E15: 1:400 | F15: 6 | G15: 0 | H15: 2 | I15: 2 | J15: Ryan.1 | K15: Ryan.1 | L15: 0 | M15: 568 | N15: 13.2 | O15: =英雄数据!N15 -> 71 | P15: =英雄数据!O15 -> 2.99 | Q15: =英雄数据!R15 -> 39 | R15: =英雄数据!S15 -> 1.56 | S15: =英雄数据!V15 -> 83 | T15: =英雄数据!W15 -> 2.99 | U15: =英雄数据!Z15 -> 58 | V15: =英雄数据!AA15 -> 2.6 | W15: 11 | X15: 1 | Y15: 1200 | Z15: =MIN(Y15+400,1300) -> 1300 | AA15: 400 | AB15: 10 | AC15: =_xlfn.IFS(OR(F15="1",F15="2",F15="7",F15="8"),2,OR(F15="3",F15="4",F15="5",F15="6"),1) -> 1 | AD15: 120061|120062|120063|120064|120065|120066|120067 | AE15: 120006 | AF15: 206001:20 | AG15: 206001 | AH15: 111002:621001:631001:641002:651001:661001 | AI15: 0 | AJ15: 1 | AK15: 1.7 | AL15: 0 | AM15: 1 | AN15: 1 | AO15: 4 | AP15: 3500 | AQ15: 14 | AR15: 45 | AS15: 20 | AT15: 565+1|0+0|566+0|-1+0|714+0|-1+0|178+0|-1+0|814+0 | AU15: 0 | AV15: 0
A16: 28001 | B16: 姆多 | C16: 1 | D16: 1 | E16: 1:400 | F16: 8 | G16: 0 | H16: 2 | I16: 2 | J16: Mudo.1 | K16: Mudo.1 | L16: 0 | M16: 623 | N16: 19.8 | O16: =英雄数据!N16 -> 98 | P16: =英雄数据!O16 -> 2.73 | Q16: =英雄数据!R16 -> 42 | R16: =英雄数据!S16 -> 1.69 | S16: =英雄数据!V16 -> 49 | T16: =英雄数据!W16 -> 1.43 | U16: =英雄数据!Z16 -> 23 | V16: =英雄数据!AA16 -> 1.43 | W16: 26 | X16: 1 | Y16: 250 | Z16: =MIN(Y16+400,1300) -> 650 | AA16: 400 | AB16: 8 | AC16: =_xlfn.IFS(OR(F16="1",F16="2",F16="7",F16="8"),2,OR(F16="3",F16="4",F16="5",F16="6"),1) -> 2 | AD16: 120071|120072|120073|120074|120075|120076|120077 | AE16: 120007 | AF16: 208001:20 | AG16: 208001 | AH16: 711001:721001:831001:741002:751001:161001 | AI16: 0 | AJ16: 1 | AK16: 1.7 | AL16: 0 | AM16: 1 | AN16: 1 | AO16: 4 | AP16: 3500 | AQ16: 14 | AR16: 45 | AS16: 20 | AT16: 565+1|0+0|566+0|-1+0|714+0|-1+0|178+0|-1+0|814+0 | AU16: 0 | AV16: 0
A17: 31001 | B17: 亚瑟 | C17: 1 | D17: 1 | E17: 1:500 | F17: 1 | G17: 0 | H17: 3 | I17: 3 | J17: Arthur.1 | K17: Arthur.1 | L17: 0 | M17: 690 | N17: 19.8 | O17: =英雄数据!N17 -> 120 | P17: =英雄数据!O17 -> 3.75 | Q17: =英雄数据!R17 -> 69 | R17: =英雄数据!S17 -> 2.55 | S17: =英雄数据!V17 -> 70 | T17: =英雄数据!W17 -> 2.1 | U17: =英雄数据!Z17 -> 48 | V17: =英雄数据!AA17 -> 2.4 | W17: 17 | X17: 1 | Y17: 250 | Z17: =MIN(Y17+400,1300) -> 650 | AA17: 400 | AB17: 8 | AC17: =_xlfn.IFS(OR(F17="1",F17="2",F17="7",F17="8"),2,OR(F17="3",F17="4",F17="5",F17="6"),1) -> 2 | AD17: 1300011|1300012|1300013|1300014|1300015|1300016|1300017 | AE17: 130001 | AF17: 301001:60 | AG17: 301001 | AH17: 111002:221001:231001:141002:351001:261001:161002 | AI17: 0 | AJ17: 1 | AK17: 1.7 | AL17: 0 | AM17: 1 | AN17: 0 | AO17: 5 | AP17: 3500 | AQ17: 3 | AR17: 45 | AS17: 21 | AT17: 506+1|0+0|564+0|-1+0|710+0|-1+0|176+0|-1+0|810+0 | AU17: 0 | AV17: 0
A18: 32001 | B18: 罗宾 | C18: 1 | D18: 1 | E18: 1:500 | F18: 3 | G18: 0 | H18: 3 | I18: 3 | J18: Robin.1 | K18: Robin.1 | L18: 0 | M18: 606 | N18: 10.8 | O18: =英雄数据!N18 -> 96 | P18: =英雄数据!O18 -> 3.75 | Q18: =英雄数据!R18 -> 42 | R18: =英雄数据!S18 -> 1.95 | S18: =英雄数据!V18 -> 61 | T18: =英雄数据!W18 -> 2.4 | U18: =英雄数据!Z18 -> 46 | V18: =英雄数据!AA18 -> 2.55 | W18: 26 | X18: 1 | Y18: 1200 | Z18: =MIN(Y18+400,1300) -> 1300 | AA18: 400 | AB18: 10 | AC18: =_xlfn.IFS(OR(F18="1",F18="2",F18="7",F18="8"),2,OR(F18="3",F18="4",F18="5",F18="6"),1) -> 1 | AD18: 1300031|1300032|1300033|1300034|1300035|1300036|1300037 | AE18: 130003 | AF18: 302001:60 | AG18: 302001 | AH18: 111002:321001:331001:341002:751002:361001:361002 | AI18: 0 | AJ18: 1 | AK18: 1.7 | AL18: 0 | AM18: 3 | AN18: 0 | AO18: 5 | AP18: 3500 | AQ18: 3 | AR18: 60 | AS18: 15 | AT18: 562+1|0+0|563+0|-1+0|716+0|-1+0|175+0|-1+0|816+0 | AU18: 0 | AV18: 0
A19: 34001 | B19: 贝尔 | C19: 1 | D19: 1 | E19: 1:500 | F19: 4 | G19: 0 | H19: 3 | I19: 3 | J19: Bel.1 | K19: Bel.1 | L19: 0 | M19: 654 | N19: 17.9 | O19: =英雄数据!N19 -> 117 | P19: =英雄数据!O19 -> 3.9 | Q19: =英雄数据!R19 -> 60 | R19: =英雄数据!S19 -> 2.4 | S19: =英雄数据!V19 -> 75 | T19: =英雄数据!W19 -> 2.4 | U19: =英雄数据!Z19 -> 52 | V19: =英雄数据!AA19 -> 2.7 | W19: 21 | X19: 1 | Y19: 250 | Z19: =MIN(Y19+400,1300) -> 650 | AA19: 550 | AB19: 8 | AC19: =_xlfn.IFS(OR(F19="1",F19="2",F19="7",F19="8"),2,OR(F19="3",F19="4",F19="5",F19="6"),1) -> 1 | AD19: 1300051|1300052|1300053|1300054|1300055|1300056|1300057 | AE19: 130005 | AF19: 304001:60 | AG19: 304001 | AH19: 411001:221001:431001:741003:451001:761002:861001 | AI19: 0 | AJ19: 1 | AK19: 1.7 | AL19: 0 | AM19: 2 | AN19: 0 | AO19: 5 | AP19: 3500 | AQ19: 14 | AR19: 30 | AS19: 24 | AT19: 908+1|0+0|573+0|-1+0|707+0|-1+0|177+0|-1+0|818+0 | AU19: 0 | AV19: 0
A20: 35001 | B20: 卢修斯 | C20: 2 | D20: 1 | E20: 1:500 | F20: 5 | G20: 0 | H20: 3 | I20: 3 | J20: Lucius.1 | K20: Lucius.1 | L20: 0 | M20: 570 | N20: 14.5 | O20: =英雄数据!N20 -> 76 | P20: =英雄数据!O20 -> 4.2 | Q20: =英雄数据!R20 -> 49 | R20: =英雄数据!S20 -> 1.95 | S20: =英雄数据!V20 -> 115 | T20: =英雄数据!W20 -> 4.2 | U20: =英雄数据!Z20 -> 55 | V20: =英雄数据!AA20 -> 3.3 | W20: 14 | X20: 1 | Y20: 1200 | Z20: =MIN(Y20+400,1300) -> 1300 | AA20: 400 | AB20: 10 | AC20: =_xlfn.IFS(OR(F20="1",F20="2",F20="7",F20="8"),2,OR(F20="3",F20="4",F20="5",F20="6"),1) -> 1 | AD20: 1300061|1300062|1300063|1300064|1300065|1300066|1300067 | AE20: 130006 | AF20: 305001:60 | AG20: 305001 | AH20: 711001:721002:731002:741001:651002:761001:861002 | AI20: 0 | AJ20: 1 | AK20: 1.7 | AL20: 0 | AM20: 3 | AN20: 1 | AO20: 6 | AP20: 3500 | AQ20: 3 | AR20: 30 | AS20: 25 | AT20: 512+1|0+0|574+0|-1+0|702+0|-1+0|175+0|-1+0|819+0 | AU20: 0 | AV20: 0
A21: 36001 | B21: 莉斯 | C21: 2 | D21: 1 | E21: 1:500 | F21: 6 | G21: 0 | H21: 3 | I21: 3 | J21: Liz.1 | K21: Liz.1 | L21: 0 | M21: 630 | N21: 10.8 | O21: =英雄数据!N21 -> 81 | P21: =英雄数据!O21 -> 3.9 | Q21: =英雄数据!R21 -> 42 | R21: =英雄数据!S21 -> 2.1 | S21: =英雄数据!V21 -> 108 | T21: =英雄数据!W21 -> 3.9 | U21: =英雄数据!Z21 -> 72 | V21: =英雄数据!AA21 -> 3.6 | W21: 12 | X21: 1 | Y21: 1200 | Z21: =MIN(Y21+400,1300) -> 1300 | AA21: 400 | AB21: 10 | AC21: =_xlfn.IFS(OR(F21="1",F21="2",F21="7",F21="8"),2,OR(F21="3",F21="4",F21="5",F21="6"),1) -> 1 | AD21: 1300071|1300072|1300073|1300074|1300075|1300076|1300077 | AE21: 130007 | AF21: 306001:60 | AG21: 306001 | AH21: 111002:621001:631001:641002:651001:661001:561001 | AI21: 0 | AJ21: 1 | AK21: 1.7 | AL21: 0 | AM21: 1 | AN21: 0 | AO21: 6 | AP21: 4000 | AQ21: 3 | AR21: 30 | AS21: 26 | AT21: 501+1|0+0|107+0|-1+0|706+0|-1+0|176+0|-1+0|817+0 | AU21: 0 | AV21: 0
A22: 111001 | B22: 步兵 | C22: 11 | D22: 2 | E22: 1:70 | F22: 1 | G22: 1 | H22: 0 | I22: 0 | J22: bubing01_Lv1 | K22: bubing01_Lv1 | L22: 0 | M22: =士兵数据!L2 -> 296 | N22: 0 | O22: =士兵数据!N2 -> 81 | P22: 0 | Q22: =士兵数据!P2 -> 37 | R22: 0 | S22: =士兵数据!Q2 -> 50 | T22: 0 | U22: =士兵数据!T2 -> 31 | V22: 0 | W22: 10 | X22: 0 | Y22: 200 | Z22: 1300 | AA22: 400 | AB22: 8 | AC22: 2 | AD22: 70011|71011 | AE22: 0 | AF22: 0 | AG22: 0 | AH22: 0 | AI22: 看我手中的长矛可会放过你。 | AJ22: 1.5 | AK22: 1.7 | AL22: 100 | AM22: 11 | AN22: 0 | AO22: 2 | AP22: 0 | AQ22: 0 | AR22: 20 | AS22: 0 | AT22: 553+1|105+1 | AU22: 0 | AV22: 0
A23: 111002 | B23: 枪兵 | C23: 11 | D23: 2 | E23: 1:80 | F23: 1 | G23: 1 | H23: 0 | I23: 0 | J23: bubing02_Lv2 | K23: bubing02_Lv2 | L23: 0 | M23: =士兵数据!L3 -> 348 | N23: 0 | O23: =士兵数据!N3 -> 77 | P23: 0 | Q23: =士兵数据!P3 -> 63 | R23: 0 | S23: =士兵数据!Q3 -> 50 | T23: 0 | U23: =士兵数据!T3 -> 54 | V23: 0 | W23: 10 | X23: 0 | Y23: 200 | Z23: 1300 | AA23: 400 | AB23: 8 | AC23: 2 | AD23: 70021|71021|90321 | AE23: 0 | AF23: 0 | AG23: 0 | AH23: 0 | AI23: 看我手中的长矛可会放过你。 | AJ23: 1.5 | AK23: 1.7 | AL23: 100 | AM23: 11 | AN23: 0 | AO23: 4 | AP23: 0 | AQ23: 0 | AR23: 90 | AS23: 0 | AT23: 553+1|172+1 | AU23: 0 | AV23: 0
A24: 121001 | B24: 重装步兵 | C24: 11 | D24: 2 | E24: 1:120 | F24: 1 | G24: 2 | H24: 0 | I24: 0 | J24: bubing01_Lv2 | K24: bubing01_Lv2 | L24: 0 | M24: =士兵数据!L4 -> 676 | N24: 0 | O24: =士兵数据!N4 -> 101 | P24: 0 | Q24: =士兵数据!P4 -> 73 | R24: 0 | S24: =士兵数据!Q4 -> 60 | T24: 0 | U24: =士兵数据!T4 -> 63 | V24: 0 | W24: 11 | X24: 0 | Y24: 200 | Z24: 1300 | AA24: 400 | AB24: 8 | AC24: 2 | AD24: 70031|71031 | AE24: 0 | AF24: 0 | AG24: 0 | AH24: 0 | AI24: 箭雨射击快。 | AJ24: 1.5 | AK24: 1.7 | AL24: 100 | AM24: 11 | AN24: 0 | AO24: 4 | AP24: 0 | AQ24: 0 | AR24: 90 | AS24: 0 | AT24: 553+1|172+1 | AU24: 0 | AV24: 0
A25: 131001 | B25: 重装枪兵 | C25: 11 | D25: 2 | E25: 1:130,2:80 | F25: 1 | G25: 3 | H25: 0 | I25: 0 | J25: bubing02_Lv1 | K25: bubing02_Lv1 | L25: 0 | M25: =士兵数据!L5 -> 827 | N25: 0 | O25: =士兵数据!N5 -> 126 | P25: 0 | Q25: =士兵数据!P5 -> 91 | R25: 0 | S25: =士兵数据!Q5 -> 65 | T25: 0 | U25: =士兵数据!T5 -> 79 | V25: 0 | W25: 11 | X25: 0 | Y25: 200 | Z25: 1300 | AA25: 400 | AB25: 8 | AC25: 2 | AD25: 70041|71041|90321 | AE25: 0 | AF25: 0 | AG25: 0 | AH25: 0 | AI25: 看我手中的长矛可会放过你。 | AJ25: 1.5 | AK25: 2 | AL25: 100 | AM25: 11 | AN25: 0 | AO25: 4 | AP25: 0 | AQ25: 0 | AR25: 90 | AS25: 0 | AT25: 553+1|172+1 | AU25: 0 | AV25: 0
A26: 141001 | B26: 皇室近卫 | C26: 11 | D26: 2 | E26: 1:160,2:120 | F26: 1 | G26: 4 | H26: 0 | I26: 0 | J26: bubing01_Lv3 | K26: bubing01_Lv3 | L26: 0 | M26: =士兵数据!L6 -> 1170 | N26: 0 | O26: =士兵数据!N6 -> 176 | P26: 0 | Q26: =士兵数据!P6 -> 111 | R26: 0 | S26: =士兵数据!Q6 -> 70 | T26: 0 | U26: =士兵数据!T6 -> 98 | V26: 0 | W26: 11 | X26: 0 | Y26: 200 | Z26: 1300 | AA26: 400 | AB26: 8 | AC26: 2 | AD26: 70051|71051|72051 | AE26: 0 | AF26: 0 | AG26: 0 | AH26: 0 | AI26: 我的火球可不是吃素的。 | AJ26: 1.5 | AK26: 2 | AL26: 100 | AM26: 11 | AN26: 0 | AO26: 4 | AP26: 0 | AQ26: 0 | AR26: 90 | AS26: 0 | AT26: 553+1|172+1 | AU26: 0 | AV26: 0
A27: 141002 | B27: 禁卫 | C27: 11 | D27: 2 | E27: 1:150,2:110 | F27: 1 | G27: 4 | H27: 0 | I27: 0 | J27: bubing04_Lv3 | K27: bubing04_Lv3 | L27: 0 | M27: =士兵数据!L7 -> 1155 | N27: 0 | O27: =士兵数据!N7 -> 166 | P27: 0 | Q27: =士兵数据!P7 -> 118 | R27: 0 | S27: =士兵数据!Q7 -> 72 | T27: 0 | U27: =士兵数据!T7 -> 103 | V27: 0 | W27: 11 | X27: 0 | Y27: 200 | Z27: 1300 | AA27: 400 | AB27: 8 | AC27: 2 | AD27: 70061|71061|72061 | AE27: 0 | AF27: 0 | AG27: 0 | AH27: 0 | AI27: 哇哇哇哇！ | AJ27: 1.5 | AK27: 2 | AL27: 100 | AM27: 11 | AN27: 0 | AO27: 4 | AP27: 0 | AQ27: 0 | AR27: 90 | AS27: 0 | AT27: 553+1|172+1 | AU27: 0 | AV27: 0
A28: 151001 | B28: 将军 | C28: 11 | D28: 2 | E28: 1:180,2:150 | F28: 1 | G28: 5 | H28: 0 | I28: 0 | J28: bubing02_Lv3 | K28: bubing02_Lv3 | L28: 0 | M28: =士兵数据!L8 -> 1423 | N28: 0 | O28: =士兵数据!N8 -> 247 | P28: 0 | Q28: =士兵数据!P8 -> 131 | R28: 0 | S28: =士兵数据!Q8 -> 75 | T28: 0 | U28: =士兵数据!T8 -> 142 | V28: 0 | W28: 11 | X28: 0 | Y28: 200 | Z28: 1300 | AA28: 400 | AB28: 8 | AC28: 2 | AD28: 70071|71071|72071 | AE28: 0 | AF28: 0 | AG28: 0 | AH28: 0 | AI28: 尝尝我手中的剑。 | AJ28: 1.5 | AK28: 2.5 | AL28: 100 | AM28: 11 | AN28: 0 | AO28: 4 | AP28: 0 | AQ28: 0 | AR28: 90 | AS28: 0 | AT28: 553+1|172+1 | AU28: 0 | AV28: 0
A29: 161001 | B29: 比蒙巨兽 | C29: 11 | D29: 2 | E29: 1:250,2:230 | F29: 1 | G29: 6 | H29: 0 | I29: 0 | J29: bubing03_Lv3 | K29: bubing03_Lv3 | L29: 0 | M29: =士兵数据!L9 -> 1946 | N29: 0 | O29: =士兵数据!N9 -> 296 | P29: 0 | Q29: =士兵数据!P9 -> 151 | R29: 0 | S29: =士兵数据!Q9 -> 80 | T29: 0 | U29: =士兵数据!T9 -> 133 | V29: 0 | W29: 12 | X29: 0 | Y29: 200 | Z29: 1300 | AA29: 400 | AB29: 8 | AC29: 2 | AD29: 70081|71081|72081 | AE29: 0 | AF29: 0 | AG29: 0 | AH29: 0 | AI29: 炮火覆盖，真理只在我的大炮射程内。 | AJ29: 1.5 | AK29: 3 | AL29: 100 | AM29: 11 | AN29: 0 | AO29: 4 | AP29: 0 | AQ29: 0 | AR29: 90 | AS29: 0 | AT29: 553+1|172+1 | AU29: 0 | AV29: 0
A30: 161002 | B30: 天使 | C30: 11 | D30: 2 | E30: 1:400,2:380 | F30: 1 | G30: 6 | H30: 0 | I30: 0 | J30: bubing05_Lv3 | K30: bubing05_Lv3 | L30: 0 | M30: =士兵数据!L10 -> 3100 | N30: 0 | O30: =士兵数据!N10 -> 333 | P30: 0 | Q30: =士兵数据!P10 -> 160 | R30: 0 | S30: =士兵数据!Q10 -> 80 | T30: 0 | U30: =士兵数据!T10 -> 175 | V30: 0 | W30: 11 | X30: 0 | Y30: 200 | Z30: 1300 | AA30: 400 | AB30: 8 | AC30: 2 | AD30: 70081|71081|72081 | AE30: 0 | AF30: 0 | AG30: 0 | AH30: 0 | AI30: 炮火覆盖，真理只在我的大炮射程内。 | AJ30: 1.5 | AK30: 3 | AL30: 100 | AM30: 11 | AN30: 0 | AO30: 4 | AP30: 0 | AQ30: 0 | AR30: 90 | AS30: 0 | AT30: 553+1|172+1 | AU30: 0 | AV30: 0
A31: 221001 | B31: 骑兵 | C31: 11 | D31: 2 | E31: 1:180 | F31: 2 | G31: 2 | H31: 0 | I31: 0 | J31: qibing01_Lv1 | K31: qibing01_Lv1 | L31: 0 | M31: =士兵数据!L11 -> 619 | N31: 0 | O31: =士兵数据!N11 -> 103 | P31: 0 | Q31: =士兵数据!P11 -> 49 | R31: 0 | S31: =士兵数据!Q11 -> 62 | T31: 0 | U31: =士兵数据!T11 -> 42 | V31: 0 | W31: 11 | X31: 0 | Y31: 200 | Z31: 1300 | AA31: 500 | AB31: 8 | AC31: 2 | AD31: 70091|71091 | AE31: 0 | AF31: 0 | AG31: 0 | AH31: 0 | AI31: 随我冲锋，粉碎敌军的攻击。 | AJ31: 1.5 | AK31: 1.7 | AL31: 100 | AM31: 11 | AN31: 0 | AO31: 4 | AP31: 0 | AQ31: 0 | AR31: 90 | AS31: 0 | AT31: 553+1|172+1 | AU31: 0 | AV31: 0
A32: 231001 | B32: 精锐骑士 | C32: 11 | D32: 2 | E32: 1:200,2:150 | F32: 2 | G32: 3 | H32: 0 | I32: 0 | J32: qibing01_Lv2 | K32: qibing01_Lv2 | L32: 0 | M32: =士兵数据!L12 -> 967 | N32: 0 | O32: =士兵数据!N12 -> 132 | P32: 0 | Q32: =士兵数据!P12 -> 68 | R32: 0 | S32: =士兵数据!Q12 -> 67 | T32: 0 | U32: =士兵数据!T12 -> 60 | V32: 0 | W32: 12 | X32: 0 | Y32: 200 | Z32: 1300 | AA32: 500 | AB32: 8 | AC32: 2 | AD32: 70101|71101 | AE32: 0 | AF32: 0 | AG32: 0 | AH32: 0 | AI32: 让你尝尝我法术的味道。 | AJ32: 1.5 | AK32: 2 | AL32: 100 | AM32: 11 | AN32: 0 | AO32: 4 | AP32: 0 | AQ32: 0 | AR32: 90 | AS32: 0 | AT32: 553+1|172+1 | AU32: 0 | AV32: 0
A33: 241001 | B33: 野蛮骑士 | C33: 11 | D33: 2 | E33: 1:220,2:180 | F33: 2 | G33: 4 | H33: 0 | I33: 0 | J33: qibing02_Lv3 | K33: qibing02_Lv3 | L33: 0 | M33: =士兵数据!L13 -> 1391 | N33: 0 | O33: =士兵数据!N13 -> 188 | P33: 0 | Q33: =士兵数据!P13 -> 89 | R33: 0 | S33: =士兵数据!Q13 -> 72 | T33: 0 | U33: =士兵数据!T13 -> 77 | V33: 0 | W33: 12 | X33: 0 | Y33: 200 | Z33: 1300 | AA33: 500 | AB33: 8 | AC33: 2 | AD33: 70111|71111|72111 | AE33: 0 | AF33: 0 | AG33: 0 | AH33: 0 | AI33: 让你尝尝我法术的味道。 | AJ33: 1.5 | AK33: 2 | AL33: 100 | AM33: 11 | AN33: 0 | AO33: 4 | AP33: 0 | AQ33: 0 | AR33: 90 | AS33: 0 | AT33: 553+1|172+1 | AU33: 0 | AV33: 0
... A83: 861002 | B83: 翡翠龙 | C83: 11 | D83: 2 | E83: 1:380,2:360 | F83: 8 | G83: 6 | H83: 0 | I83: 0 | J83: yeshou05_lv3 | K83: yeshou05_lv3 | L83: 0 | M83: =士兵数据!L63 -> 2665 | N83: 0 | O83: =士兵数据!N63 -> 314 | P83: 0 | Q83: =士兵数据!P63 -> 148 | R83: 0 | S83: =士兵数据!Q63 -> 85 | T83: 0 | U83: =士兵数据!T63 -> 178 | V83: 0 | W83: 14 | X83: 0 | Y83: 200 | Z83: 1300 | AA83: 400 | AB83: 8 | AC83: 2 | AD83: 70431|71431|72431 | AE83: 0 | AF83: 0 | AG83: 0 | AH83: 0 | AI83: 让你尝尝我法术的味道。 | AJ83: 1.5 | AK83: 3 | AL83: 100 | AM83: 11 | AN83: 0 | AO83: 4 | AP83: 0 | AQ83: 0 | AR83: 90 | AS83: 0 | AT83: 553+1|172+1 | AU83: 0 | AV83: 0
A84: 10000001 | B84: 骷髅射手-召唤 | C84: 11 | D84: 2 | E84: 0 | F84: 7 | G84: 1 | H84: 0 | I84: 0 | J84: monster013 | K84: =J84 -> monster013 | L84: 0 | M84: =士兵数据!L64 -> 0 | N84: 0 | O84: =士兵数据!N64 -> 0 | P84: 0 | Q84: =士兵数据!P64 -> 0 | R84: 0 | S84: =士兵数据!Q64 -> 0 | T84: 0 | U84: =士兵数据!T64 -> 0 | V84: 0 | W84: 12 | X84: 0 | Y84: 1200 | Z84: 1300 | AA84: 400 | AB84: 10 | AC84: =_xlfn.IFS(OR(F84="1",F84="2",F84="7",F84="8"),2,OR(F84="3",F84="4",F84="5",F84="6"),1) -> 2 | AD84: 0 | AE84: 0 | AF84: 0 | AG84: 0 | AH84: 0 | AI84: 让你尝尝我法术的味道。 | AJ84: =AJ82 -> 1.5 | AK84: 1.7 | AL84: 100 | AM84: 11 | AN84: 0 | AO84: 4 | AP84: 0 | AQ84: 0 | AR84: 90 | AS84: 0 | AT84: 553+1|172+1 | AU84: 0 | AV84: 0
A85: 10000002 | B85: 大熊-召唤 | C85: 11 | D85: 2 | E85: 0 | F85: 7 | G85: 1 | H85: 0 | I85: 0 | J85: daxiong_1 | K85: =J85 -> daxiong_1 | L85: 0 | M85: =士兵数据!L65 -> 0 | N85: 0 | O85: =士兵数据!N65 -> 0 | P85: 0 | Q85: =士兵数据!P65 -> 0 | R85: 0 | S85: =士兵数据!Q65 -> 0 | T85: 0 | U85: =士兵数据!T65 -> 0 | V85: 0 | W85: 12 | X85: 0 | Y85: 200 | Z85: 1300 | AA85: 400 | AB85: 8 | AC85: =_xlfn.IFS(OR(F85="1",F85="2",F85="7",F85="8"),2,OR(F85="3",F85="4",F85="5",F85="6"),1) -> 2 | AD85: 23004911 | AE85: 0 | AF85: 0 | AG85: 0 | AH85: 0 | AI85: 让你尝尝我法术的味道。 | AJ85: =AJ84 -> 1.5 | AK85: 1.7 | AL85: 100 | AM85: 11 | AN85: 0 | AO85: 4 | AP85: 0 | AQ85: 0 | AR85: 90 | AS85: 0 | AT85: 553+1|172+1 | AU85: 0 | AV85: 0
A86: 10000003 | B86: 小熊-召唤 | C86: 11 | D86: 2 | E86: 0 | F86: 7 | G86: 1 | H86: 0 | I86: 0 | J86: xiaoxiong_1 | K86: =J86 -> xiaoxiong_1 | L86: 0 | M86: =士兵数据!L66 -> 0 | N86: 0 | O86: =士兵数据!N66 -> 0 | P86: 0 | Q86: =士兵数据!P66 -> 0 | R86: 0 | S86: =士兵数据!Q66 -> 0 | T86: 0 | U86: =士兵数据!T66 -> 0 | V86: 0 | W86: 12 | X86: 0 | Y86: 200 | Z86: 1300 | AA86: 400 | AB86: 8 | AC86: =_xlfn.IFS(OR(F86="1",F86="2",F86="7",F86="8"),2,OR(F86="3",F86="4",F86="5",F86="6"),1) -> 2 | AD86: 0 | AE86: 0 | AF86: 0 | AG86: 0 | AH86: 0 | AI86: 让你尝尝我法术的味道。 | AJ86: =AJ85 -> 1.5 | AK86: 1.7 | AL86: 100 | AM86: 11 | AN86: 0 | AO86: 4 | AP86: 0 | AQ86: 0 | AR86: 90 | AS86: 0 | AT86: 553+1|172+1 | AU86: 0 | AV86: 0

Sheet Sheet2
B1: 人族 | F1: 森林 | J1: 兽族
A2: 1 | B2: 长矛战士 | C2: 金色长矛 | D2: 冠军长矛 | E2: Footman_Blue | F2: 森林狼 | G2: 精英狼 | H2: 远古狼 | I2: Forest Wolf | J2: 兽族斧兵 | K2: 精英斧兵 | L2: 狂战斧兵 | M2: Berserker_Red
A3: 2 | B3: 弓箭手 | C3: 金色射手 | D3: 冠军射手 | E3: Archer_Blue | F3: 胖刺蘑菇 | G3: 剧毒蘑菇 | H3: 蘑菇王 | I3: Evil Mushroom | J3: 兽族火枪 | K3: 精英火枪 | L3: 毁灭火枪 | M3: HeadHunter_Red | O3: 人族女王
A4: 3 | B4: 火球法师 | C4: 红袍法师 | D4: 炎法师 | E4: Mage_Blue | F4: 花精灵 | G4: 高级精灵 | H4: 仙女精灵 | I4: Nymph Fairy | J4: 兽族雷法 | K4: 火红雷法 | L4: 先知雷法 | M4: Warlock_Red | O4: 兽人英雄
A5: 4 | B5: 狮鹫 | C5: 精英狮鹫 | D5: 王国狮鹫 | E5: Griffin_Blue | F5: 石头人 | G5: 铁壁石头 | H5: 守护者 | I5: Forest Golem | J5: 兽族猎手 | K5: 兽族屠夫 | L5: 兽族魔将 | M5: Grunt_Red | O5: 幻境女王
A6: 5 | B6: 重战士 | C6: 钢铁重战 | D6: 王国重战 | E6: Knight_Blue | F6: 森林巨人 | G6: 森林主 | H6: 大地之神 | I6: Treant Guard | J6: 猪骑兵 | K6: 猛猪骑兵 | L6: 兽族战骑 | M6: HogRider_Red | O6: 冰雪女王
A7: 6 | B7: 人族坦克 | C7: 精英坦克 | D7: 皇家坦克 | E7: SiegeEngine_Blue | F7: 五头龙 | G7: 五头巨龙 | H7: 终极巨龙 | I7: FiveHeadDragon | J7: 绿龙 | K7: 金龙 | L7: 雷龙 | M7: Drake_Red | O7: 英灵
A8: 7 | B8: 重骑士 | C8: 精英骑士 | D8: 冠军骑士 | E8: Horseman_Blue | F8: 凤凰 | G8: 凤凰 | H8: 凤凰 | I8: phoenix | J8: 独眼 | K8: 独眼巨人 | L8: 独眼王 | M8: Cyclops | O8: 审判天使
A9: 8 | B9: 贤法师 | C9: 黑袍法师 | D9: 白袍法师 | E9: Archmage | F9: 黑龙 | G9: 暗黑龙 | H9: 灭世龙 | I9: TigerDragoBlack | J9: 巨兽 | K9: 千年巨兽 | L9: 万年巨兽 | M9: YuanGuJuRen | O9: 死亡之主
A10: 9 | B10: 天使 | C10: 大天使 | D10: 圣天使 | E10: KaiEr | F10: 圣龙 | G10: 圣龙 | H10: 圣龙 | I10: highDragon | J10: 远古巨龙 | K10: 远古巨龙 | L10: 远古巨龙 | M10: kingDragon | O10: 骷髅法师
O11: 诱惑魔女
O12: 古之龙
O13: 末日火
B14: 冰雪 | F14: 地狱 | J14: 亡灵 | O14: 吸血伯爵
B15: 雪巫师 | C15: 冰巫师 | D15: 极寒巫师 | E15: Goblin Mage | F15: 恶魔之子 | G15: 恶魔之火 | H15: 恶魔之雷 | I15: Cute Devil | J15: 稻草人 | K15: 精英稻草 | L15: 无畏稻草 | M15: Scarecrow Purple | O15: 秩序古法
B16: 霜灵 | C16: 冰灵 | D16: 护冰灵 | E16: Treant | F16: 远古恶魔2 | G16: 远古恶魔2 | H16: 远古恶魔2 | I16: demon_grunt | J16: 鬼树 | K16: 魂灵树 | L16: 暗灵树 | M16: Dark Treant | O16: 地狱魔王
B17: 三尾狼 | C17: 三尾座狼 | D17: 冻魔狼 | E17: Snow Wolf | F17: 远古恶魔3 | G17: 远古恶魔3 | H17: 远古恶魔3 | I17: demon_bomb | J17: 王蛇 | K17: 幽冥蛇 | L17: 绝蛇 | M17: King Cobra
B18: 雪女 | C18: 雪语 | D18: 雪女神 | E18: Elemental Sorceress | F18: 光线巫师 | G18: 魔术巫师 | H18: 炎巫 | I18: One Eyed | J18: 鬼长矛 | K18: 幽魂长矛 | L18: 虚空长矛 | M18: Wraith Spearman
B19: 蛮熊 | C19: 蛮熊将军 | D19: 冰域霸主 | E19: Big Bear | F19: 夜魔 | G19: 魅魔 | H19: 梦境魔女 | I19: Succubus | J19: 鬼重战 | K19: 幽魂重战 | L19: 虚空重战 | M19: Wraith Swordsman
B20: 蛇女 | C20: 蛇女战士 | D20: 剑蛇姬 | E20: SnakeMonster | F20: 牛头人 | G20: 牛魔将 | H20: 牛魔王 | I20: niutouren | J20: 巫妖 | K20: 巫妖王 | L20: 不死者之王 | M20: Lich
B21: 寒冰人 | C21: 寒冰巨人 | D21: 寒冰泰坦 | E21: Snow Titan | F21: 地狱兽 | G21: 地狱巨兽 | H21: 深渊巨兽 | I21: Hell Creeper | J21: 黑骑士 | K21: 亡灵骑士 | L21: 毁灭骑士 | M21: undeadKnight
B22: 泰坦 | C22: 泰坦巨人 | D22: 泰坦神 | E22: Titan | F22: 恶魔 | G22: 大恶魔 | H22: 末日魔王 | I22: Fire Demon | J22: 骨龙 | K22: 骨龙 | L22: 骨龙 | M22: boneDragon
B23: 魔法龙 | C23: 魔法龙 | D23: 魔法龙 | E23: magicDragon | F23: 熔岩龙 | G23: 熔岩龙 | H23: 熔岩龙 | I23: lavaDragon | J23: 蜘蛛女王 | K23: 恐怖蜘蛛 | L23: 绝望蜘蛛 | M23: Spider Venom

Sheet 备份
A1: ID | B1: Name | C1: Camp | D1: Type | E1: Cost | F1: Career | G1: SoldierLv | H1: Quality | I1: Star | J1: Icon | K1: Icon1 | L1: Audio | M1: HP | N1: UpHP | O1: Atk | P1: UpAtk | Q1: Def | R1: UpDef | S1: Ap | T1: UpAp | U1: Mdef | V1: UpMdef | W1: Dex | X1: UpDex | Y1: Range | Z1: Warn | AA1: Move | AB1: AtkCd | AC1: AtkGoal | AD1: Talent | AE1: InitCareer | AF1: Synthesis | AG1: Show | AH1: SoldierShow | AI1: SplashTalk | AJ1: Amplify1 | AK1: Amplify2 | AL1: Camp | AM1: FlyOrLand | AN1: LockLv | AO1: Shop | AP1: Persent | AQ1: Leader | AR1: UpLeader | AS1: Skill | AT1: Mp | AU1: UpMp
A2: int | B2: string | C2: int | D2: int | E2: int | F2: int | G2: int | H2: int | I2: int | J2: string | K2: string | L2: string | M2: int | N2: float | O2: int | P2: float | Q2: int | R2: float | S2: int | T2: float | U2: int | V2: float | W2: int | X2: float | Y2: int | Z2: int | AA2: int | AB2: int | AC2: int | AD2: string | AE2: string | AF2: string | AG2: int | AH2: string | AI2: string | AJ2: float | AK2: float | AL2: int | AM2: int | AN2: int | AO2: int | AP2: int | AQ2: int | AR2: float | AS2: string | AT2: int | AU2: float
A3: id | B3: 名字 | C3: 种族 | D3: 类型1 | E3: 花费 | F3: 初始职业 | G3: 士兵等级 | H3: 品质（D-SSS） | I3: 初始星级 | J3: 模型 | K3: 图标 | L3: 配音资源 | M3: 生命值 | N3: 生命值成长 | O3: 攻击 | P3: 攻击每级成长值 | Q3: 防御 | R3: 防御每级成长值 | S3: 魔力 | T3: 魔力每级成长值 | U3: 魔防 | V3: 魔防值每级成长值 | W3: 技巧 | X3: 技巧加成 | Y3: 攻击距离 | Z3: 警戒范围 | AA3: 移速 | AB3: 攻击间隔/8 | AC3: 攻击目标 | AD3: 携带天赋 | AE3: 初始职业 | AF3: 重复获得和合成 | AG3: 分解道具碎片展示 | AH3: 兵种展示 | AI3: boss闪屏的话 | AJ3: 查看界面放大 | AK3: 地图模型放大 | AL3: 种族 | AM3: 类型0地面1飞兵 | AN3: 解锁章节 | AO3: 购买价格 | AP3: 抽卡概率权重值 | AQ3: 英雄领导力 | AR3: 领导力成长 | AS3: 技能 | AT3: 魔法值 | AU3: 魔法值每级成长值
A4: 11001 | B4: 玛伦 | C4: 1 | D4: 1 | E4: 0 | F4: 1 | G4: 0 | H4: 1 | I4: 1 | J4: Mahlon.1 | K4: Mahlon.1 | L4: Mahlon_01,Mahlon_02,Mahlon_03 | M4: 600 | N4: 10 | O4: 68 | P4: 1.9 | Q4: 31 | R4: 1.3 | S4: 41 | T4: 1.1 | U4: 26 | V4: 1.2 | W4: 14 | X4: 1 | Y4: 200 | Z4: =MIN(Y4+400,1100) -> 600 | AA4: 300 | AB4: 8 | AC4: =_xlfn.IFS(OR(F4="1",F4="2",F4="7",F4="8"),2,OR(F4="3",F4="4",F4="5",F4="6"),1) -> 2 | AD4: 110011|110012|110013|110014|110010|110016|110017 | AE4: 110002 | AF4: 101001:5 | AG4: 101001 | AH4: 111002:121001:131001:141001:151001:161002 | AI4: 0 | AJ4: 1 | AK4: 1 | AL4: 3 | AM4: 0 | AN4: 0 | AO4: 2500 | AP4: 8 | AQ4: 60 | AR4: 12 | AS4: 514+1|0+0|516+0|-1+0|701+0|-1+0|174+0|-1+0|801+0 | AT4: 0 | AU4: 0
A5: 12001 | B5: 克莱斯 | C5: 1 | D5: 1 | E5: 0 | F5: 2 | G5: 0 | H5: 1 | I5: 1 | J5: Kress.1 | K5: Kress.1 | L5: Kress_01,Kress_02,Kress_03 | M5: 590 | N5: 14 | O5: 71 | P5: 2 | Q5: 28 | R5: 1.2 | S5: 38 | T5: 1.1 | U5: 25 | V5: 1.2 | W5: 16 | X5: 1 | Y5: 200 | Z5: =MIN(Y5+400,1100) -> 600 | AA5: 450 | AB5: 8 | AC5: =_xlfn.IFS(OR(F5="1",F5="2",F5="7",F5="8"),2,OR(F5="3",F5="4",F5="5",F5="6"),1) -> 2 | AD5: 110021|110015|110023|110024|110025|110026|110027 | AE5: 110003 | AF5: 102001:5 | AG5: 102001 | AH5: 811001:821001:731001:241001:251001:161001 | AI5: 0 | AJ5: 1 | AK5: 1 | AL5: 1 | AM5: 1 | AN5: 0 | AO5: 3000 | AP5: 3 | AQ5: 45 | AR5: 8 | AS5: 560+1|0+0|903+0|-1+0|704+0|-1+0|179+0|-1+0|804+0 | AT5: 0 | AU5: 0
A6: 13001 | B6: 艾丝琳 | C6: 1 | D6: 1 | E6: 0 | F6: 3 | G6: 0 | H6: 1 | I6: 1 | J6: Eileen.1 | K6: Eileen.1 | L6: Eileen_01,Eileen_02,Eileen_03 | M6: 500 | N6: 12 | O6: 62 | P6: 1.7 | Q6: 21 | R6: 1 | S6: 34 | T6: 1.2 | U6: 23 | V6: 1.3 | W6: 15 | X6: 1 | Y6: 1200 | Z6: =MIN(Y6+400,1100) -> 1100 | AA6: 300 | AB6: 10 | AC6: =_xlfn.IFS(OR(F6="1",F6="2",F6="7",F6="8"),2,OR(F6="3",F6="4",F6="5",F6="6"),1) -> 1 | AD6: 110031|110032|110033|110034|110035|110036|110037 | AE6: 110004 | AF6: 103001:5 | AG6: 103001 | AH6: 111002:321001:331001:341001:351001:361001 | AI6: 0 | AJ6: 1 | AK6: 1 | AL6: 2 | AM6: 0 | AN6: 2 | AO6: 2500 | AP6: 14 | AQ6: 30 | AR6: 9 | AS6: 510+1|0+0|503+0|-1+0|703+0|-1+0|174+0|-1+0|803+0 | AT6: 0 | AU6: 0
A7: 14001 | B7: 克莱亚 | C7: 1 | D7: 1 | E7: 0 | F7: 4 | G7: 0 | H7: 1 | I7: 1 | J7: Lela.1 | K7: Lela.1 | L7: Lela_01,Lela_02,Lela_03 | M7: 570 | N7: 13.5 | O7: 66 | P7: 2 | Q7: 26 | R7: 1.2 | S7: 43 | T7: 1.2 | U7: 28 | V7: 1.4 | W7: 18 | X7: 1 | Y7: 200 | Z7: =MIN(Y7+400,1100) -> 600 | AA7: 450 | AB7: 8 | AC7: =_xlfn.IFS(OR(F7="1",F7="2",F7="7",F7="8"),2,OR(F7="3",F7="4",F7="5",F7="6"),1) -> 1 | AD7: 110041|110042|110043|110044|110045|110046|110047 | AE7: 110005 | AF7: 104001:5 | AG7: 104001 | AH7: 411001:121001:431001:441001:451001:461001 | AI7: 0 | AJ7: 1 | AK7: 1 | AL7: 3 | AM7: 0 | AN7: 2 | AO7: 2500 | AP7: 4 | AQ7: 60 | AR7: 10 | AS7: 505+1|0+0|511+0|-1+0|702+0|-1+0|175+0|-1+0|802+0 | AT7: 0 | AU7: 0
A8: 15001 | B8: 法拉 | C8: 2 | D8: 1 | E8: 0 | F8: 5 | G8: 0 | H8: 1 | I8: 1 | J8: Farad.1 | K8: Farad.1 | L8: Farad_01,Farad_02,Farad_03 | M8: 500 | N8: 11 | O8: 45 | P8: 2 | Q8: 15 | R8: 1 | S8: 63 | T8: 2 | U8: 30 | V8: 1.6 | W8: 12 | X8: 1 | Y8: 1200 | Z8: =MIN(Y8+400,1100) -> 1100 | AA8: 300 | AB8: 10 | AC8: =_xlfn.IFS(OR(F8="1",F8="2",F8="7",F8="8"),2,OR(F8="3",F8="4",F8="5",F8="6"),1) -> 1 | AD8: 110051|110052|110053|110054|110055|110056|110057 | AE8: 110006 | AF8: 105001:5 | AG8: 105001 | AH8: 111001:521001:531001:541001:351001:561001 | AI8: 0 | AJ8: 1 | AK8: 1 | AL8: 2 | AM8: 1 | AN8: 2 | AO8: 3000 | AP8: 3 | AQ8: 40 | AR8: 11 | AS8: 529+1|0+0|530+0|-1+0|705+0|-1+0|179+0|-1+0|805+0 | AT8: 0 | AU8: 0
A9: 16001 | B9: 米娜 | C9: 2 | D9: 1 | E9: 0 | F9: 6 | G9: 0 | H9: 1 | I9: 1 | J9: Mina.1 | K9: Mina.1 | L9: Mina_01,Mina_02,Mina_03 | M9: 530 | N9: 12 | O9: 50 | P9: 1.9 | Q9: 21 | R9: 1.1 | S9: 55 | T9: 1.9 | U9: 40 | V9: 1.8 | W9: 10 | X9: 1 | Y9: 1200 | Z9: =MIN(Y9+400,1100) -> 1100 | AA9: 300 | AB9: 10 | AC9: =_xlfn.IFS(OR(F9="1",F9="2",F9="7",F9="8"),2,OR(F9="3",F9="4",F9="5",F9="6"),1) -> 1 | AD9: 110061|110062|110063|110064|110065|110066|110067 | AE9: 110007 | AF9: 106001:5 | AG9: 106001 | AH9: 111001:621001:631001:641001:651001:661001 | AI9: 0 | AJ9: 1 | AK9: 1 | AL9: 1 | AM9: 0 | AN9: 2 | AO9: 3000 | AP9: 8 | AQ9: 45 | AR9: 12 | AS9: 523+1|0+0|572+0|-1+0|706+0|-1+0|176+0|-1+0|806+0 | AT9: 0 | AU9: 0
A10: 21001 | B10: 迈森 | C10: 1 | D10: 1 | E10: 0 | F10: 1 | G10: 0 | H10: 2 | I10: 2 | J10: Meissen.1 | K10: Meissen.1 | L10: Meissen_01,Meissen_02,Meissen_03 | M10: 645 | N10: 16.5 | O10: 72 | P10: 2.1 | Q10: 39 | R10: 1.4 | S10: 44 | T10: 1.2 | U10: 29 | V10: 1.3 | W10: 10 | X10: 1 | Y10: 200 | Z10: =MIN(Y10+400,1100) -> 600 | AA10: 300 | AB10: 8 | AC10: =_xlfn.IFS(OR(F10="1",F10="2",F10="7",F10="8"),2,OR(F10="3",F10="4",F10="5",F10="6"),1) -> 2 | AD10: 120011|120012|120013|120014|120010|120016|120017 | AE10: 120001 | AF10: 201001:20 | AG10: 201001 | AH10: 111002:121001:131001:341002:151001:161002 | AI10: 0 | AJ10: 1 | AK10: 1 | AL10: 2 | AM10: 1 | AN10: 3 | AO10: 4000 | AP10: 3 | AQ10: 30 | AR10: 10 | AS10: 509+1|0+0|901+0|-1+0|709+0|-1+0|177+0|-1+0|809+0 | AT10: 0 | AU10: 0
A11: 22001 | B11: 格莱 | C11: 1 | D11: 1 | E11: 0 | F11: 2 | G11: 0 | H11: 2 | I11: 2 | J11: Glay.1 | K11: Glay.1 | L11: Glay_01,Glay_02,Glay_03 | M11: 634 | N11: 10.4 | O11: 75 | P11: 2.2 | Q11: 36 | R11: 1.3 | S11: 41 | T11: 1.2 | U11: 28 | V11: 1.3 | W11: 17 | X11: 1 | Y11: 200 | Z11: =MIN(Y11+400,1100) -> 600 | AA11: 450 | AB11: 8 | AC11: =_xlfn.IFS(OR(F11="1",F11="2",F11="7",F11="8"),2,OR(F11="3",F11="4",F11="5",F11="6"),1) -> 2 | AD11: 120021|120022|120023|120024|120025|120026|120027 | AE11: 120002 | AF11: 202001:20 | AG11: 202001 | AH11: 111002:221001:231001:341002:151001:261001 | AI11: 0 | AJ11: 1 | AK11: 1 | AL11: 3 | AM11: 1 | AN11: 3 | AO11: 3500 | AP11: 3 | AQ11: 70 | AR11: 16 | AS11: 507+1|0+0|549+0|-1+0|710+0|-1+0|174+0|-1+0|810+0 | AT11: 0 | AU11: 0
A12: 23001 | B12: 蒂亚 | C12: 1 | D12: 1 | E12: 0 | F12: 3 | G12: 0 | H12: 2 | I12: 2 | J12: Tia.1 | K12: Tia.1 | L12: Tia_01,Tia_02,Tia_03 | M12: 535 | N12: 13.2 | O12: 68 | P12: 2.1 | Q12: 29 | R12: 1.1 | S12: 37 | T12: 1.3 | U12: 25 | V12: 1.4 | W12: 24 | X12: 1 | Y12: 1200 | Z12: =MIN(Y12+400,1100) -> 1100 | AA12: 300 | AB12: 10 | AC12: =_xlfn.IFS(OR(F12="1",F12="2",F12="7",F12="8"),2,OR(F12="3",F12="4",F12="5",F12="6"),1) -> 1 | AD12: 120031|120032|120033|120034|120035|120036|120037 | AE12: 120003 | AF12: 201001:20 | AG12: 203001 | AH12: 111002:321001:331001:341002:351001:361001 | AI12: 0 | AJ12: 1 | AK12: 1 | AL12: 2 | AM12: 1 | AN12: 4 | AO12: 3500 | AP12: 3 | AQ12: 30 | AR12: 17 | AS12: 569+1|0+0|162+0|-1+0|711+0|-1+0|175+0|-1+0|811+0 | AT12: 0 | AU12: 0
A13: 24001 | B13: 卡秋雅 | C13: 1 | D13: 1 | E13: 0 | F13: 4 | G13: 0 | H13: 2 | I13: 2 | J13: Kachuya.1 | K13: Kachuya.1 | L13: Kachuya_01,Kachuya_02,Kachuya_03 | M13: 612 | N13: 14.9 | O13: 72 | P13: 2.2 | Q13: 34 | R13: 1.3 | S13: 47 | T13: 1.3 | U13: 32 | V13: 1.5 | W13: 20 | X13: 1 | Y13: 200 | Z13: =MIN(Y13+400,1100) -> 600 | AA13: 450 | AB13: 8 | AC13: =_xlfn.IFS(OR(F13="1",F13="2",F13="7",F13="8"),2,OR(F13="3",F13="4",F13="5",F13="6"),1) -> 1 | AD13: 120041|120042|120043|120044|120045|120046|120047 | AE13: 120004 | AF13: 204001:20 | AG13: 204001 | AH13: 411001:221001:431001:441001:451001:461002 | AI13: 0 | AJ13: 1 | AK13: 1 | AL13: 3 | AM13: 1 | AN13: 4 | AO13: 3500 | AP13: 8 | AQ13: 60 | AR13: 18 | AS13: 570+1|0+0|517+0|-1+0|712+0|-1+0|179+0|-1+0|812+0 | AT13: 0 | AU13: 0
A14: 25001 | B14: 索尼娅 | C14: 2 | D14: 1 | E14: 0 | F14: 5 | G14: 0 | H14: 2 | I14: 2 | J14: Sonia.1 | K14: Sonia.1 | L14: Sonia_01,Sonia_02,Sonia_03 | M14: 535 | N14: 12.1 | O14: 57 | P14: 2.5 | Q14: 25 | R14: 1.1 | S14: 71 | T14: 2.5 | U14: 33 | V14: 1.8 | W14: 13 | X14: 1 | Y14: 1200 | Z14: =MIN(Y14+400,1100) -> 1100 | AA14: 300 | AB14: 10 | AC14: =_xlfn.IFS(OR(F14="1",F14="2",F14="7",F14="8"),2,OR(F14="3",F14="4",F14="5",F14="6"),1) -> 1 | AD14: 120051|120052|120053|120054|120055|120056|120057 | AE14: 120005 | AF14: 205001:20 | AG14: 205001 | AH14: 111002:521001:531002:541001:151001:561001 | AI14: 0 | AJ14: 1 | AK14: 1 | AL14: 1 | AM14: 1 | AN14: 4 | AO14: 3500 | AP14: 4 | AQ14: 45 | AR14: 19 | AS14: 567+1|0+0|568+0|-1+0|713+0|-1+0|178+0|-1+0|813+0 | AT14: 0 | AU14: 0
A15: 26001 | B15: 莱恩 | C15: 2 | D15: 1 | E15: 0 | F15: 6 | G15: 0 | H15: 2 | I15: 2 | J15: Ryan.1 | K15: Ryan.1 | L15: Ryan_01,Ryan_02,Ryan_03 | M15: 568 | N15: 13.2 | O15: 55 | P15: 2.3 | Q15: 30 | R15: 1.2 | S15: 64 | T15: 2.3 | U15: 45 | V15: 2 | W15: 11 | X15: 1 | Y15: 1200 | Z15: =MIN(Y15+400,1100) -> 1100 | AA15: 300 | AB15: 10 | AC15: =_xlfn.IFS(OR(F15="1",F15="2",F15="7",F15="8"),2,OR(F15="3",F15="4",F15="5",F15="6"),1) -> 1 | AD15: 120061|120062|120063|120064|120065|120066|120067 | AE15: 120006 | AF15: 206001:20 | AG15: 206001 | AH15: 111002:621001:631001:641002:651001:661001 | AI15: 0 | AJ15: 1 | AK15: 1 | AL15: 1 | AM15: 1 | AN15: 4 | AO15: 3500 | AP15: 14 | AQ15: 45 | AR15: 20 | AS15: 565+1|0+0|566+0|-1+0|714+0|-1+0|178+0|-1+0|814+0 | AT15: 0 | AU15: 0
A16: 28001 | B16: 姆多 | C16: 1 | D16: 1 | E16: 0 | F16: 8 | G16: 0 | H16: 2 | I16: 2 | J16: Mudo.1 | K16: Mudo.1 | L16: Mudo_01,Mudo_02,Mudo_03 | M16: 623 | N16: 19.8 | O16: 76 | P16: 2.1 | Q16: 33 | R16: 1.3 | S16: 38 | T16: 1.1 | U16: 18 | V16: 1.1 | W16: 26 | X16: 1 | Y16: 200 | Z16: =MIN(Y16+400,1100) -> 600 | AA16: 300 | AB16: 8 | AC16: =_xlfn.IFS(OR(F16="1",F16="2",F16="7",F16="8"),2,OR(F16="3",F16="4",F16="5",F16="6"),1) -> 2 | AD16: 120071|120072|120073|120074|120075|120076|120077 | AE16: 120007 | AF16: 208001:20 | AG16: 208001 | AH16: 711001:721001:831001:741002:751001:161001 | AI16: 0 | AJ16: 1 | AK16: 1 | AL16: 1 | AM16: 1 | AN16: 4 | AO16: 3500 | AP16: 14 | AQ16: 45 | AR16: 20 | AS16: 565+1|0+0|566+0|-1+0|714+0|-1+0|178+0|-1+0|814+0 | AT16: 0 | AU16: 0
A17: 31001 | B17: 亚瑟 | C17: 1 | D17: 1 | E17: 0 | F17: 1 | G17: 0 | H17: 3 | I17: 3 | J17: Arthur.1 | K17: Arthur.1 | L17: Arthur_01,Arthur_02,Arthur_03 | M17: 690 | N17: 19.8 | O17: 80 | P17: 2.5 | Q17: 46 | R17: 1.7 | S17: 47 | T17: 1.4 | U17: 32 | V17: 1.6 | W17: 17 | X17: 1 | Y17: 200 | Z17: =MIN(Y17+400,1100) -> 600 | AA17: 300 | AB17: 8 | AC17: =_xlfn.IFS(OR(F17="1",F17="2",F17="7",F17="8"),2,OR(F17="3",F17="4",F17="5",F17="6"),1) -> 2 | AD17: 1300011|1300012|1300013|1300014|1300015|1300016|1300017 | AE17: 130001 | AF17: 301001:60 | AG17: 301001 | AH17: 111002:221001:231001:141002:351001:261001:161002 | AI17: 0 | AJ17: 1 | AK17: 1 | AL17: 1 | AM17: 0 | AN17: 5 | AO17: 3500 | AP17: 3 | AQ17: 45 | AR17: 21 | AS17: 506+1|0+0|564+0|-1+0|710+0|-1+0|176+0|-1+0|810+0 | AT17: 0 | AU17: 0
A18: 31002 | B18: 蕾贝卡 | C18: 1 | D18: 1 | E18: 0 | F18: 2 | G18: 0 | H18: 3 | I18: 3 | J18: Rebecca.1 | K18: Rebecca.1 | L18: Rebecca_01,Rebecca_02,Rebecca_03 | M18: 678 | N18: 18.5 | O18: 83 | P18: 2.6 | Q18: 42 | R18: 1.6 | S18: 44 | T18: 1.4 | U18: 32 | V18: 1.6 | W18: 19 | X18: 1 | Y18: 200 | Z18: =MIN(Y18+400,1100) -> 600 | AA18: 450 | AB18: 8 | AC18: =_xlfn.IFS(OR(F18="1",F18="2",F18="7",F18="8"),2,OR(F18="3",F18="4",F18="5",F18="6"),1) -> 2 | AD18: 1300021|1300022|1300023|1300024|1300025|1300026|1300027 | AE18: 130002 | AF18: 301002:60 | AG18: 301002 | AH18: 111002:221001:231001:341002:151001:261001:161002 | AI18: 0 | AJ18: 1 | AK18: 1 | AL18: 1 | AM18: 0 | AN18: 5 | AO18: 3500 | AP18: 3 | AQ18: 45 | AR18: 21 | AS18: 506+1|0+0|564+0|-1+0|710+0|-1+0|176+0|-1+0|810+0 | AT18: 0 | AU18: 0
A19: 32001 | B19: 罗宾 | C19: 1 | D19: 1 | E19: 0 | F19: 3 | G19: 0 | H19: 3 | I19: 3 | J19: Robin.1 | K19: Robin.1 | L19: Robin_01,Robin_02,Robin_03 | M19: 606 | N19: 10.8 | O19: 64 | P19: 2.5 | Q19: 28 | R19: 1.3 | S19: 41 | T19: 1.6 | U19: 31 | V19: 1.7 | W19: 26 | X19: 1 | Y19: 1200 | Z19: =MIN(Y19+400,1100) -> 1100 | AA19: 300 | AB19: 10 | AC19: =_xlfn.IFS(OR(F19="1",F19="2",F19="7",F19="8"),2,OR(F19="3",F19="4",F19="5",F19="6"),1) -> 1 | AD19: 1300031|1300032|1300033|1300034|1300035|1300036|1300037 | AE19: 130003 | AF19: 302001:60 | AG19: 302001 | AH19: 111002:321001:331001:341002:751002:361001:361002 | AI19: 0 | AJ19: 1 | AK19: 1 | AL19: 3 | AM19: 0 | AN19: 5 | AO19: 3500 | AP19: 3 | AQ19: 60 | AR19: 15 | AS19: 562+1|0+0|563+0|-1+0|716+0|-1+0|175+0|-1+0|816+0 | AT19: 0 | AU19: 0
A20: 33001 | B20: 兰斯 | C20: 1 | D20: 1 | E20: 0 | F20: 1 | G20: 0 | H20: 3 | I20: 3 | J20: Lance.1 | K20: Lance.1 | L20: Lance_01,Lance_02,Lance_03 | M20: 750 | N20: 25.1 | O20: 61 | P20: 1.6 | Q20: 55 | R20: 2 | S20: 46 | T20: 1.3 | U20: 37 | V20: 1.3 | W20: 13 | X20: 1 | Y20: 200 | Z20: =MIN(Y20+400,1100) -> 600 | AA20: 300 | AB20: 8 | AC20: =_xlfn.IFS(OR(F20="1",F20="2",F20="7",F20="8"),2,OR(F20="3",F20="4",F20="5",F20="6"),1) -> 2 | AD20: 1300041|1300042|1300043|1300044|1300045|1300046|1300047 | AE20: 130004 | AF20: 303001:60 | AG20: 303001 | AH20: 111002:221001:231001:141002:351001:261001:361001 | AI20: 0 | AJ20: 1 | AK20: 1 | AL20: 1 | AM20: 0 | AN20: 5 | AO20: 4000 | AP20: 4 | AQ20: 45 | AR20: 23 | AS20: 212+1|0+0|101+0|-1+0|708+0|-1+0|176+0|-1+0|820+0 | AT20: 0 | AU20: 0
A21: 34001 | B21: 贝尔 | C21: 1 | D21: 1 | E21: 0 | F21: 4 | G21: 0 | H21: 3 | I21: 3 | J21: Bel.1 | K21: Bel.1 | L21: Bel_01,Bel_02,Bel_03 | M21: 654 | N21: 17.9 | O21: 78 | P21: 2.6 | Q21: 40 | R21: 1.6 | S21: 50 | T21: 1.6 | U21: 35 | V21: 1.8 | W21: 21 | X21: 1 | Y21: 200 | Z21: =MIN(Y21+400,1100) -> 600 | AA21: 450 | AB21: 8 | AC21: =_xlfn.IFS(OR(F21="1",F21="2",F21="7",F21="8"),2,OR(F21="3",F21="4",F21="5",F21="6"),1) -> 1 | AD21: 1300051|1300052|1300053|1300054|1300055|1300056|1300057 | AE21: 130005 | AF21: 304001:60 | AG21: 304001 | AH21: 411001:221001:431001:741003:451001:761002:861001 | AI21: 0 | AJ21: 1 | AK21: 1 | AL21: 2 | AM21: 0 | AN21: 5 | AO21: 3500 | AP21: 14 | AQ21: 30 | AR21: 24 | AS21: 908+1|0+0|573+0|-1+0|707+0|-1+0|177+0|-1+0|818+0 | AT21: 0 | AU21: 0
... A25: 37002 | B25: 卢比 | C25: 1 | D25: 1 | E25: 0 | F25: 7 | G25: 0 | H25: 3 | I25: 3 | J25: Ruby.1 | K25: Ruby.1 | L25: Ruby_01,Ruby_02,Ruby_03 | M25: 666 | N25: 23.8 | O25: 71 | P25: 2.5 | Q25: 39 | R25: 1.6 | S25: 41 | T25: 1.3 | U25: 20 | V25: 1.3 | W25: 29 | X25: 1 | Y25: 200 | Z25: =MIN(Y25+400,1100) -> 600 | AA25: 300 | AB25: 8 | AC25: =_xlfn.IFS(OR(F25="1",F25="2",F25="7",F25="8"),2,OR(F25="3",F25="4",F25="5",F25="6"),1) -> 2 | AD25: 1300091|1300092|1300093|1300094|1300095|1300096|1300097 | AE25: 130009 | AF25: 307002:60 | AG25: 307002 | AH25: 711001:821001:831001:741002:851001:161001:761001 | AI25: 0 | AJ25: 1 | AK25: 1 | AL25: 3 | AM25: 1 | AN25: 6 | AO25: 3500 | AP25: 3 | AQ25: 30 | AR25: 25 | AS25: 512+1|0+0|574+0|-1+0|702+0|-1+0|175+0|-1+0|819+0 | AT25: 0 | AU25: 0
A26: 38001 | B26: 莫妮卡 | C26: 2 | D26: 1 | E26: 0 | F26: 8 | G26: 0 | H26: 3 | I26: 3 | J26: Monica.1 | K26: Monica.1 | L26: Monica_01,Monica_02,Monica_03 | M26: 682 | N26: 14.5 | O26: 68 | P26: 2.7 | Q26: 28 | R26: 1.3 | S26: 82 | T26: 2.7 | U26: 37 | V26: 2.2 | W26: 14 | X26: 1 | Y26: 1200 | Z26: =MIN(Y26+400,1100) -> 1100 | AA26: 300 | AB26: 10 | AC26: 1 | AD26: 1300101|1300102|1300103|1300104|1300105|1300106|1300107 | AE26: 130010 | AF26: 308001:60 | AG26: 308001 | AH26: 811001:821001:831001:841001:551001:761001:361003 | AI26: 0 | AJ26: 1 | AK26: 1 | AL26: 1 | AM26: 0 | AN26: 6 | AO26: 4000 | AP26: 3 | AQ26: 30 | AR26: 26 | AS26: 501+1|0+0|107+0|-1+0|706+0|-1+0|176+0|-1+0|817+0 | AT26: 0 | AU26: 0
A27: 38002 | B27: 迪蒙 | C27: 1 | D27: 1 | E27: 0 | F27: 8 | G27: 0 | H27: 3 | I27: 3 | J27: Dimon.1 | K27: Dimon.1 | L27: dimon_01,dimon_02,dimon_03 | M27: 690 | N27: 20 | O27: 62 | P27: 1.3 | Q27: 53 | R27: 1.2 | S27: 34 | T27: 1 | U27: 45 | V27: 1.9 | W27: 14 | X27: 1 | Y27: 200 | Z27: =MIN(Y27+400,1100) -> 600 | AA27: 300 | AB27: 8 | AC27: =_xlfn.IFS(OR(F27="1",F27="2",F27="7",F27="8"),2,OR(F27="3",F27="4",F27="5",F27="6"),1) -> 2 | AD27: 1300111|1300112|1300113|1300114|1300115|1300116|1300117 | AE27: 130011 | AF27: 308002:60 | AG27: 308002 | AH27: 711001:821001:831001:741002:251002:161001:761001 | AI27: 0 | AJ27: 1 | AK27: 1 | AL27: 1 | AM27: 0 | AN27: 6 | AO27: 4000 | AP27: 3 | AQ27: 30 | AR27: 26 | AS27: 501+1|0+0|107+0|-1+0|706+0|-1+0|176+0|-1+0|817+0 | AT27: 0 | AU27: 0
A28: 111001 | B28: 步兵 | C28: 11 | D28: 2 | E28: 1:80 | F28: 1 | G28: 1 | H28: 0 | I28: 0 | J28: bubing01_Lv1 | K28: bubing01_Lv1 | M28: =士兵数据!L2 -> 296 | N28: 0 | O28: =士兵数据!N2 -> 81 | P28: 0 | Q28: =士兵数据!P2 -> 37 | R28: 0 | S28: =士兵数据!R2 -> 60 | T28: 0 | U28: =士兵数据!T2 -> 31 | V28: 0 | W28: =士兵数据!V2 -> 10 | X28: 0 | Y28: 200 | Z28: =MIN(Y28+400,1100) -> 600 | AA28: 300 | AB28: 8 | AC28: =_xlfn.IFS(OR(F28="1",F28="2",F28="7",F28="8"),2,OR(F28="3",F28="4",F28="5",F28="6"),1) -> 2 | AD28: 70011|71011 | AE28: 0 | AF28: 0 | AG28: 0 | AH28: 0 | AI28: 看我手中的长矛可会放过你。 | AJ28: 1 | AK28: 1 | AL28: 11 | AM28: 0 | AN28: 2 | AO28: 0 | AP28: 0 | AQ28: 20 | AR28: 0 | AS28: 553+1|105+1 | AT28: 0 | AU28: 0
A29: 111002 | B29: 枪兵 | C29: 11 | D29: 2 | E29: 1:80 | F29: 1 | G29: 1 | H29: 0 | I29: 0 | J29: bubing02_Lv1 | K29: bubing02_Lv1 | M29: =士兵数据!L3 -> 348 | N29: 0 | O29: =士兵数据!N3 -> 77 | P29: 0 | Q29: =士兵数据!P3 -> 63 | R29: 0 | S29: =士兵数据!R3 -> 61 | T29: 0 | U29: =士兵数据!T3 -> 54 | V29: 0 | W29: =士兵数据!V3 -> 10 | X29: 0 | Y29: 200 | Z29: =MIN(Y29+400,1100) -> 600 | AA29: 300 | AB29: 8 | AC29: =_xlfn.IFS(OR(F29="1",F29="2",F29="7",F29="8"),2,OR(F29="3",F29="4",F29="5",F29="6"),1) -> 2 | AD29: 70021|71021 | AE29: 0 | AF29: 0 | AG29: 0 | AH29: 0 | AI29: 看我手中的长矛可会放过你。 | AJ29: =AJ28 -> 1 | AK29: 1 | AL29: 11 | AM29: 0 | AN29: 4 | AO29: 0 | AP29: 0 | AQ29: 90 | AR29: 0 | AS29: 553+1|172+1 | AT29: 0 | AU29: 0
A30: 121001 | B30: 重装步兵 | C30: 11 | D30: 2 | E30: 1:110 | F30: 1 | G30: 2 | H30: 0 | I30: 0 | J30: bubing01_Lv2 | K30: bubing01_Lv2 | M30: =士兵数据!L4 -> 676 | N30: 0 | O30: =士兵数据!N4 -> 101 | P30: 0 | Q30: =士兵数据!P4 -> 73 | R30: 0 | S30: =士兵数据!R4 -> 85 | T30: 0 | U30: =士兵数据!T4 -> 63 | V30: 0 | W30: =士兵数据!V4 -> 11 | X30: 0 | Y30: 200 | Z30: =MIN(Y30+400,1100) -> 600 | AA30: 300 | AB30: 8 | AC30: =_xlfn.IFS(OR(F30="1",F30="2",F30="7",F30="8"),2,OR(F30="3",F30="4",F30="5",F30="6"),1) -> 2 | AD30: 70031|71031 | AE30: 0 | AF30: 0 | AG30: 0 | AH30: 0 | AI30: 箭雨射击快。 | AJ30: =AJ29 -> 1 | AK30: 1 | AL30: 11 | AM30: 0 | AN30: 4 | AO30: 0 | AP30: 0 | AQ30: 90 | AR30: 0 | AS30: 553+1|172+1 | AT30: 0 | AU30: 0
A31: 121002 | B31: 重装枪兵 | C31: 11 | D31: 2 | E31: 1:110 | F31: 1 | G31: 2 | H31: 0 | I31: 0 | J31: bubing02_Lv2 | K31: bubing02_Lv2 | M31: =士兵数据!L5 -> 827 | N31: 0 | O31: =士兵数据!N5 -> 126 | P31: 0 | Q31: =士兵数据!P5 -> 91 | R31: 0 | S31: =士兵数据!R5 -> 102 | T31: 0 | U31: =士兵数据!T5 -> 79 | V31: 0 | W31: =士兵数据!V5 -> 11 | X31: 0 | Y31: 200 | Z31: =MIN(Y31+400,1100) -> 600 | AA31: 300 | AB31: 8 | AC31: =_xlfn.IFS(OR(F31="1",F31="2",F31="7",F31="8"),2,OR(F31="3",F31="4",F31="5",F31="6"),1) -> 2 | AD31: 70041|71041 | AE31: 0 | AF31: 0 | AG31: 0 | AH31: 0 | AI31: 看我手中的长矛可会放过你。 | AJ31: =AJ30 -> 1 | AK31: 1 | AL31: 11 | AM31: 0 | AN31: 4 | AO31: 0 | AP31: 0 | AQ31: 90 | AR31: 0 | AS31: 553+1|172+1 | AT31: 0 | AU31: 0
A32: 131001 | B32: 皇室近卫 | C32: 11 | D32: 2 | E32: 1:140,2:120 | F32: 1 | G32: 3 | H32: 0 | I32: 0 | J32: bubing01_Lv3 | K32: bubing01_Lv3 | M32: =士兵数据!L6 -> 1170 | N32: 0 | O32: =士兵数据!N6 -> 176 | P32: 0 | Q32: =士兵数据!P6 -> 111 | R32: 0 | S32: =士兵数据!R6 -> 123 | T32: 0 | U32: =士兵数据!T6 -> 98 | V32: 0 | W32: =士兵数据!V6 -> 11 | X32: 0 | Y32: 200 | Z32: =MIN(Y32+400,1100) -> 600 | AA32: 300 | AB32: 8 | AC32: =_xlfn.IFS(OR(F32="1",F32="2",F32="7",F32="8"),2,OR(F32="3",F32="4",F32="5",F32="6"),1) -> 2 | AD32: 70051|71051|72051 | AE32: 0 | AF32: 0 | AG32: 0 | AH32: 0 | AI32: 我的火球可不是吃素的。 | AJ32: =AJ31 -> 1 | AK32: 1 | AL32: 11 | AM32: 0 | AN32: 4 | AO32: 0 | AP32: 0 | AQ32: 90 | AR32: 0 | AS32: 553+1|172+1 | AT32: 0 | AU32: 0
A33: 131002 | B33: 刀锋战士 | C33: 11 | D33: 2 | E33: 1:140,2:120 | F33: 1 | G33: 3 | H33: 0 | I33: 0 | J33: bubing02_Lv3 | K33: bubing02_Lv3 | M33: =士兵数据!L7 -> 1155 | N33: 0 | O33: =士兵数据!N7 -> 166 | P33: 0 | Q33: =士兵数据!P7 -> 118 | R33: 0 | S33: =士兵数据!R7 -> 125 | T33: 0 | U33: =士兵数据!T7 -> 103 | V33: 0 | W33: =士兵数据!V7 -> 11 | X33: 0 | Y33: 200 | Z33: =MIN(Y33+400,1100) -> 600 | AA33: 300 | AB33: 8 | AC33: =_xlfn.IFS(OR(F33="1",F33="2",F33="7",F33="8"),2,OR(F33="3",F33="4",F33="5",F33="6"),1) -> 2 | AD33: 70061|71061|72061 | AE33: 0 | AF33: 0 | AG33: 0 | AH33: 0 | AI33: 哇哇哇哇！ | AJ33: =AJ32 -> 1 | AK33: 1 | AL33: 11 | AM33: 0 | AN33: 4 | AO33: 0 | AP33: 0 | AQ33: 90 | AR33: 0 | AS33: 553+1|172+1 | AT33: 0 | AU33: 0
A34: 131003 | B34: 格斗专家 | C34: 11 | D34: 2 | E34: 1:140,2:120 | F34: 1 | G34: 3 | H34: 0 | I34: 0 | J34: bubing03_Lv3 | K34: bubing03_Lv3 | M34: =士兵数据!L8 -> 1423 | N34: 0 | O34: =士兵数据!N8 -> 247 | P34: 0 | Q34: =士兵数据!P8 -> 131 | R34: 0 | S34: =士兵数据!R8 -> 144 | T34: 0 | U34: =士兵数据!T8 -> 142 | V34: 0 | W34: =士兵数据!V8 -> 11 | X34: 0 | Y34: 200 | Z34: =MIN(Y34+400,1100) -> 600 | AA34: 300 | AB34: 8 | AC34: =_xlfn.IFS(OR(F34="1",F34="2",F34="7",F34="8"),2,OR(F34="3",F34="4",F34="5",F34="6"),1) -> 2 | AD34: 70071|71071|72071 | AE34: 0 | AF34: 0 | AG34: 0 | AH34: 0 | AI34: 尝尝我手中的剑。 | AJ34: =AJ33 -> 1 | AK34: 1 | AL34: 11 | AM34: 0 | AN34: 4 | AO34: 0 | AP34: 0 | AQ34: 90 | AR34: 0 | AS34: 553+1|172+1 | AT34: 0 | AU34: 0
A35: 131004 | B35: 将军 | C35: 11 | D35: 2 | E35: 1:140,2:120 | F35: 1 | G35: 3 | H35: 0 | I35: 0 | J35: bubing04_Lv3 | K35: bubing04_Lv3 | M35: =士兵数据!L9 -> 1946 | N35: 0 | O35: =士兵数据!N9 -> 296 | P35: 0 | Q35: =士兵数据!P9 -> 151 | R35: 0 | S35: =士兵数据!R9 -> 172 | T35: 0 | U35: =士兵数据!T9 -> 133 | V35: 0 | W35: =士兵数据!V9 -> 12 | X35: 0 | Y35: 200 | Z35: =MIN(Y35+400,1100) -> 600 | AA35: 300 | AB35: 8 | AC35: =_xlfn.IFS(OR(F35="1",F35="2",F35="7",F35="8"),2,OR(F35="3",F35="4",F35="5",F35="6"),1) -> 2 | AD35: 70081|71081|72081 | AE35: 0 | AF35: 0 | AG35: 0 | AH35: 0 | AI35: 炮火覆盖，真理只在我的大炮射程内。 | AJ35: =AJ34 -> 1 | AK35: 1 | AL35: 11 | AM35: 0 | AN35: 4 | AO35: 0 | AP35: 0 | AQ35: 90 | AR35: 0 | AS35: 553+1|172+1 | AT35: 0 | AU35: 0
A36: 211001 | B36: 骑兵 | C36: 11 | D36: 2 | E36: 1:180 | F36: 2 | G36: 1 | H36: 0 | I36: 0 | J36: qibing01_Lv1 | K36: qibing01_Lv1 | M36: =士兵数据!L11 -> 619 | N36: 0 | O36: =士兵数据!N11 -> 103 | P36: 0 | Q36: =士兵数据!P11 -> 49 | R36: 0 | S36: =士兵数据!R11 -> 91 | T36: 0 | U36: =士兵数据!T11 -> 42 | V36: 0 | W36: =士兵数据!V11 -> 11 | X36: 0 | Y36: 200 | Z36: =MIN(Y36+400,1100) -> 600 | AA36: 400 | AB36: 8 | AC36: =_xlfn.IFS(OR(F36="1",F36="2",F36="7",F36="8"),2,OR(F36="3",F36="4",F36="5",F36="6"),1) -> 2 | AD36: 70091|71091 | AE36: 0 | AF36: 0 | AG36: 0 | AH36: 0 | AI36: 随我冲锋，粉碎敌军的攻击。 | AJ36: =AJ35 -> 1 | AK36: 1 | AL36: 11 | AM36: 0 | AN36: 4 | AO36: 0 | AP36: 0 | AQ36: 90 | AR36: 0 | AS36: 553+1|172+1 | AT36: 0 | AU36: 0
A37: 221001 | B37: 精锐骑士 | C37: 11 | D37: 2 | E37: 1:210,2:190 | F37: 2 | G37: 2 | H37: 0 | I37: 0 | J37: qibing01_Lv2 | K37: qibing01_Lv2 | M37: =士兵数据!L12 -> 967 | N37: 0 | O37: =士兵数据!N12 -> 132 | P37: 0 | Q37: =士兵数据!P12 -> 68 | R37: 0 | S37: =士兵数据!R12 -> 110 | T37: 0 | U37: =士兵数据!T12 -> 60 | V37: 0 | W37: =士兵数据!V12 -> 12 | X37: 0 | Y37: 200 | Z37: =MIN(Y37+400,1100) -> 600 | AA37: 400 | AB37: 8 | AC37: =_xlfn.IFS(OR(F37="1",F37="2",F37="7",F37="8"),2,OR(F37="3",F37="4",F37="5",F37="6"),1) -> 2 | AD37: 70101|71101 | AE37: 0 | AF37: 0 | AG37: 0 | AH37: 0 | AI37: 让你尝尝我法术的味道。 | AJ37: =AJ36 -> 1 | AK37: 1 | AL37: 11 | AM37: 0 | AN37: 4 | AO37: 0 | AP37: 0 | AQ37: 90 | AR37: 0 | AS37: 553+1|172+1 | AT37: 0 | AU37: 0
A38: 231001 | B38: 皇家骑士 | C38: 11 | D38: 2 | E38: 1:240,2:220 | F38: 2 | G38: 3 | H38: 0 | I38: 0 | J38: qibing01_Lv3 | K38: qibing01_Lv3 | M38: =士兵数据!L13 -> 1391 | N38: 0 | O38: =士兵数据!N13 -> 188 | P38: 0 | Q38: =士兵数据!P13 -> 89 | R38: 0 | S38: =士兵数据!R13 -> 130 | T38: 0 | U38: =士兵数据!T13 -> 77 | V38: 0 | W38: =士兵数据!V13 -> 12 | X38: 0 | Y38: 200 | Z38: =MIN(Y38+400,1100) -> 600 | AA38: 400 | AB38: 8 | AC38: =_xlfn.IFS(OR(F38="1",F38="2",F38="7",F38="8"),2,OR(F38="3",F38="4",F38="5",F38="6"),1) -> 2 | AD38: 70111|71111|72111 | AE38: 0 | AF38: 0 | AG38: 0 | AH38: 0 | AI38: 让你尝尝我法术的味道。 | AJ38: =AJ37 -> 1 | AK38: 1 | AL38: 11 | AM38: 0 | AN38: 4 | AO38: 0 | AP38: 0 | AQ38: 90 | AR38: 0 | AS38: 553+1|172+1 | AT38: 0 | AU38: 0
A39: 231002 | B39: 黑暗骑士 | C39: 11 | D39: 2 | E39: 1:240,2:220 | F39: 2 | G39: 3 | H39: 0 | I39: 0 | J39: qibing02_Lv3 | K39: qibing02_Lv3 | M39: =士兵数据!L14 -> 1732 | N39: 0 | O39: =士兵数据!N14 -> 229 | P39: 0 | Q39: =士兵数据!P14 -> 105 | R39: 0 | S39: =士兵数据!R14 -> 136 | T39: 0 | U39: =士兵数据!T14 -> 91 | V39: 0 | W39: =士兵数据!V14 -> 12 | X39: 0 | Y39: 200 | Z39: =MIN(Y39+400,1100) -> 600 | AA39: 400 | AB39: 8 | AC39: =_xlfn.IFS(OR(F39="1",F39="2",F39="7",F39="8"),2,OR(F39="3",F39="4",F39="5",F39="6"),1) -> 2 | AD39: 70121|71121|72121 | AE39: 0 | AF39: 0 | AG39: 0 | AH39: 0 | AI39: 让你尝尝我法术的味道。 | AJ39: =AJ38 -> 1 | AK39: 1 | AL39: 11 | AM39: 0 | AN39: 4 | AO39: 0 | AP39: 0 | AQ39: 90 | AR39: 0 | AS39: 553+1|172+1 | AT39: 0 | AU39: 0
A40: 231003 | B40: 守护骑士 | C40: 11 | D40: 2 | E40: 1:240,2:220 | F40: 2 | G40: 3 | H40: 0 | I40: 0 | J40: qibing03_Lv3 | K40: qibing03_Lv3 | M40: =士兵数据!L15 -> 1691 | N40: 0 | O40: =士兵数据!N15 -> 240 | P40: 0 | Q40: =士兵数据!P15 -> 101 | R40: 0 | S40: =士兵数据!R15 -> 139 | T40: 0 | U40: =士兵数据!T15 -> 88 | V40: 0 | W40: =士兵数据!V15 -> 12 | X40: 0 | Y40: 200 | Z40: =MIN(Y40+400,1100) -> 600 | AA40: 400 | AB40: 8 | AC40: =_xlfn.IFS(OR(F40="1",F40="2",F40="7",F40="8"),2,OR(F40="3",F40="4",F40="5",F40="6"),1) -> 2 | AD40: 70131|71131|72131 | AE40: 0 | AF40: 0 | AG40: 0 | AH40: 0 | AI40: 让你尝尝我法术的味道。 | AJ40: =AJ39 -> 1 | AK40: 1 | AL40: 11 | AM40: 0 | AN40: 4 | AO40: 0 | AP40: 0 | AQ40: 90 | AR40: 0 | AS40: 553+1|172+1 | AT40: 0 | AU40: 0
A41: 311001 | B41: 木精灵 | C41: 11 | D41: 2 | E41: 1:120 | F41: 3 | G41: 1 | H41: 0 | I41: 0 | J41: gongbing01_Lv1 | K41: gongbing01_Lv1 | M41: =士兵数据!L17 -> 399 | N41: 0 | O41: =士兵数据!N17 -> 87 | P41: 0 | Q41: =士兵数据!P17 -> 35 | R41: 0 | S41: =士兵数据!R17 -> 73 | T41: 0 | U41: =士兵数据!T17 -> 37 | V41: 0 | W41: =士兵数据!V17 -> 11 | X41: 0 | Y41: 1200 | Z41: =MIN(Y41+400,1100) -> 1100 | AA41: 300 | AB41: 10 | AC41: =_xlfn.IFS(OR(F41="1",F41="2",F41="7",F41="8"),2,OR(F41="3",F41="4",F41="5",F41="6"),1) -> 1 | AD41: 70141|71141 | AE41: 0 | AF41: 0 | AG41: 0 | AH41: 0 | AI41: 让你尝尝我法术的味道。 | AJ41: =AJ40 -> 1 | AK41: 1 | AL41: 11 | AM41: 0 | AN41: 4 | AO41: 0 | AP41: 0 | AQ41: 90 | AR41: 0 | AS41: 553+1|172+1 | AT41: 0 | AU41: 0
A42: 321001 | B42: 精灵射手 | C42: 11 | D42: 2 | E42: 1:140,2:120 | F42: 3 | G42: 2 | H42: 0 | I42: 0 | J42: gongbing01_Lv2 | K42: gongbing01_Lv2 | M42: =士兵数据!L18 -> 742 | N42: 0 | O42: =士兵数据!N18 -> 128 | P42: 0 | Q42: =士兵数据!P18 -> 45 | R42: 0 | S42: =士兵数据!R18 -> 97 | T42: 0 | U42: =士兵数据!T18 -> 50 | V42: 0 | W42: =士兵数据!V18 -> 11 | X42: 0 | Y42: 1200 | Z42: =MIN(Y42+400,1100) -> 1100 | AA42: 300 | AB42: 10 | AC42: =_xlfn.IFS(OR(F42="1",F42="2",F42="7",F42="8"),2,OR(F42="3",F42="4",F42="5",F42="6"),1) -> 1 | AD42: 70151|71151 | AE42: 0 | AF42: 0 | AG42: 0 | AH42: 0 | AI42: 让你尝尝我法术的味道。 | AJ42: =AJ41 -> 1 | AK42: 1 | AL42: 11 | AM42: 0 | AN42: 4 | AO42: 0 | AP42: 0 | AQ42: 90 | AR42: 0 | AS42: 553+1|172+1 | AT42: 0 | AU42: 0
A43: 331001 | B43: 幻影射手 | C43: 11 | D43: 2 | E43: 1:160,2:140 | F43: 3 | G43: 3 | H43: 0 | I43: 0 | J43: gongbing01_Lv3 | K43: gongbing01_Lv3 | M43: =士兵数据!L19 -> 976 | N43: 0 | O43: =士兵数据!N19 -> 178 | P43: 0 | Q43: =士兵数据!P19 -> 75 | R43: 0 | S43: =士兵数据!R19 -> 92 | T43: 0 | U43: =士兵数据!T19 -> 65 | V43: 0 | W43: =士兵数据!V19 -> 11 | X43: 0 | Y43: 1200 | Z43: =MIN(Y43+400,1100) -> 1100 | AA43: 300 | AB43: 10 | AC43: =_xlfn.IFS(OR(F43="1",F43="2",F43="7",F43="8"),2,OR(F43="3",F43="4",F43="5",F43="6"),1) -> 1 | AD43: 70161|71161|72161 | AE43: 0 | AF43: 0 | AG43: 0 | AH43: 0 | AI43: 让你尝尝我法术的味道。 | AJ43: =AJ42 -> 1 | AK43: 1 | AL43: 11 | AM43: 0 | AN43: 4 | AO43: 0 | AP43: 0 | AQ43: 90 | AR43: 0 | AS43: 553+1|172+1 | AT43: 0 | AU43: 0
A44: 331002 | B44: 巡游射手 | C44: 11 | D44: 2 | E44: 1:160,2:140 | F44: 3 | G44: 3 | H44: 0 | I44: 0 | J44: gongbing02_Lv3 | K44: gongbing02_Lv3 | M44: =士兵数据!L20 -> 1143 | N44: 0 | O44: =士兵数据!N20 -> 186 | P44: 0 | Q44: =士兵数据!P20 -> 72 | R44: 0 | S44: =士兵数据!R20 -> 113 | T44: 0 | U44: =士兵数据!T20 -> 79 | V44: 0 | W44: =士兵数据!V20 -> 11 | X44: 0 | Y44: 1200 | Z44: =MIN(Y44+400,1100) -> 1100 | AA44: 400 | AB44: 10 | AC44: =_xlfn.IFS(OR(F44="1",F44="2",F44="7",F44="8"),2,OR(F44="3",F44="4",F44="5",F44="6"),1) -> 1 | AD44: 70171|71171|72171 | AE44: 0 | AF44: 0 | AG44: 0 | AH44: 0 | AI44: 让你尝尝我法术的味道。 | AJ44: =AJ43 -> 1 | AK44: 1 | AL44: 11 | AM44: 0 | AN44: 4 | AO44: 0 | AP44: 0 | AQ44: 90 | AR44: 0 | AS44: 553+1|172+1 | AT44: 0 | AU44: 0
A45: 331003 | B45: 影 | C45: 11 | D45: 2 | E45: 1:160,2:140 | F45: 3 | G45: 3 | H45: 0 | I45: 0 | J45: gongbing03_Lv3 | K45: gongbing03_Lv3 | M45: =士兵数据!L21 -> 1520 | N45: 0 | O45: =士兵数据!N21 -> 220 | P45: 0 | Q45: =士兵数据!P21 -> 95 | R45: 0 | S45: =士兵数据!R21 -> 119 | T45: 0 | U45: =士兵数据!T21 -> 83 | V45: 0 | W45: =士兵数据!V21 -> 12 | X45: 0 | Y45: 1200 | Z45: =MIN(Y45+400,1100) -> 1100 | AA45: 300 | AB45: 10 | AC45: =_xlfn.IFS(OR(F45="1",F45="2",F45="7",F45="8"),2,OR(F45="3",F45="4",F45="5",F45="6"),1) -> 1 | AD45: 70181|71181|72181 | AE45: 0 | AF45: 0 | AG45: 0 | AH45: 0 | AI45: 让你尝尝我法术的味道。 | AJ45: =AJ44 -> 1 | AK45: 1 | AL45: 11 | AM45: 0 | AN45: 4 | AO45: 0 | AP45: 0 | AQ45: 90 | AR45: 0 | AS45: 553+1|172+1 | AT45: 0 | AU45: 0
A46: 411001 | B46: 飞鹰骑士 | C46: 11 | D46: 2 | E46: 1:150 | F46: 4 | G46: 1 | H46: 0 | I46: 0 | J46: feibing01_Lv1 | K46: feibing01_Lv1 | M46: =士兵数据!L26 -> 481 | N46: 0 | O46: =士兵数据!N26 -> 90 | P46: 0 | Q46: =士兵数据!P26 -> 39 | R46: 0 | S46: =士兵数据!R26 -> 64 | T46: 0 | U46: =士兵数据!T26 -> 34 | V46: 0 | W46: =士兵数据!V26 -> 11 | X46: 0 | Y46: 200 | Z46: =MIN(Y46+400,1100) -> 600 | AA46: 400 | AB46: 8 | AC46: =_xlfn.IFS(OR(F46="1",F46="2",F46="7",F46="8"),2,OR(F46="3",F46="4",F46="5",F46="6"),1) -> 1 | AD46: 70191|71191 | AE46: 0 | AF46: 0 | AG46: 0 | AH46: 0 | AI46: 让你尝尝我法术的味道。 | AJ46: =AJ45 -> 1 | AK46: 1 | AL46: 11 | AM46: 0 | AN46: 4 | AO46: 0 | AP46: 0 | AQ46: 90 | AR46: 0 | AS46: 553+1|172+1 | AT46: 0 | AU46: 0
A47: 421001 | B47: 飞马骑士 | C47: 11 | D47: 2 | E47: 1:180,2:160 | F47: 4 | G47: 2 | H47: 0 | I47: 0 | J47: feibing01_Lv2 | K47: feibing01_Lv2 | M47: =士兵数据!L27 -> 877 | N47: 0 | O47: =士兵数据!N27 -> 164 | P47: 0 | Q47: =士兵数据!P27 -> 66 | R47: 0 | S47: =士兵数据!R27 -> 97 | T47: 0 | U47: =士兵数据!T27 -> 57 | V47: 0 | W47: =士兵数据!V27 -> 11 | X47: 0 | Y47: 200 | Z47: =MIN(Y47+400,1100) -> 600 | AA47: 400 | AB47: 8 | AC47: =_xlfn.IFS(OR(F47="1",F47="2",F47="7",F47="8"),2,OR(F47="3",F47="4",F47="5",F47="6"),1) -> 1 | AD47: 70201|71201 | AE47: 0 | AF47: 0 | AG47: 0 | AH47: 0 | AI47: 让你尝尝我法术的味道。 | AJ47: =AJ46 -> 1 | AK47: 1 | AL47: 11 | AM47: 0 | AN47: 4 | AO47: 0 | AP47: 0 | AQ47: 90 | AR47: 0 | AS47: 553+1|172+1 | AT47: 0 | AU47: 0
A48: 431001 | B48: 圣天马骑士 | C48: 11 | D48: 2 | E48: 1:210,2:190 | F48: 4 | G48: 3 | H48: 0 | I48: 0 | J48: feibing01_Lv3 | K48: feibing01_Lv3 | M48: =士兵数据!L28 -> 1324 | N48: 0 | O48: =士兵数据!N28 -> 212 | P48: 0 | Q48: =士兵数据!P28 -> 86 | R48: 0 | S48: =士兵数据!R28 -> 117 | T48: 0 | U48: =士兵数据!T28 -> 74 | V48: 0 | W48: =士兵数据!V28 -> 12 | X48: 0 | Y48: 200 | Z48: =MIN(Y48+400,1100) -> 600 | AA48: 400 | AB48: 8 | AC48: =_xlfn.IFS(OR(F48="1",F48="2",F48="7",F48="8"),2,OR(F48="3",F48="4",F48="5",F48="6"),1) -> 1 | AD48: 70211|71211 | AE48: 0 | AF48: 0 | AG48: 0 | AH48: 0 | AI48: 让你尝尝我法术的味道。 | AJ48: =AJ47 -> 1 | AK48: 1 | AL48: 11 | AM48: 0 | AN48: 4 | AO48: 0 | AP48: 0 | AQ48: 90 | AR48: 0 | AS48: 553+1|172+1 | AT48: 0 | AU48: 0
A49: 431002 | B49: 飞龙骑士 | C49: 11 | D49: 2 | E49: 1:210,2:190 | F49: 4 | G49: 3 | H49: 0 | I49: 0 | J49: feibing02_Lv3 | K49: feibing02_Lv3 | M49: =士兵数据!L29 -> 1572 | N49: 0 | O49: =士兵数据!N29 -> 254 | P49: 0 | Q49: =士兵数据!P29 -> 104 | R49: 0 | S49: =士兵数据!R29 -> 138 | T49: 0 | U49: =士兵数据!T29 -> 90 | V49: 0 | W49: =士兵数据!V29 -> 12 | X49: 0 | Y49: 200 | Z49: =MIN(Y49+400,1100) -> 600 | AA49: 400 | AB49: 8 | AC49: =_xlfn.IFS(OR(F49="1",F49="2",F49="7",F49="8"),2,OR(F49="3",F49="4",F49="5",F49="6"),1) -> 1 | AD49: 70221|71221|72221 | AE49: 0 | AF49: 0 | AG49: 0 | AH49: 0 | AI49: 让你尝尝我法术的味道。 | AJ49: =AJ48 -> 1 | AK49: 1 | AL49: 11 | AM49: 0 | AN49: 4 | AO49: 0 | AP49: 0 | AQ49: 90 | AR49: 0 | AS49: 553+1|172+1 | AT49: 0 | AU49: 0
A50: 431003 | B50: 格里芬骑士 | C50: 11 | D50: 2 | E50: 1:210,2:190 | F50: 4 | G50: 3 | H50: 0 | I50: 0 | J50: feibing03_Lv3 | K50: feibing03_Lv3 | M50: =士兵数据!L30 -> 1921 | N50: 0 | O50: =士兵数据!N30 -> 282 | P50: 0 | Q50: =士兵数据!P30 -> 121 | R50: 0 | S50: =士兵数据!R30 -> 162 | T50: 0 | U50: =士兵数据!T30 -> 106 | V50: 0 | W50: =士兵数据!V30 -> 12 | X50: 0 | Y50: 200 | Z50: =MIN(Y50+400,1100) -> 600 | AA50: 400 | AB50: 8 | AC50: =_xlfn.IFS(OR(F50="1",F50="2",F50="7",F50="8"),2,OR(F50="3",F50="4",F50="5",F50="6"),1) -> 1 | AD50: 70231|71231|72231 | AE50: 0 | AF50: 0 | AG50: 0 | AH50: 0 | AI50: 让你尝尝我法术的味道。 | AJ50: =AJ49 -> 1 | AK50: 1 | AL50: 11 | AM50: 0 | AN50: 4 | AO50: 0 | AP50: 0 | AQ50: 90 | AR50: 0 | AS50: 553+1|172+1 | AT50: 0 | AU50: 0
A51: 511001 | B51: 法师学徒 | C51: 11 | D51: 2 | E51: 1:140 | F51: 5 | G51: 1 | H51: 0 | I51: 0 | J51: fashi01_Lv1 | K51: fashi01_Lv1 | M51: =士兵数据!L32 -> 474 | N51: 0 | O51: 34 | P51: 0 | Q51: =士兵数据!P32 -> 36 | R51: 0 | S51: =士兵数据!R32 -> 97 | T51: 0 | U51: =士兵数据!T32 -> 51 | V51: 0 | W51: =士兵数据!V32 -> 11 | X51: 0 | Y51: 1200 | Z51: =MIN(Y51+400,1100) -> 1100 | AA51: 300 | AB51: 10 | AC51: =_xlfn.IFS(OR(F51="1",F51="2",F51="7",F51="8"),2,OR(F51="3",F51="4",F51="5",F51="6"),1) -> 1 | AD51: 70241|71241 | AE51: 0 | AF51: 0 | AG51: 0 | AH51: 0 | AI51: 让你尝尝我法术的味道。 | AJ51: =AJ50 -> 1 | AK51: 1 | AL51: 11 | AM51: 0 | AN51: 4 | AO51: 0 | AP51: 0 | AQ51: 90 | AR51: 0 | AS51: 553+1|172+1 | AT51: 0 | AU51: 0
A52: 521001 | B52: 魔女 | C52: 11 | D52: 2 | E52: 1:170 | F52: 5 | G52: 2 | H52: 0 | I52: 0 | J52: fashi01_Lv2 | K52: fashi01_Lv2 | M52: =士兵数据!L33 -> 797 | N52: 0 | O52: 47 | P52: 0 | Q52: =士兵数据!P33 -> 50 | R52: 0 | S52: =士兵数据!R33 -> 129 | T52: 0 | U52: =士兵数据!T33 -> 71 | V52: 0 | W52: =士兵数据!V33 -> 11 | X52: 0 | Y52: 1200 | Z52: =MIN(Y52+400,1100) -> 1100 | AA52: 300 | AB52: 10 | AC52: =_xlfn.IFS(OR(F52="1",F52="2",F52="7",F52="8"),2,OR(F52="3",F52="4",F52="5",F52="6"),1) -> 1 | AD52: 70251|71251 | AE52: 0 | AF52: 0 | AG52: 0 | AH52: 0 | AI52: 让你尝尝我法术的味道。 | AJ52: =AJ51 -> 1 | AK52: 1 | AL52: 11 | AM52: 0 | AN52: 4 | AO52: 0 | AP52: 0 | AQ52: 90 | AR52: 0 | AS52: 553+1|172+1 | AT52: 0 | AU52: 0
A53: 531001 | B53: 大魔法师 | C53: 11 | D53: 2 | E53: 1:200,2:180 | F53: 5 | G53: 3 | H53: 0 | I53: 0 | J53: fashi01_Lv3 | K53: fashi01_Lv3 | M53: =士兵数据!L34 -> 869 | N53: 0 | O53: 56 | P53: 0 | Q53: =士兵数据!P34 -> 59 | R53: 0 | S53: =士兵数据!R34 -> 121 | T53: 0 | U53: =士兵数据!T34 -> 81 | V53: 0 | W53: =士兵数据!V34 -> 11 | X53: 0 | Y53: 1200 | Z53: =MIN(Y53+400,1100) -> 1100 | AA53: 300 | AB53: 10 | AC53: =_xlfn.IFS(OR(F53="1",F53="2",F53="7",F53="8"),2,OR(F53="3",F53="4",F53="5",F53="6"),1) -> 1 | AD53: 70261|71261|72261 | AE53: 0 | AF53: 0 | AG53: 0 | AH53: 0 | AI53: 让你尝尝我法术的味道。 | AJ53: =AJ52 -> 1 | AK53: 1 | AL53: 11 | AM53: 0 | AN53: 4 | AO53: 0 | AP53: 0 | AQ53: 90 | AR53: 0 | AS53: 553+1|172+1 | AT53: 0 | AU53: 0
A54: 531002 | B54: 烈焰之灵 | C54: 11 | D54: 2 | E54: 1:200,2:180 | F54: 5 | G54: 3 | H54: 0 | I54: 0 | J54: fashi02_Lv3 | K54: fashi02_Lv3 | M54: =士兵数据!L35 -> 1210 | N54: 0 | O54: 53 | P54: 0 | Q54: =士兵数据!P35 -> 72 | R54: 0 | S54: =士兵数据!R35 -> 171 | T54: 0 | U54: =士兵数据!T35 -> 100 | V54: 0 | W54: =士兵数据!V35 -> 12 | X54: 0 | Y54: 1200 | Z54: =MIN(Y54+400,1100) -> 1100 | AA54: 300 | AB54: 10 | AC54: =_xlfn.IFS(OR(F54="1",F54="2",F54="7",F54="8"),2,OR(F54="3",F54="4",F54="5",F54="6"),1) -> 1 | AD54: 70271|71271|72271 | AE54: 0 | AF54: 0 | AG54: 0 | AH54: 0 | AI54: 让你尝尝我法术的味道。 | AJ54: =AJ53 -> 1 | AK54: 1 | AL54: 11 | AM54: 0 | AN54: 4 | AO54: 0 | AP54: 0 | AQ54: 90 | AR54: 0 | AS54: 553+1|172+1 | AT54: 0 | AU54: 0
A55: 531003 | B55: 符文师 | C55: 11 | D55: 2 | E55: 1:200,2:180 | F55: 5 | G55: 3 | H55: 0 | I55: 0 | J55: fashi03_Lv3 | K55: fashi03_Lv3 | M55: =士兵数据!L36 -> 1460 | N55: 0 | O55: 47 | P55: 0 | Q55: =士兵数据!P36 -> 89 | R55: 0 | S55: =士兵数据!R36 -> 219 | T55: 0 | U55: =士兵数据!T36 -> 124 | V55: 0 | W55: =士兵数据!V36 -> 12 | X55: 0 | Y55: 1200 | Z55: =MIN(Y55+400,1100) -> 1100 | AA55: 300 | AB55: 10 | AC55: =_xlfn.IFS(OR(F55="1",F55="2",F55="7",F55="8"),2,OR(F55="3",F55="4",F55="5",F55="6"),1) -> 1 | AD55: 70281|71281|72281 | AE55: 0 | AF55: 0 | AG55: 0 | AH55: 0 | AI55: 让你尝尝我法术的味道。 | AJ55: =AJ54 -> 1 | AK55: 1 | AL55: 11 | AM55: 0 | AN55: 4 | AO55: 0 | AP55: 0 | AQ55: 90 | AR55: 0 | AS55: 553+1|172+1 | AT55: 0 | AU55: 0
A56: 611001 | B56: 僧侣 | C56: 11 | D56: 2 | E56: 1:120 | F56: 6 | G56: 1 | H56: 0 | I56: 0 | J56: mushi01_Lv1 | K56: mushi01_Lv1 | M56: =士兵数据!L38 -> 433 | N56: 0 | O56: 28 | P56: 0 | Q56: =士兵数据!P38 -> 40 | R56: 0 | S56: =士兵数据!R38 -> 85 | T56: 0 | U56: =士兵数据!T38 -> 56 | V56: 0 | W56: =士兵数据!V38 -> 11 | X56: 0 | Y56: 1200 | Z56: =MIN(Y56+400,1100) -> 1100 | AA56: 300 | AB56: 10 | AC56: =_xlfn.IFS(OR(F56="1",F56="2",F56="7",F56="8"),2,OR(F56="3",F56="4",F56="5",F56="6"),1) -> 1 | AD56: 70291|71291 | AE56: 0 | AF56: 0 | AG56: 0 | AH56: 0 | AI56: 让你尝尝我法术的味道。 | AJ56: =AJ55 -> 1 | AK56: 1 | AL56: 11 | AM56: 0 | AN56: 4 | AO56: 0 | AP56: 0 | AQ56: 90 | AR56: 0 | AS56: 553+1|172+1 | AT56: 0 | AU56: 0
A57: 621001 | B57: 神官 | C57: 11 | D57: 2 | E57: 1:150 | F57: 6 | G57: 2 | H57: 0 | I57: 0 | J57: mushi01_Lv2 | K57: mushi01_Lv2 | M57: =士兵数据!L39 -> 747 | N57: 0 | O57: 36 | P57: 0 | Q57: =士兵数据!P39 -> 60 | R57: 0 | S57: =士兵数据!R39 -> 122 | T57: 0 | U57: =士兵数据!T39 -> 83 | V57: 0 | W57: =士兵数据!V39 -> 11 | X57: 0 | Y57: 1200 | Z57: =MIN(Y57+400,1100) -> 1100 | AA57: 300 | AB57: 10 | AC57: =_xlfn.IFS(OR(F57="1",F57="2",F57="7",F57="8"),2,OR(F57="3",F57="4",F57="5",F57="6"),1) -> 1 | AD57: 70301|71301 | AE57: 0 | AF57: 0 | AG57: 0 | AH57: 0 | AI57: 让你尝尝我法术的味道。 | AJ57: =AJ56 -> 1 | AK57: 1 | AL57: 11 | AM57: 0 | AN57: 4 | AO57: 0 | AP57: 0 | AQ57: 90 | AR57: 0 | AS57: 553+1|172+1 | AT57: 0 | AU57: 0
A58: 631001 | B58: 大祭司 | C58: 11 | D58: 2 | E58: 1:180,2:160 | F58: 6 | G58: 3 | H58: 0 | I58: 0 | J58: mushi01_Lv3 | K58: mushi01_Lv3 | M58: =士兵数据!L40 -> 1152 | N58: 0 | O58: 42 | P58: 0 | Q58: =士兵数据!P40 -> 72 | R58: 0 | S58: =士兵数据!R40 -> 163 | T58: 0 | U58: =士兵数据!T40 -> 100 | V58: 0 | W58: =士兵数据!V40 -> 11 | X58: 0 | Y58: 1200 | Z58: =MIN(Y58+400,1100) -> 1100 | AA58: 300 | AB58: 10 | AC58: =_xlfn.IFS(OR(F58="1",F58="2",F58="7",F58="8"),2,OR(F58="3",F58="4",F58="5",F58="6"),1) -> 1 | AD58: 70311|71311|72311 | AE58: 0 | AF58: 0 | AG58: 0 | AH58: 0 | AI58: 让你尝尝我法术的味道。 | AJ58: =AJ57 -> 1 | AK58: 1 | AL58: 11 | AM58: 0 | AN58: 4 | AO58: 0 | AP58: 0 | AQ58: 90 | AR58: 0 | AS58: 553+1|172+1 | AT58: 0 | AU58: 0
A59: 631002 | B59: 占卜师 | C59: 11 | D59: 2 | E59: 1:180,2:160 | F59: 6 | G59: 3 | H59: 0 | I59: 0 | J59: mushi02_Lv3 | K59: mushi02_Lv3 | M59: =士兵数据!L41 -> 1161 | N59: 0 | O59: 40 | P59: 0 | Q59: =士兵数据!P41 -> 75 | R59: 0 | S59: =士兵数据!R41 -> 169 | T59: 0 | U59: =士兵数据!T41 -> 105 | V59: 0 | W59: =士兵数据!V41 -> 11 | X59: 0 | Y59: 1200 | Z59: =MIN(Y59+400,1100) -> 1100 | AA59: 300 | AB59: 10 | AC59: =_xlfn.IFS(OR(F59="1",F59="2",F59="7",F59="8"),2,OR(F59="3",F59="4",F59="5",F59="6"),1) -> 1 | AD59: 70321|71321|72321 | AE59: 0 | AF59: 0 | AG59: 0 | AH59: 0 | AI59: 让你尝尝我法术的味道。 | AJ59: =AJ58 -> 1 | AK59: 1 | AL59: 11 | AM59: 0 | AN59: 4 | AO59: 0 | AP59: 0 | AQ59: 90 | AR59: 0 | AS59: 553+1|172+1 | AT59: 0 | AU59: 0
A60: 631003 | B60: 守护星灵 | C60: 11 | D60: 2 | E60: 1:180,2:160 | F60: 6 | G60: 3 | H60: 0 | I60: 0 | J60: mushi03_Lv3 | K60: mushi03_Lv3 | M60: =士兵数据!L42 -> 1431 | N60: 0 | O60: 37 | P60: 0 | Q60: =士兵数据!P42 -> 88 | R60: 0 | S60: =士兵数据!R42 -> 211 | T60: 0 | U60: =士兵数据!T42 -> 123 | V60: 0 | W60: =士兵数据!V42 -> 12 | X60: 0 | Y60: 1200 | Z60: =MIN(Y60+400,1100) -> 1100 | AA60: 300 | AB60: 10 | AC60: =_xlfn.IFS(OR(F60="1",F60="2",F60="7",F60="8"),2,OR(F60="3",F60="4",F60="5",F60="6"),1) -> 1 | AD60: 70331|71331|72331 | AE60: 0 | AF60: 0 | AG60: 0 | AH60: 0 | AI60: 让你尝尝我法术的味道。 | AJ60: =AJ59 -> 1 | AK60: 1 | AL60: 11 | AM60: 0 | AN60: 4 | AO60: 0 | AP60: 0 | AQ60: 90 | AR60: 0 | AS60: 553+1|172+1 | AT60: 0 | AU60: 0
A61: 711001 | B61: 骷髅兵 | C61: 11 | D61: 2 | E61: 1:100 | F61: 7 | G61: 1 | H61: 0 | I61: 0 | J61: moshou01_Lv1 | K61: moshou01_Lv1 | M61: =士兵数据!L45 -> 373 | N61: 0 | O61: =士兵数据!N45 -> 83 | P61: 0 | Q61: =士兵数据!P45 -> 43 | R61: 0 | S61: =士兵数据!R45 -> 70 | T61: 0 | U61: =士兵数据!T45 -> 38 | V61: 0 | W61: =士兵数据!V45 -> 11 | X61: 0 | Y61: 200 | Z61: =MIN(Y61+400,1100) -> 600 | AA61: 300 | AB61: 8 | AC61: =_xlfn.IFS(OR(F61="1",F61="2",F61="7",F61="8"),2,OR(F61="3",F61="4",F61="5",F61="6"),1) -> 2 | AD61: 70341|71341 | AE61: 0 | AF61: 0 | AG61: 0 | AH61: 0 | AI61: 让你尝尝我法术的味道。 | AJ61: =AJ60 -> 1 | AK61: 1 | AL61: 11 | AM61: 0 | AN61: 4 | AO61: 0 | AP61: 0 | AQ61: 90 | AR61: 0 | AS61: 553+1|172+1 | AT61: 0 | AU61: 0
A62: 721001 | B62: 骷髅勇士 | C62: 11 | D62: 2 | E62: 1:130 | F62: 7 | G62: 2 | H62: 0 | I62: 0 | J62: moshou01_Lv2 | K62: moshou01_Lv2 | M62: =士兵数据!L46 -> 546 | N62: 0 | O62: =士兵数据!N46 -> 110 | P62: 0 | Q62: =士兵数据!P46 -> 60 | R62: 0 | S62: =士兵数据!R46 -> 88 | T62: 0 | U62: =士兵数据!T46 -> 53 | V62: 0 | W62: =士兵数据!V46 -> 11 | X62: 0 | Y62: 200 | Z62: =MIN(Y62+400,1100) -> 600 | AA62: 300 | AB62: 8 | AC62: =_xlfn.IFS(OR(F62="1",F62="2",F62="7",F62="8"),2,OR(F62="3",F62="4",F62="5",F62="6"),1) -> 2 | AD62: 70351|71351 | AE62: 0 | AF62: 0 | AG62: 0 | AH62: 0 | AI62: 让你尝尝我法术的味道。 | AJ62: =AJ61 -> 1 | AK62: 1 | AL62: 11 | AM62: 0 | AN62: 4 | AO62: 0 | AP62: 0 | AQ62: 90 | AR62: 0 | AS62: 553+1|172+1 | AT62: 0 | AU62: 0
A63: 731001 | B63: 亡灵骑士 | C63: 11 | D63: 2 | E63: 1:160 | F63: 7 | G63: 3 | H63: 0 | I63: 0 | J63: moshou01_Lv3 | K63: moshou01_Lv3 | M63: =士兵数据!L47 -> 655 | N63: 0 | O63: =士兵数据!N47 -> 112 | P63: 0 | Q63: =士兵数据!P47 -> 40 | R63: 0 | S63: =士兵数据!R47 -> 82 | T63: 0 | U63: =士兵数据!T47 -> 34 | V63: 0 | W63: =士兵数据!V47 -> 11 | X63: 0 | Y63: 200 | Z63: =MIN(Y63+400,1100) -> 600 | AA63: 400 | AB63: 8 | AC63: =_xlfn.IFS(OR(F63="1",F63="2",F63="7",F63="8"),2,OR(F63="3",F63="4",F63="5",F63="6"),1) -> 2 | AD63: 70361|71361|72361 | AE63: 0 | AF63: 0 | AG63: 0 | AH63: 0 | AI63: 让你尝尝我法术的味道。 | AJ63: =AJ62 -> 1 | AK63: 1 | AL63: 11 | AM63: 0 | AN63: 4 | AO63: 0 | AP63: 0 | AQ63: 90 | AR63: 0 | AS63: 553+1|172+1 | AT63: 0 | AU63: 0
A64: 731002 | B64: 伯爵 | C64: 11 | D64: 2 | E64: 1:160,2:140 | F64: 7 | G64: 3 | H64: 0 | I64: 0 | J64: moshou02_Lv3 | K64: moshou02_Lv3 | M64: =士兵数据!L48 -> 811 | N64: 0 | O64: =士兵数据!N48 -> 145 | P64: 0 | Q64: =士兵数据!P48 -> 69 | R64: 0 | S64: =士兵数据!R48 -> 108 | T64: 0 | U64: =士兵数据!T48 -> 60 | V64: 0 | W64: =士兵数据!V48 -> 11 | X64: 0 | Y64: 200 | Z64: =MIN(Y64+400,1100) -> 600 | AA64: 300 | AB64: 8 | AC64: =_xlfn.IFS(OR(F64="1",F64="2",F64="7",F64="8"),2,OR(F64="3",F64="4",F64="5",F64="6"),1) -> 2 | AD64: 70371|71371|72371 | AE64: 0 | AF64: 0 | AG64: 0 | AH64: 0 | AI64: 让你尝尝我法术的味道。 | AJ64: =AJ63 -> 1 | AK64: 1 | AL64: 11 | AM64: 0 | AN64: 4 | AO64: 0 | AP64: 0 | AQ64: 90 | AR64: 0 | AS64: 553+1|172+1 | AT64: 0 | AU64: 0
A65: 731003 | B65: 死灵法师 | C65: 11 | D65: 2 | E65: 1:160,2:140 | F65: 7 | G65: 3 | H65: 0 | I65: 0 | J65: moshou03_Lv3 | K65: moshou03_Lv3 | M65: =士兵数据!L49 -> 1019 | N65: 0 | O65: 48 | P65: 0 | Q65: =士兵数据!P49 -> 74 | R65: 0 | S65: =士兵数据!R49 -> 98 | T65: 0 | U65: =士兵数据!T49 -> 64 | V65: 0 | W65: =士兵数据!V49 -> 11 | X65: 0 | Y65: 1200 | Z65: =MIN(Y65+400,1100) -> 1100 | AA65: 300 | AB65: 10 | AC65: =_xlfn.IFS(OR(F65="1",F65="2",F65="7",F65="8"),2,OR(F65="3",F65="4",F65="5",F65="6"),1) -> 2 | AD65: 70381|71381|72381 | AE65: 0 | AF65: 0 | AG65: 0 | AH65: 0 | AI65: 让你尝尝我法术的味道。 | AJ65: =AJ64 -> 1 | AK65: 1 | AL65: 11 | AM65: 0 | AN65: 4 | AO65: 0 | AP65: 0 | AQ65: 90 | AR65: 0 | AS65: 553+1|172+1 | AT65: 0 | AU65: 0
A66: 811001 | B66: 狼战士 | C66: 11 | D66: 2 | E66: 1:170 | F66: 8 | G66: 1 | H66: 0 | I66: 0 | J66: yeshou01_lv1 | K66: yeshou01_lv1 | M66: =士兵数据!L57 -> 589 | N66: 0 | O66: =士兵数据!N57 -> 85 | P66: 0 | Q66: =士兵数据!P57 -> 45 | R66: 0 | S66: =士兵数据!R57 -> 72 | T66: 0 | U66: =士兵数据!T57 -> 39 | V66: 0 | W66: =士兵数据!V57 -> 11 | X66: 0 | Y66: 200 | Z66: =MIN(Y66+400,1100) -> 600 | AA66: 300 | AB66: 8 | AC66: =_xlfn.IFS(OR(F66="1",F66="2",F66="7",F66="8"),2,OR(F66="3",F66="4",F66="5",F66="6"),1) -> 2 | AD66: 70391|71391 | AE66: 0 | AF66: 0 | AG66: 0 | AH66: 0 | AI66: 让你尝尝我法术的味道。 | AJ66: =AJ65 -> 1 | AK66: 1 | AL66: 11 | AM66: 0 | AN66: 4 | AO66: 0 | AP66: 0 | AQ66: 90 | AR66: 0 | AS66: 553+1|172+1 | AT66: 0 | AU66: 0
A67: 821001 | B67: 狼人统领 | C67: 11 | D67: 2 | E67: 1:200 | F67: 8 | G67: 2 | H67: 0 | I67: 0 | J67: yeshou01_lv2 | K67: yeshou01_lv2 | M67: =士兵数据!L58 -> 783 | N67: 0 | O67: =士兵数据!N58 -> 121 | P67: 0 | Q67: =士兵数据!P58 -> 60 | R67: 0 | S67: =士兵数据!R58 -> 90 | T67: 0 | U67: =士兵数据!T58 -> 52 | V67: 0 | W67: =士兵数据!V58 -> 12 | X67: 0 | Y67: 200 | Z67: =MIN(Y67+400,1100) -> 600 | AA67: 300 | AB67: 8 | AC67: =_xlfn.IFS(OR(F67="1",F67="2",F67="7",F67="8"),2,OR(F67="3",F67="4",F67="5",F67="6"),1) -> 2 | AD67: 70401|71401 | AE67: 0 | AF67: 0 | AG67: 0 | AH67: 0 | AI67: 让你尝尝我法术的味道。 | AJ67: =AJ66 -> 1 | AK67: 1 | AL67: 11 | AM67: 0 | AN67: 4 | AO67: 0 | AP67: 0 | AQ67: 90 | AR67: 0 | AS67: 553+1|172+1 | AT67: 0 | AU67: 0
A68: 831001 | B68: 狼王 | C68: 11 | D68: 2 | E68: 1:230 | F68: 8 | G68: 3 | H68: 0 | I68: 0 | J68: yeshou01_lv3 | K68: yeshou01_lv3 | M68: =士兵数据!L59 -> 1486 | N68: 0 | O68: =士兵数据!N59 -> 185 | P68: 0 | Q68: =士兵数据!P59 -> 80 | R68: 0 | S68: =士兵数据!R59 -> 108 | T68: 0 | U68: =士兵数据!T59 -> 69 | V68: 0 | W68: =士兵数据!V59 -> 12 | X68: 0 | Y68: 200 | Z68: =MIN(Y68+400,1100) -> 600 | AA68: 300 | AB68: 8 | AC68: =_xlfn.IFS(OR(F68="1",F68="2",F68="7",F68="8"),2,OR(F68="3",F68="4",F68="5",F68="6"),1) -> 2 | AD68: 70411|71411|72411 | AE68: 0 | AF68: 0 | AG68: 0 | AH68: 0 | AI68: 让你尝尝我法术的味道。 | AJ68: =AJ67 -> 1 | AK68: 1 | AL68: 11 | AM68: 0 | AN68: 4 | AO68: 0 | AP68: 0 | AQ68: 90 | AR68: 0 | AS68: 553+1|172+1 | AT68: 0 | AU68: 0
A69: 831002 | B69: 王蜥猎手 | C69: 11 | D69: 2 | E69: 1:230,2:210 | F69: 8 | G69: 3 | H69: 0 | I69: 0 | J69: yeshou02_lv3 | K69: yeshou02_lv3 | M69: =士兵数据!L60 -> 1741 | N69: 0 | O69: =士兵数据!N60 -> 227 | P69: 0 | Q69: =士兵数据!P60 -> 79 | R69: 0 | S69: =士兵数据!R60 -> 130 | T69: 0 | U69: =士兵数据!T60 -> 68 | V69: 0 | W69: =士兵数据!V60 -> 12 | X69: 0 | Y69: 200 | Z69: =MIN(Y69+400,1100) -> 600 | AA69: 400 | AB69: 10 | AC69: =_xlfn.IFS(OR(F69="1",F69="2",F69="7",F69="8"),2,OR(F69="3",F69="4",F69="5",F69="6"),1) -> 2 | AD69: 70421|71421|72421 | AE69: 0 | AF69: 0 | AG69: 0 | AH69: 0 | AI69: 让你尝尝我法术的味道。 | AJ69: =AJ68 -> 1 | AK69: 1 | AL69: 11 | AM69: 0 | AN69: 4 | AO69: 0 | AP69: 0 | AQ69: 90 | AR69: 0 | AS69: 553+1|172+1 | AT69: 0 | AU69: 0
A70: 831003 | B70: 雪原巨人 | C70: 11 | D70: 2 | E70: 1:230,2:210 | F70: 8 | G70: 3 | H70: 0 | I70: 0 | J70: yeshou03_lv3 | K70: yeshou03_lv3 | M70: =士兵数据!L61 -> 1960 | N70: 0 | O70: =士兵数据!N61 -> 266 | P70: 0 | Q70: =士兵数据!P61 -> 120 | R70: 0 | S70: =士兵数据!R61 -> 151 | T70: 0 | U70: =士兵数据!T61 -> 103 | V70: 0 | W70: =士兵数据!V61 -> 12 | X70: 0 | Y70: 200 | Z70: =MIN(Y70+400,1100) -> 600 | AA70: 300 | AB70: 8 | AC70: =_xlfn.IFS(OR(F70="1",F70="2",F70="7",F70="8"),2,OR(F70="3",F70="4",F70="5",F70="6"),1) -> 2 | AD70: 70431|71431|72431 | AE70: 0 | AF70: 0 | AG70: 0 | AH70: 0 | AI70: 让你尝尝我法术的味道。 | AJ70: =AJ69 -> 1 | AK70: 1 | AL70: 11 | AM70: 0 | AN70: 4 | AO70: 0 | AP70: 0 | AQ70: 90 | AR70: 0 | AS70: 553+1|172+1 | AT70: 0 | AU70: 0
A71: 10000001 | B71: 骷髅射手-召唤 | C71: 11 | D71: 2 | E71: 0 | F71: 7 | G71: 1 | H71: 0 | I71: 0 | J71: monster013 | K71: =J71 -> monster013 | M71: 1000 | N71: 0 | O71: 71 | P71: 0 | Q71: 71 | R71: 0 | S71: 59 | T71: 0 | U71: 51 | V71: 0 | W71: 12 | X71: 0 | Y71: 1200 | Z71: =MIN(Y71+400,1100) -> 1100 | AA71: 300 | AB71: 10 | AC71: =_xlfn.IFS(OR(F71="1",F71="2",F71="7",F71="8"),2,OR(F71="3",F71="4",F71="5",F71="6"),1) -> 2 | AD71: 0 | AE71: 0 | AF71: 0 | AG71: 0 | AH71: 0 | AI71: 让你尝尝我法术的味道。 | AJ71: =AJ70 -> 1 | AK71: 1 | AL71: 11 | AM71: 0 | AN71: 4 | AO71: 0 | AP71: 0 | AQ71: 90 | AR71: 0 | AS71: 553+1|172+1 | AT71: 0 | AU71: 0
A72: 10000002 | B72: 大熊-召唤 | C72: 11 | D72: 2 | E72: 0 | F72: 7 | G72: 1 | H72: 0 | I72: 0 | J72: daxiong_1 | K72: =J72 -> daxiong_1 | M72: 1000 | N72: 0 | O72: 71 | P72: 0 | Q72: 71 | R72: 0 | S72: 59 | T72: 0 | U72: 51 | V72: 0 | W72: 12 | X72: 0 | Y72: 200 | Z72: =MIN(Y72+400,1100) -> 600 | AA72: 300 | AB72: 8 | AC72: =_xlfn.IFS(OR(F72="1",F72="2",F72="7",F72="8"),2,OR(F72="3",F72="4",F72="5",F72="6"),1) -> 2 | AD72: 23004911 | AE72: 0 | AF72: 0 | AG72: 0 | AH72: 0 | AI72: 让你尝尝我法术的味道。 | AJ72: =AJ71 -> 1 | AK72: 1 | AL72: 11 | AM72: 0 | AN72: 4 | AO72: 0 | AP72: 0 | AQ72: 90 | AR72: 0 | AS72: 553+1|172+1 | AT72: 0 | AU72: 0
A73: 10000003 | B73: 小熊-召唤 | C73: 11 | D73: 2 | E73: 0 | F73: 7 | G73: 1 | H73: 0 | I73: 0 | J73: xiaoxiong_1 | K73: =J73 -> xiaoxiong_1 | M73: 1000 | N73: 0 | O73: 71 | P73: 0 | Q73: 71 | R73: 0 | S73: 59 | T73: 0 | U73: 51 | V73: 0 | W73: 12 | X73: 0 | Y73: 200 | Z73: =MIN(Y73+400,1100) -> 600 | AA73: 300 | AB73: 8 | AC73: =_xlfn.IFS(OR(F73="1",F73="2",F73="7",F73="8"),2,OR(F73="3",F73="4",F73="5",F73="6"),1) -> 2 | AD73: 0 | AE73: 0 | AF73: 0 | AG73: 0 | AH73: 0 | AI73: 让你尝尝我法术的味道。 | AJ73: =AJ72 -> 1 | AK73: 1 | AL73: 11 | AM73: 0 | AN73: 4 | AO73: 0 | AP73: 0 | AQ73: 90 | AR73: 0 | AS73: 553+1|172+1 | AT73: 0 | AU73: 0

Sheet 平衡计算
D5: 58.5 | E5: =INT(D5) -> 58
D6: 61.6 | E6: =INT(D6) -> 61
D7: 42 | E7: =INT(D7) -> 42
A8: 人口消耗 | D8: 56.7 | E8: =INT(D8) -> 56
A9: 10 | D9: 15.75 | E9: =INT(D9) -> 15
A10: 15 | D10: 19 | E10: =INT(D10) -> 19
A11: 20 | D11: 64.4 | E11: =INT(D11) -> 64
A12: 30 | D12: 67.8 | E12: =INT(D12) -> 67
A13: 50 | D13: 46.2 | E13: =INT(D13) -> 46
A14: 70 | D14: 62.4 | E14: =INT(D14) -> 62
A15: 100 | D15: 17.3 | E15: =INT(D15) -> 17
A16: 150 | D16: 20.9 | E16: =INT(D16) -> 20
A17: 250 | D17: 80.4 | E17: =INT(D17) -> 80
D18: 70.2 | E18: =INT(D18) -> 70
D19: 73.9 | E19: =INT(D19) -> 73
D20: 54.7 | E20: =INT(D20) -> 54
D21: 51 | E21: =INT(D21) -> 51
D22: 68 | E22: =INT(D22) -> 68
D23: 18.9 | E23: =INT(D23) -> 18
D24: 24 | E24: =INT(D24) -> 24
D25: 66.2 | E25: =INT(D25) -> 66
D26: 61.9 | E26: =INT(D26) -> 61
D27: 18.9 | E27: =INT(D27) -> 18
D28: 44 | E28: =INT(D28) -> 44

Sheet Sheet1
E1: Name
E2: string
E3: 名字
E4: 玛伦
E5: 克莱斯 | H5: 兵种技能 | I5: 英雄属性 | J5: 英雄技能 | O5: 攻击+100
E6: 艾丝琳 | F6: 人族女王 | H6: 重骑士+ | I6: 人族 | J6: 神圣强化加强 | L6: 701 | M6: 174 | N6: 801 | Q6: 514+1|-1+0|516+0|-1+0|-1+0 | R6: =""&Q6&"|"&L6&"+0|"&M6&"+0|-1+0|"&N6&"+0" -> 514+1|-1+0|516+0|-1+0|-1+0|701+0|174+0|-1+0|801+0
E7: 克莱亚 | F7: 兽人英雄 | H7: 绿龙+ | I7: 兽族 | J7: 生命+5000 | L7: 702 | M7: 175 | N7: 802 | Q7: 505+1|-1+0|511+0|-1+0|-1+0 | R7: =""&Q7&"|"&L7&"+0|"&M7&"+0|-1+0|"&N7&"+0" -> 505+1|-1+0|511+0|-1+0|-1+0|702+0|175+0|-1+0|802+0
E8: 法拉 | F8: 末日火法 | H8: 圣法师+ | I8: 人族 | J8: 法强+100 | L8: 703 | M8: 174 | N8: 803 | Q8: 510+1|-1+0|503+0|-1+0|-1+0 | R8: =""&Q8&"|"&L8&"+0|"&M8&"+0|-1+0|"&N8&"+0" -> 510+1|-1+0|503+0|-1+0|-1+0|703+0|174+0|-1+0|803+0
E9: 米娜 | F9: 蝙蝠伯爵 | H9: 骨龙+ | I9: 亡灵 | J9: 骨龙进阶+1 | L9: 704 | M9: 179 | N9: 804 | Q9: 560+1|-1+0|903+0|-1+0|-1+0 | R9: =""&Q9&"|"&L9&"+0|"&M9&"+0|-1+0|"&N9&"+0" -> 560+1|-1+0|903+0|-1+0|-1+0|704+0|179+0|-1+0|804+0
E10: 迈森 | F10: 黑暗法师 | H10: 黑骑士+ | I10: 亡灵 | J10: 黑序曲+1 | L10: 705 | M10: 179 | N10: 805 | Q10: 529+1|-1+0|530+0|-1+0|-1+0 | R10: =""&Q10&"|"&L10&"+0|"&M10&"+0|-1+0|"&N10&"+0" -> 529+1|-1+0|530+0|-1+0|-1+0|705+0|179+0|-1+0|805+0
E11: 格莱 | F11: 精灵剑士 | H11: 黑龙+ | I11: 森林 | J11: 攻击+100 | L11: 706 | M11: 176 | N11: 806 | Q11: 523+1|-1+0|572+0|-1+0|-1+0 | R11: =""&Q11&"|"&L11&"+0|"&M11&"+0|-1+0|"&N11&"+0" -> 523+1|-1+0|572+0|-1+0|-1+0|706+0|176+0|-1+0|806+0
E12: 蒂亚 | F12: 冰雪女王 | H12: 蛇女+ | I12: 冰雪 | J12: 冰域持续时间+60 | L12: 707 | M12: 177 | N12: 807 | Q12: 527+1|-1+0|571+0|-1+0|-1+0 | R12: =""&Q12&"|"&L12&"+0|"&M12&"+0|-1+0|"&N12&"+0" -> 527+1|-1+0|571+0|-1+0|-1+0|707+0|177+0|-1+0|807+0
E13: 卡秋雅 | F13: 先古法师 | H13: 凤凰+ | I13: 森林 | J13: 神罚触发麻痹效果 | L13: 708 | M13: 176 | N13: 808 | Q13: 520+1|-1+0|504+0|-1+0|-1+0 | R13: =""&Q13&"|"&L13&"+0|"&M13&"+0|-1+0|"&N13&"+0" -> 520+1|-1+0|504+0|-1+0|-1+0|708+0|176+0|-1+0|808+0
E14: 索尼娅 | F14: 幻境女王 | H14: 雪女+ | I14: 冰雪 | J14: 幻想效果提升到150% | L14: 709 | M14: 177 | N14: 809 | Q14: 509+1|-1+0|901+0|-1+0|-1+0 | R14: =""&Q14&"|"&L14&"+0|"&M14&"+0|-1+0|"&N14&"+0" -> 509+1|-1+0|901+0|-1+0|-1+0|709+0|177+0|-1+0|809+0
E15: 莱恩 | F15: 战争使者 | H15: 天使+ | I15: 人族 | J15: 祈祷提升100% | L15: 710 | M15: 174 | N15: 810 | Q15: 507+1|-1+0|549+0|-1+0|-1+0 | R15: =""&Q15&"|"&L15&"+0|"&M15&"+0|-1+0|"&N15&"+0" -> 507+1|-1+0|549+0|-1+0|-1+0|710+0|174+0|-1+0|810+0
E16: 姆多 | F16: 时空龙 | H16: 绿龙+ | I16: 兽族 | J16: 回退层数+1,每层攻击力+20 | L16: 711 | M16: 175 | N16: 811 | Q16: 569+1|-1+0|162+0|-1+0|-1+0 | R16: =""&Q16&"|"&L16&"+0|"&M16&"+0|-1+0|"&N16&"+0" -> 569+1|-1+0|162+0|-1+0|-1+0|711+0|175+0|-1+0|811+0
E17: 亚瑟 | F17: 空灵亡者 | H17: 巫妖+ | I17: 亡灵 | J17: 召唤鬼王神 | L17: 712 | M17: 179 | N17: 812 | Q17: 570+1|-1+0|517+0|-1+0|-1+0 | R17: =""&Q17&"|"&L17&"+0|"&M17&"+0|-1+0|"&N17&"+0" -> 570+1|-1+0|517+0|-1+0|-1+0|712+0|179+0|-1+0|812+0
... E21: 莉斯 | F21: 探险家 | H21: 巨兽+ | I21: 兽族 | J21: 魔法冷却减少30% | L21: 716 | M21: 175 | N21: 816 | Q21: 562+1|-1+0|563+0|-1+0|-1+0 | R21: =""&Q21&"|"&L21&"+0|"&M21&"+0|-1+0|"&N21&"+0" -> 562+1|-1+0|563+0|-1+0|-1+0|716+0|175+0|-1+0|816+0
E22: 步兵
E23: 枪兵
E24: 重装步兵
E25: 重装枪兵
E26: 皇室近卫 | G26: 40
E27: 禁卫 | F27: 96 | G27: =F27+E27*$G$26 -> #VALUE!
E28: 将军 | F28: 104 | G28: =F28+E28*$G$26 -> #VALUE!
E29: 比蒙巨兽 | F29: 136 | G29: =F29+E29*$G$26 -> #VALUE!
E30: 天使 | F30: 152 | G30: =F30+E30*$G$26 -> #VALUE!
E31: 骑兵 | F31: 178 | G31: =F31+E31*$G$26 -> #VALUE!
E32: 精锐骑士 | F32: 158 | G32: =F32+E32*$G$26 -> #VALUE!
E33: 野蛮骑士 | F33: 165 | G33: =F33+E33*$G$26 -> #VALUE!
E34: 斗牛士 | F34: 202 | G34: =F34+E34*$G$26 -> #VALUE!
E35: 矮人狼骑 | F35: 94 | G35: =F35+E35*$G$26 -> #VALUE! | M35: 111001:111002:121001:121002:131001:131002:131003:131004
E36: 皇家骑士 | F36: 132 | G36: =F36+E36*$G$26 -> #VALUE! | M36: 211001:221001:231001:231002:231003
E37: 弓箭手 | F37: 172 | G37: =F37+E37*$G$26 -> #VALUE! | M37: 311001:321001:331001:331002:331003
E38: 精锐射手 | F38: 156 | G38: =F38+E38*$G$26 -> #VALUE! | M38: 411001:421001:431001:431002:431003
E39: 弩车 | F39: 200 | G39: =F39+E39*$G$26 -> #VALUE! | M39: 511001:521001:531001:531002:531003
E40: 皇家射手 | F40: 86 | G40: =F40+E40*$G$26 -> #VALUE! | M40: 611001:621001:631001:631002:631003
E41: 炮车 | F41: 120 | G41: =F41+E41*$G$26 -> #VALUE! | M41: 111001:111002:121001:121002:131001:131002:131003:131004
E42: 恐龙猎手 | F42: 155 | G42: =F42+E42*$G$26 -> #VALUE! | M42: 211001:221001:231001:231002:231003
E43: 投石车 | F43: 165 | G43: =F43+E43*$G$26 -> #VALUE! | M43: 311001:321001:331001:331002:331003
E44: 影 | F44: 150 | G44: =F44+E44*$G$26 -> #VALUE! | M44: 411001:421001:431001:431002:431003
E45: 独眼巨人 | F45: 92 | G45: =F45+E45*$G$26 -> #VALUE! | M45: 511001:521001:531001:531002:531003
E46: 蝙蝠 | F46: 128 | G46: =F46+E46*$G$26 -> #VALUE! | M46: 611001:621001:631001:631002:631003
... E58: 神官 | F58: 161 | G58: =F58+E58*$G$26 -> #VALUE! | M58: 811001:821001:831001:831002:831003
E59: 祭祀 | F59: 165 | G59: =F59+E59*$G$26 -> #VALUE!
E60: 大祭司 | F60: 98 | G60: =F60+E60*$G$26 -> #VALUE!
E61: 颂祷者 | F61: 140 | G61: =F61+E61*$G$26 -> #VALUE!
E62: 大神官 | F62: 184 | G62: =F62+E62*$G$26 -> #VALUE!
E63: 巫咒师 | F63: 178 | G63: =F63+E63*$G$26 -> #VALUE!
E64: 圣光祭司 | F64: 170 | G64: =F64+E64*$G$26 -> #VALUE!
E65: 骷髅兵 | F65: 94 | G65: =F65+E65*$G$26 -> #VALUE!
E66: 骷髅勇士 | F66: 140 | G66: =F66+E66*$G$26 -> #VALUE!
E67: 丧尸 | F67: 188 | G67: =F67+E67*$G$26 -> #VALUE!
E68: 半人马骑士 | F68: 195 | G68: =F68+E68*$G$26 -> #VALUE!
E69: 石巨人 | F69: 208 | G69: =F69+E69*$G$26 -> #VALUE!
E70: 死灵法师
E71: 灵巨人
E72: 吸血鬼
E73: 暗黑剑士
E74: 死灵领主
E75: 大恶魔
E76: 骨龙
E77: 狼战士
E78: 战狼
E79: 狼人统领
E80: 饿狼猎手
E81: 雪原巨人
... E86: 小熊-召唤

Sheet 英雄数据
A1: ID | B1: Name | C1: Camp | D1: Career | E1: Quality | F1: Star | H1: HP | I1: UpHP | L1: Atk | M1: UpAtk | P1: Def | Q1: UpDef | T1: Ap | U1: UpAp | X1: Mdef | Y1: UpMdef
A2: int | B2: string | C2: int | D2: int | E2: int | F2: int | H2: int | I2: float | L2: int | M2: float | P2: int | Q2: float | T2: int | U2: float | X2: int | Y2: float
A3: id | B3: 名字 | C3: 种族 | D3: 初始职业 | E3: 品质（D-SSS） | F3: 初始星级 | G3: 增长值 | H3: 生命值 | I3: 生命值成长 | L3: 攻击 | M3: 攻击每级成长值 | P3: 防御 | Q3: 防御每级成长值 | T3: 魔力 | U3: 魔力每级成长值 | X3: 魔防 | Y3: 魔防值每级成长值
A4: 11001 | B4: 玛伦 | C4: 1 | D4: 1 | E4: 1 | F4: 1 | G4: 1.1 | H4: 600 | I4: 10 | J4: =H4*$G4 -> 660 | K4: =I4*$G4 -> 11 | L4: 68 | M4: 1.9 | N4: =INT(L4*$G4) -> 74 | O4: =M4*$G4 -> 2.09 | P4: 31 | Q4: 1.3 | R4: =INT(P4*$G4) -> 34 | S4: =Q4*$G4 -> 1.43 | T4: 41 | U4: 1.1 | V4: =INT(T4*$G4) -> 45 | W4: =U4*$G4 -> 1.21 | X4: 26 | Y4: 1.2 | Z4: =INT(X4*$G4) -> 28 | AA4: =Y4*$G4 -> 1.32
A5: 12001 | B5: 克莱斯 | C5: 1 | D5: 2 | E5: 1 | F5: 1 | G5: =G4 -> 1.1 | H5: 590 | I5: 14 | J5: =H5*$G5 -> 649 | K5: =I5*$G5 -> 15.4 | L5: 71 | M5: 2 | N5: =INT(L5*$G5) -> 78 | O5: =M5*$G5 -> 2.2 | P5: 28 | Q5: 1.2 | R5: =INT(P5*$G5) -> 30 | S5: =Q5*$G5 -> 1.32 | T5: 38 | U5: 1.1 | V5: =INT(T5*$G5) -> 41 | W5: =U5*$G5 -> 1.21 | X5: 25 | Y5: 1.2 | Z5: =INT(X5*$G5) -> 27 | AA5: =Y5*$G5 -> 1.32
A6: 13001 | B6: 艾丝琳 | C6: 1 | D6: 3 | E6: 1 | F6: 1 | G6: =G5 -> 1.1 | H6: 500 | I6: 12 | J6: =H6*$G6 -> 550 | K6: =I6*$G6 -> 13.2 | L6: 62 | M6: 1.7 | N6: =INT(L6*$G6) -> 68 | O6: =M6*$G6 -> 1.87 | P6: 21 | Q6: 1 | R6: =INT(P6*$G6) -> 23 | S6: =Q6*$G6 -> 1.1 | T6: 34 | U6: 1.2 | V6: =INT(T6*$G6) -> 37 | W6: =U6*$G6 -> 1.32 | X6: 23 | Y6: 1.3 | Z6: =INT(X6*$G6) -> 25 | AA6: =Y6*$G6 -> 1.43
A7: 14001 | B7: 克莱亚 | C7: 1 | D7: 4 | E7: 1 | F7: 1 | G7: =G6 -> 1.1 | H7: 570 | I7: 13.5 | J7: =H7*$G7 -> 627 | K7: =I7*$G7 -> 14.85 | L7: 66 | M7: 2 | N7: =INT(L7*$G7) -> 72 | O7: =M7*$G7 -> 2.2 | P7: 26 | Q7: 1.2 | R7: =INT(P7*$G7) -> 28 | S7: =Q7*$G7 -> 1.32 | T7: 43 | U7: 1.2 | V7: =INT(T7*$G7) -> 47 | W7: =U7*$G7 -> 1.32 | X7: 28 | Y7: 1.4 | Z7: =INT(X7*$G7) -> 30 | AA7: =Y7*$G7 -> 1.54
A8: 15001 | B8: 法拉 | C8: 2 | D8: 5 | E8: 1 | F8: 1 | G8: =G7 -> 1.1 | H8: 500 | I8: 11 | J8: =H8*$G8 -> 550 | K8: =I8*$G8 -> 12.1 | L8: 45 | M8: 2 | N8: =INT(L8*$G8) -> 49 | O8: =M8*$G8 -> 2.2 | P8: 15 | Q8: 1 | R8: =INT(P8*$G8) -> 16 | S8: =Q8*$G8 -> 1.1 | T8: 63 | U8: 2 | V8: =INT(T8*$G8) -> 69 | W8: =U8*$G8 -> 2.2 | X8: 30 | Y8: 1.6 | Z8: =INT(X8*$G8) -> 33 | AA8: =Y8*$G8 -> 1.76
A9: 16001 | B9: 米娜 | C9: 2 | D9: 6 | E9: 1 | F9: 1 | G9: =G8 -> 1.1 | H9: 530 | I9: 12 | J9: =H9*$G9 -> 583 | K9: =I9*$G9 -> 13.2 | L9: 50 | M9: 1.9 | N9: =INT(L9*$G9) -> 55 | O9: =M9*$G9 -> 2.09 | P9: 21 | Q9: 1.1 | R9: =INT(P9*$G9) -> 23 | S9: =Q9*$G9 -> 1.21 | T9: 55 | U9: 1.9 | V9: =INT(T9*$G9) -> 60 | W9: =U9*$G9 -> 2.09 | X9: 40 | Y9: 1.8 | Z9: =INT(X9*$G9) -> 44 | AA9: =Y9*$G9 -> 1.98
A10: 21001 | B10: 迈森 | C10: 1 | D10: 1 | E10: 2 | F10: 2 | G10: 1.3 | H10: 645 | I10: 16.5 | J10: =H10*$G10 -> 838.5 | K10: =I10*$G10 -> 21.45 | L10: 72 | M10: 2.1 | N10: =INT(L10*$G10) -> 93 | O10: =M10*$G10 -> 2.73 | P10: 39 | Q10: 1.4 | R10: =INT(P10*$G10) -> 50 | S10: =Q10*$G10 -> 1.82 | T10: 44 | U10: 1.2 | V10: =INT(T10*$G10) -> 57 | W10: =U10*$G10 -> 1.56 | X10: 29 | Y10: 1.3 | Z10: =INT(X10*$G10) -> 37 | AA10: =Y10*$G10 -> 1.69
A11: 22001 | B11: 格莱 | C11: 1 | D11: 2 | E11: 2 | F11: 2 | G11: =G10 -> 1.3 | H11: 634 | I11: 10.4 | J11: =H11*$G11 -> 824.2 | K11: =I11*$G11 -> 13.52 | L11: 75 | M11: 2.2 | N11: =INT(L11*$G11) -> 97 | O11: =M11*$G11 -> 2.86 | P11: 36 | Q11: 1.3 | R11: =INT(P11*$G11) -> 46 | S11: =Q11*$G11 -> 1.69 | T11: 41 | U11: 1.2 | V11: =INT(T11*$G11) -> 53 | W11: =U11*$G11 -> 1.56 | X11: 28 | Y11: 1.3 | Z11: =INT(X11*$G11) -> 36 | AA11: =Y11*$G11 -> 1.69
A12: 23001 | B12: 蒂亚 | C12: 1 | D12: 3 | E12: 2 | F12: 2 | G12: =G11 -> 1.3 | H12: 535 | I12: 13.2 | J12: =H12*$G12 -> 695.5 | K12: =I12*$G12 -> 17.16 | L12: 68 | M12: 2.1 | N12: =INT(L12*$G12) -> 88 | O12: =M12*$G12 -> 2.73 | P12: 29 | Q12: 1.1 | R12: =INT(P12*$G12) -> 37 | S12: =Q12*$G12 -> 1.43 | T12: 37 | U12: 1.3 | V12: =INT(T12*$G12) -> 48 | W12: =U12*$G12 -> 1.69 | X12: 25 | Y12: 1.4 | Z12: =INT(X12*$G12) -> 32 | AA12: =Y12*$G12 -> 1.82
A13: 24001 | B13: 卡秋雅 | C13: 1 | D13: 4 | E13: 2 | F13: 2 | G13: =G12 -> 1.3 | H13: 612 | I13: 14.9 | J13: =H13*$G13 -> 795.6 | K13: =I13*$G13 -> 19.37 | L13: 72 | M13: 2.2 | N13: =INT(L13*$G13) -> 93 | O13: =M13*$G13 -> 2.86 | P13: 34 | Q13: 1.3 | R13: =INT(P13*$G13) -> 44 | S13: =Q13*$G13 -> 1.69 | T13: 47 | U13: 1.3 | V13: =INT(T13*$G13) -> 61 | W13: =U13*$G13 -> 1.69 | X13: 32 | Y13: 1.5 | Z13: =INT(X13*$G13) -> 41 | AA13: =Y13*$G13 -> 1.95
A14: 25001 | B14: 索尼娅 | C14: 2 | D14: 5 | E14: 2 | F14: 2 | G14: =G13 -> 1.3 | H14: 535 | I14: 12.1 | J14: =H14*$G14 -> 695.5 | K14: =I14*$G14 -> 15.73 | L14: 57 | M14: 2.5 | N14: =INT(L14*$G14) -> 74 | O14: =M14*$G14 -> 3.25 | P14: 25 | Q14: 1.1 | R14: =INT(P14*$G14) -> 32 | S14: =Q14*$G14 -> 1.43 | T14: 71 | U14: 2.5 | V14: =INT(T14*$G14) -> 92 | W14: =U14*$G14 -> 3.25 | X14: 33 | Y14: 1.8 | Z14: =INT(X14*$G14) -> 42 | AA14: =Y14*$G14 -> 2.34
A15: 26001 | B15: 莱恩 | C15: 2 | D15: 6 | E15: 2 | F15: 2 | G15: =G14 -> 1.3 | H15: 568 | I15: 13.2 | J15: =H15*$G15 -> 738.4 | K15: =I15*$G15 -> 17.16 | L15: 55 | M15: 2.3 | N15: =INT(L15*$G15) -> 71 | O15: =M15*$G15 -> 2.99 | P15: 30 | Q15: 1.2 | R15: =INT(P15*$G15) -> 39 | S15: =Q15*$G15 -> 1.56 | T15: 64 | U15: 2.3 | V15: =INT(T15*$G15) -> 83 | W15: =U15*$G15 -> 2.99 | X15: 45 | Y15: 2 | Z15: =INT(X15*$G15) -> 58 | AA15: =Y15*$G15 -> 2.6
A16: 28001 | B16: 姆多 | C16: 1 | D16: 8 | E16: 2 | F16: 2 | G16: =G15 -> 1.3 | H16: 623 | I16: 19.8 | J16: =H16*$G16 -> 809.9 | K16: =I16*$G16 -> 25.74 | L16: 76 | M16: 2.1 | N16: =INT(L16*$G16) -> 98 | O16: =M16*$G16 -> 2.73 | P16: 33 | Q16: 1.3 | R16: =INT(P16*$G16) -> 42 | S16: =Q16*$G16 -> 1.69 | T16: 38 | U16: 1.1 | V16: =INT(T16*$G16) -> 49 | W16: =U16*$G16 -> 1.43 | X16: 18 | Y16: 1.1 | Z16: =INT(X16*$G16) -> 23 | AA16: =Y16*$G16 -> 1.43
A17: 31001 | B17: 亚瑟 | C17: 1 | D17: 1 | E17: 3 | F17: 3 | G17: 1.5 | H17: 690 | I17: 19.8 | J17: =H17*$G17 -> 1035 | K17: =I17*$G17 -> 29.7 | L17: 80 | M17: 2.5 | N17: =INT(L17*$G17) -> 120 | O17: =M17*$G17 -> 3.75 | P17: 46 | Q17: 1.7 | R17: =INT(P17*$G17) -> 69 | S17: =Q17*$G17 -> 2.55 | T17: 47 | U17: 1.4 | V17: =INT(T17*$G17) -> 70 | W17: =U17*$G17 -> 2.1 | X17: 32 | Y17: 1.6 | Z17: =INT(X17*$G17) -> 48 | AA17: =Y17*$G17 -> 2.4
A18: 32001 | B18: 罗宾 | C18: 1 | D18: 3 | E18: 3 | F18: 3 | G18: 1.5 | H18: 606 | I18: 10.8 | J18: =H18*$G18 -> 909 | K18: =I18*$G18 -> 16.2 | L18: 64 | M18: 2.5 | N18: =INT(L18*$G18) -> 96 | O18: =M18*$G18 -> 3.75 | P18: 28 | Q18: 1.3 | R18: =INT(P18*$G18) -> 42 | S18: =Q18*$G18 -> 1.95 | T18: 41 | U18: 1.6 | V18: =INT(T18*$G18) -> 61 | W18: =U18*$G18 -> 2.4 | X18: 31 | Y18: 1.7 | Z18: =INT(X18*$G18) -> 46 | AA18: =Y18*$G18 -> 2.55
A19: 34001 | B19: 贝尔 | C19: 1 | D19: 4 | E19: 3 | F19: 3 | G19: 1.5 | H19: 654 | I19: 17.9 | J19: =H19*$G19 -> 981 | K19: =I19*$G19 -> 26.85 | L19: 78 | M19: 2.6 | N19: =INT(L19*$G19) -> 117 | O19: =M19*$G19 -> 3.9 | P19: 40 | Q19: 1.6 | R19: =INT(P19*$G19) -> 60 | S19: =Q19*$G19 -> 2.4 | T19: 50 | U19: 1.6 | V19: =INT(T19*$G19) -> 75 | W19: =U19*$G19 -> 2.4 | X19: 35 | Y19: 1.8 | Z19: =INT(X19*$G19) -> 52 | AA19: =Y19*$G19 -> 2.7
A20: 35001 | B20: 卢修斯 | C20: 2 | D20: 5 | E20: 3 | F20: 3 | G20: 1.5 | H20: 570 | I20: 14.5 | J20: =H20*$G20 -> 855 | K20: =I20*$G20 -> 21.75 | L20: 51 | M20: 2.8 | N20: =INT(L20*$G20) -> 76 | O20: =M20*$G20 -> 4.2 | P20: 33 | Q20: 1.3 | R20: =INT(P20*$G20) -> 49 | S20: =Q20*$G20 -> 1.95 | T20: 77 | U20: 2.8 | V20: =INT(T20*$G20) -> 115 | W20: =U20*$G20 -> 4.2 | X20: 37 | Y20: 2.2 | Z20: =INT(X20*$G20) -> 55 | AA20: =Y20*$G20 -> 3.3
A21: 36001 | B21: 莉斯 | C21: 2 | D21: 6 | E21: 3 | F21: 3 | G21: 1.5 | H21: 630 | I21: 10.8 | J21: =H21*$G21 -> 945 | K21: =I21*$G21 -> 16.2 | L21: 54 | M21: 2.6 | N21: =INT(L21*$G21) -> 81 | O21: =M21*$G21 -> 3.9 | P21: 28 | Q21: 1.4 | R21: =INT(P21*$G21) -> 42 | S21: =Q21*$G21 -> 2.1 | T21: 72 | U21: 2.6 | V21: =INT(T21*$G21) -> 108 | W21: =U21*$G21 -> 3.9 | X21: 48 | Y21: 2.4 | Z21: =INT(X21*$G21) -> 72 | AA21: =Y21*$G21 -> 3.6

Sheet 士兵数据
A1: id | B1: 原名 | C1: 名字 | D1: 花费 | G1: 士兵职业 | H1: 士兵等级 | I1: 其他成长系数 | J1: 生命成长系数 | K1: 生命值 | L1: 加成后生命 | M1: 攻击 | N1: 加成后攻击 | O1: 防御 | P1: 加成后防御 | Q1: 魔力 | R1: 加成后魔力 | S1: 魔防 | T1: 加成后魔防 | U1: 技巧 | V1: 技巧 | W1: 攻击距离 | X1: 警戒范围 | Y1: 移速 | Z1: 攻击间隔/8
A2: =100000*G2+H2*10000+1001 -> 111001 | B2: 步兵 | C2: 步兵 | D2: 70 | F2: ="1:"&D2&IF(E2="","",",2:"&E2) -> 1:70 | G2: 1 | H2: 1 | I2: =1+D2/1000 -> 1.07 | J2: =D2/80 -> 0.875 | K2: 276 | L2: =INT(K2*J2)+INT(K2*0.2*H2) -> 296 | M2: 67 | N2: =INT(M2*$I2)+INT(M2*0.15*H2) -> 81 | O2: 32 | P2: =INT(O2*$I2)+INT(O2*0.1*H2) -> 37 | Q2: 50 | R2: =INT(Q2*$I2)+INT(Q2*0.15*H2) -> 60 | S2: =INT(O2*0.88) -> 28 | T2: =INT(S2*$I2)+INT(S2*0.1*H2) -> 31 | U2: 10 | V2: =INT(U2*$I2) -> 10 | W2: 100 | X2: =MIN(W2+400,1100) -> 500 | Y2: 300 | Z2: 8
A3: =IF((100000*G3+H3*10000+1001)=A2,(100000*G3+H3*10000+1001)+1,(100000*G3+H3*10000+1001)) -> 111002 | B3: 枪兵 | C3: 枪兵 | D3: 80 | F3: ="1:"&D3&IF(E3="","",",2:"&E3) -> 1:80 | G3: 1 | H3: 1 | I3: =1+D3/1000 -> 1.08 | J3: =D3/80 -> 1 | K3: 290 | L3: =INT(K3*J3)+INT(K3*0.2*H3) -> 348 | M3: 63 | N3: =INT(M3*$I3)+INT(M3*0.15*H3) -> 77 | O3: 54 | P3: =INT(O3*$I3)+INT(O3*0.1*H3) -> 63 | Q3: 50 | R3: =INT(Q3*$I3)+INT(Q3*0.15*H3) -> 61 | S3: =INT(O3*0.88) -> 47 | T3: =INT(S3*$I3)+INT(S3*0.1*H3) -> 54 | U3: 10 | V3: =INT(U3*$I3) -> 10 | W3: 100 | X3: =MIN(W3+400,1100) -> 500 | Y3: 300 | Z3: 8
A4: =IF((100000*G4+H4*10000+1001)=A3,(100000*G4+H4*10000+1001)+1,(100000*G4+H4*10000+1001)) -> 121001 | B4: 重装步兵 | C4: 重装步兵 | D4: 120 | F4: ="1:"&D4&IF(E4="","",",2:"&E4) -> 1:120 | G4: 1 | H4: 2 | I4: =1+D4/1000 -> 1.12 | J4: =D4/80 -> 1.5 | K4: 356 | L4: =INT(K4*J4)+INT(K4*0.2*H4) -> 676 | M4: 72 | N4: =INT(M4*$I4)+INT(M4*0.15*H4) -> 101 | O4: 56 | P4: =INT(O4*$I4)+INT(O4*0.1*H4) -> 73 | Q4: 60 | R4: =INT(Q4*$I4)+INT(Q4*0.15*H4) -> 85 | S4: =INT(O4*0.88) -> 49 | T4: =INT(S4*$I4)+INT(S4*0.1*H4) -> 63 | U4: 10 | V4: =INT(U4*$I4) -> 11 | W4: 100 | X4: =MIN(W4+400,1100) -> 500 | Y4: 300 | Z4: 8
A5: =IF((100000*G5+H5*10000+1001)=A4,(100000*G5+H5*10000+1001)+1,(100000*G5+H5*10000+1001)) -> 131001 | B5: 重装枪兵 | C5: 重装枪兵 | D5: 130 | E5: =D5-80+(H5*10) -> 80 | F5: ="1:"&D5&IF(E5="","",",2:"&E5) -> 1:130,2:80 | G5: 1 | H5: 3 | I5: =1+D5/1000 -> 1.13 | J5: =D5/80 -> 1.625 | K5: 372 | L5: =INT(K5*J5)+INT(K5*0.2*H5) -> 827 | M5: 80 | N5: =INT(M5*$I5)+INT(M5*0.15*H5) -> 126 | O5: 64 | P5: =INT(O5*$I5)+INT(O5*0.1*H5) -> 91 | Q5: 65 | R5: =INT(Q5*$I5)+INT(Q5*0.15*H5) -> 102 | S5: =INT(O5*0.88) -> 56 | T5: =INT(S5*$I5)+INT(S5*0.1*H5) -> 79 | U5: 10 | V5: =INT(U5*$I5) -> 11 | W5: 100 | X5: =MIN(W5+400,1100) -> 500 | Y5: 300 | Z5: 8
A6: =IF((100000*G6+H6*10000+1001)=A5,(100000*G6+H6*10000+1001)+1,(100000*G6+H6*10000+1001)) -> 141001 | B6: 皇室近卫 | C6: 皇室近卫 | D6: 160 | E6: =D6-80+(H6*10) -> 120 | F6: ="1:"&D6&IF(E6="","",",2:"&E6) -> 1:160,2:120 | G6: 1 | H6: 4 | I6: =1+D6/1000 -> 1.16 | J6: =D6/80 -> 2 | K6: 418 | L6: =INT(K6*J6)+INT(K6*0.2*H6) -> 1170 | M6: 100 | N6: =INT(M6*$I6)+INT(M6*0.15*H6) -> 176 | O6: 72 | P6: =INT(O6*$I6)+INT(O6*0.1*H6) -> 111 | Q6: 70 | R6: =INT(Q6*$I6)+INT(Q6*0.15*H6) -> 123 | S6: =INT(O6*0.88) -> 63 | T6: =INT(S6*$I6)+INT(S6*0.1*H6) -> 98 | U6: 10 | V6: =INT(U6*$I6) -> 11 | W6: 100 | X6: =MIN(W6+400,1100) -> 500 | Y6: 300 | Z6: 8
A7: =IF((100000*G7+H7*10000+1001)=A6,(100000*G7+H7*10000+1001)+1,(100000*G7+H7*10000+1001)) -> 141002 | B7: 禁卫 | C7: 禁卫 | D7: 150 | E7: =D7-80+(H7*10) -> 110 | F7: ="1:"&D7&IF(E7="","",",2:"&E7) -> 1:150,2:110 | G7: 1 | H7: 4 | I7: =1+D7/1000 -> 1.15 | J7: =D7/80 -> 1.875 | K7: 432 | L7: =INT(K7*J7)+INT(K7*0.2*H7) -> 1155 | M7: 95 | N7: =INT(M7*$I7)+INT(M7*0.15*H7) -> 166 | O7: 77 | P7: =INT(O7*$I7)+INT(O7*0.1*H7) -> 118 | Q7: 72 | R7: =INT(Q7*$I7)+INT(Q7*0.15*H7) -> 125 | S7: =INT(O7*0.88) -> 67 | T7: =INT(S7*$I7)+INT(S7*0.1*H7) -> 103 | U7: 10 | V7: =INT(U7*$I7) -> 11 | W7: 100 | X7: =MIN(W7+400,1100) -> 500 | Y7: 300 | Z7: 8
A8: =IF((100000*G8+H8*10000+1001)=A7,(100000*G8+H8*10000+1001)+1,(100000*G8+H8*10000+1001)) -> 151001 | B8: 将军 | C8: 元帅 | D8: 180 | E8: =D8-80+(H8*10) -> 150 | F8: ="1:"&D8&IF(E8="","",",2:"&E8) -> 1:180,2:150 | G8: 1 | H8: 5 | I8: =1+D8/1000 -> 1.18 | J8: =D8/80 -> 2.25 | K8: 438 | L8: =INT(K8*J8)+INT(K8*0.2*H8) -> 1423 | M8: 128 | N8: =INT(M8*$I8)+INT(M8*0.15*H8) -> 247 | O8: 78 | P8: =INT(O8*$I8)+INT(O8*0.1*H8) -> 131 | Q8: 75 | R8: =INT(Q8*$I8)+INT(Q8*0.15*H8) -> 144 | S8: =INT(O8*1.1) -> 85 | T8: =INT(S8*$I8)+INT(S8*0.1*H8) -> 142 | U8: 10 | V8: =INT(U8*$I8) -> 11 | W8: 100 | X8: =MIN(W8+400,1100) -> 500 | Y8: 300 | Z8: 8
A9: =IF((100000*G9+H9*10000+1001)=A8,(100000*G9+H9*10000+1001)+1,(100000*G9+H9*10000+1001)) -> 161001 | B9: 比蒙巨兽 | C9: 比蒙巨兽 | D9: 250 | E9: =D9-80+(H9*10) -> 230 | F9: ="1:"&D9&IF(E9="","",",2:"&E9) -> 1:250,2:230 | G9: 1 | H9: 6 | I9: =1+D9/1000 -> 1.25 | J9: =D9/80 -> 3.125 | K9: 450 | L9: =INT(K9*J9)+INT(K9*0.2*H9) -> 1946 | M9: 138 | N9: =INT(M9*$I9)+INT(M9*0.15*H9) -> 296 | O9: 82 | P9: =INT(O9*$I9)+INT(O9*0.1*H9) -> 151 | Q9: 80 | R9: =INT(Q9*$I9)+INT(Q9*0.15*H9) -> 172 | S9: =INT(O9*0.88) -> 72 | T9: =INT(S9*$I9)+INT(S9*0.1*H9) -> 133 | U9: 10 | V9: =INT(U9*$I9) -> 12 | W9: 100 | X9: =MIN(W9+400,1100) -> 500 | Y9: 300 | Z9: 8
A10: =IF((100000*G10+H10*10000+1001)=A9,(100000*G10+H10*10000+1001)+1,(100000*G10+H10*10000+1001)) -> 161002 | B10: 天使 | C10: 天使 | D10: 400 | E10: =D10-80+(H10*10) -> 380 | F10: ="1:"&D10&IF(E10="","",",2:"&E10) -> 1:400,2:380 | G10: 1 | H10: 6 | I10: =1+D10/1000 -> 1.4 | J10: =D10/80 -> 5 | K10: 500 | L10: =INT(K10*J10)+INT(K10*0.2*H10) -> 3100 | M10: 145 | N10: =INT(M10*$I10)+INT(M10*0.15*H10) -> 333 | O10: 80 | P10: =INT(O10*$I10)+INT(O10*0.1*H10) -> 160 | Q10: 80 | R10: =INT(Q10*$I10)+INT(Q10*0.15*H10) -> 184 | S10: =INT(O10*1.1) -> 88 | T10: =INT(S10*$I10)+INT(S10*0.1*H10) -> 175 | U10: 10 | V10: =INT(U10*$I10) -> 14 | W10: 100 | X10: =MIN(W10+400,1100) -> 500 | Y10: 300 | Z10: 8
A11: =IF((100000*G11+H11*10000+1001)=A10,(100000*G11+H11*10000+1001)+1,(100000*G11+H11*10000+1001)) -> 221001 | B11: 骑兵 | C11: 骑兵 | D11: 180 | F11: ="1:"&D11&IF(E11="","",",2:"&E11) -> 1:180 | G11: 2 | H11: 2 | I11: =1+D11/1000 -> 1.18 | J11: =D11/80 -> 2.25 | K11: 234 | L11: =INT(K11*J11)+INT(K11*0.2*H11) -> 619 | M11: 70 | N11: =INT(M11*$I11)+INT(M11*0.15*H11) -> 103 | O11: 36 | P11: =INT(O11*$I11)+INT(O11*0.1*H11) -> 49 | Q11: 62 | R11: =INT(Q11*$I11)+INT(Q11*0.15*H11) -> 91 | S11: =INT(O11*0.88) -> 31 | T11: =INT(S11*$I11)+INT(S11*0.1*H11) -> 42 | U11: 10 | V11: =INT(U11*$I11) -> 11 | W11: 100 | X11: =MIN(W11+400,1100) -> 500 | Y11: 400 | Z11: 8
A12: =IF((100000*G12+H12*10000+1001)=A11,(100000*G12+H12*10000+1001)+1,(100000*G12+H12*10000+1001)) -> 231001 | B12: 精锐骑士 | C12: 精锐骑士 | D12: 200 | E12: =D12-80+(H12*10) -> 150 | F12: ="1:"&D12&IF(E12="","",",2:"&E12) -> 1:200,2:150 | G12: 2 | H12: 3 | I12: =1+D12/1000 -> 1.2 | J12: =D12/80 -> 2.5 | K12: 312 | L12: =INT(K12*J12)+INT(K12*0.2*H12) -> 967 | M12: 80 | N12: =INT(M12*$I12)+INT(M12*0.15*H12) -> 132 | O12: 46 | P12: =INT(O12*$I12)+INT(O12*0.1*H12) -> 68 | Q12: 67 | R12: =INT(Q12*$I12)+INT(Q12*0.15*H12) -> 110 | S12: =INT(O12*0.88) -> 40 | T12: =INT(S12*$I12)+INT(S12*0.1*H12) -> 60 | U12: 10 | V12: =INT(U12*$I12) -> 12 | W12: 100 | X12: =MIN(W12+400,1100) -> 500 | Y12: 400 | Z12: 8
A13: =IF((100000*G13+H13*10000+1001)=A12,(100000*G13+H13*10000+1001)+1,(100000*G13+H13*10000+1001)) -> 241001 | B13: 野蛮骑士 | C13: 野蛮骑士 | D13: 220 | E13: =D13-80+(H13*10) -> 180 | F13: ="1:"&D13&IF(E13="","",",2:"&E13) -> 1:220,2:180 | G13: 2 | H13: 4 | I13: =1+D13/1000 -> 1.22 | J13: =D13/80 -> 2.75 | K13: 392 | L13: =INT(K13*J13)+INT(K13*0.2*H13) -> 1391 | M13: 104 | N13: =INT(M13*$I13)+INT(M13*0.15*H13) -> 188 | O13: 55 | P13: =INT(O13*$I13)+INT(O13*0.1*H13) -> 89 | Q13: 72 | R13: =INT(Q13*$I13)+INT(Q13*0.15*H13) -> 130 | S13: =INT(O13*0.88) -> 48 | T13: =INT(S13*$I13)+INT(S13*0.1*H13) -> 77 | U13: 10 | V13: =INT(U13*$I13) -> 12 | W13: 100 | X13: =MIN(W13+400,1100) -> 500 | Y13: 400 | Z13: 8
A14: =IF((100000*G14+H14*10000+1001)=A13,(100000*G14+H14*10000+1001)+1,(100000*G14+H14*10000+1001)) -> 251001 | B14: 斗牛士 | C14: 斗牛士 | D14: 250 | E14: =D14-80+(H14*10) -> 220 | F14: ="1:"&D14&IF(E14="","",",2:"&E14) -> 1:250,2:220 | G14: 2 | H14: 5 | I14: =1+D14/1000 -> 1.25 | J14: =D14/80 -> 3.125 | K14: 420 | L14: =INT(K14*J14)+INT(K14*0.2*H14) -> 1732 | M14: 115 | N14: =INT(M14*$I14)+INT(M14*0.15*H14) -> 229 | O14: 60 | P14: =INT(O14*$I14)+INT(O14*0.1*H14) -> 105 | Q14: 68 | R14: =INT(Q14*$I14)+INT(Q14*0.15*H14) -> 136 | S14: =INT(O14*0.88) -> 52 | T14: =INT(S14*$I14)+INT(S14*0.1*H14) -> 91 | U14: 10 | V14: =INT(U14*$I14) -> 12 | W14: 100 | X14: =MIN(W14+400,1100) -> 500 | Y14: 400 | Z14: 8
A15: =IF((100000*G15+H15*10000+1001)=A14,(100000*G15+H15*10000+1001)+1,(100000*G15+H15*10000+1001)) -> 251002 | B15: 矮人狼骑 | C15: 矮人狼骑 | D15: 250 | E15: =D15-80+(H15*10) -> 220 | F15: ="1:"&D15&IF(E15="","",",2:"&E15) -> 1:250,2:220 | G15: 2 | H15: 5 | I15: =1+D15/1000 -> 1.25 | J15: =D15/80 -> 3.125 | K15: 410 | L15: =INT(K15*J15)+INT(K15*0.2*H15) -> 1691 | M15: 120 | N15: =INT(M15*$I15)+INT(M15*0.15*H15) -> 240 | O15: 58 | P15: =INT(O15*$I15)+INT(O15*0.1*H15) -> 101 | Q15: 70 | R15: =INT(Q15*$I15)+INT(Q15*0.15*H15) -> 139 | S15: =INT(O15*0.88) -> 51 | T15: =INT(S15*$I15)+INT(S15*0.1*H15) -> 88 | U15: 10 | V15: =INT(U15*$I15) -> 12 | W15: 100 | X15: =MIN(W15+400,1100) -> 500 | Y15: 400 | Z15: 8
A16: =IF((100000*G16+H16*10000+1001)=A15,(100000*G16+H16*10000+1001)+1,(100000*G16+H16*10000+1001)) -> 261001 | B16: 皇家骑士 | C16: 皇家骑士 | D16: 300 | E16: =D16-80+(H16*10) -> 280 | F16: ="1:"&D16&IF(E16="","",",2:"&E16) -> 1:300,2:280 | G16: 2 | H16: 6 | I16: =1+D16/1000 -> 1.3 | J16: =D16/80 -> 3.75 | K16: 442 | L16: =INT(K16*J16)+INT(K16*0.2*H16) -> 2187 | M16: 130 | N16: =INT(M16*$I16)+INT(M16*0.15*H16) -> 286 | O16: 70 | P16: =INT(O16*$I16)+INT(O16*0.1*H16) -> 133 | Q16: 75 | R16: =INT(Q16*$I16)+INT(Q16*0.15*H16) -> 164 | S16: =INT(O16*0.88) -> 61 | T16: =INT(S16*$I16)+INT(S16*0.1*H16) -> 115 | U16: 10 | V16: =INT(U16*$I16) -> 13 | W16: 100 | X16: =MIN(W16+400,1100) -> 500 | Y16: 400 | Z16: 8
A17: =IF((100000*G17+H17*10000+1001)=A16,(100000*G17+H17*10000+1001)+1,(100000*G17+H17*10000+1001)) -> 321001 | B17: 弓箭手 | C17: 弓箭手 | D17: 120 | F17: ="1:"&D17&IF(E17="","",",2:"&E17) -> 1:120 | G17: 3 | H17: 2 | I17: =1+D17/1000 -> 1.12 | J17: =D17/80 -> 1.5 | K17: 210 | L17: =INT(K17*J17)+INT(K17*0.2*H17) -> 399 | M17: 62 | N17: =INT(M17*$I17)+INT(M17*0.15*H17) -> 87 | O17: 27 | P17: =INT(O17*$I17)+INT(O17*0.1*H17) -> 35 | Q17: 52 | R17: =INT(Q17*$I17)+INT(Q17*0.15*H17) -> 73 | S17: =INT(O17*1.1) -> 29 | T17: =INT(S17*$I17)+INT(S17*0.1*H17) -> 37 | U17: 10 | V17: =INT(U17*$I17) -> 11 | W17: 1000 | X17: =MIN(W17+400,1100) -> 1100 | Y17: 300 | Z17: 10
A18: =IF((100000*G18+H18*10000+1001)=A17,(100000*G18+H18*10000+1001)+1,(100000*G18+H18*10000+1001)) -> 331001 | B18: 精锐射手 | C18: 精锐射手 | D18: 150 | E18: =D18-80+(H18*10) -> 100 | F18: ="1:"&D18&IF(E18="","",",2:"&E18) -> 1:150,2:100 | G18: 3 | H18: 3 | I18: =1+D18/1000 -> 1.15 | J18: =D18/80 -> 1.875 | K18: 300 | L18: =INT(K18*J18)+INT(K18*0.2*H18) -> 742 | M18: 80 | N18: =INT(M18*$I18)+INT(M18*0.15*H18) -> 128 | O18: 32 | P18: =INT(O18*$I18)+INT(O18*0.1*H18) -> 45 | Q18: 61 | R18: =INT(Q18*$I18)+INT(Q18*0.15*H18) -> 97 | S18: =INT(O18*1.1) -> 35 | T18: =INT(S18*$I18)+INT(S18*0.1*H18) -> 50 | U18: 10 | V18: =INT(U18*$I18) -> 11 | W18: 1000 | X18: =MIN(W18+400,1100) -> 1100 | Y18: 300 | Z18: 10
A19: =IF((100000*G19+H19*10000+1001)=A18,(100000*G19+H19*10000+1001)+1,(100000*G19+H19*10000+1001)) -> 341001 | B19: 弩车 | C19: 弩车 | D19: 180 | E19: =D19-80+(H19*10) -> 140 | F19: ="1:"&D19&IF(E19="","",",2:"&E19) -> 1:180,2:140 | G19: 3 | H19: 4 | I19: =1+D19/1000 -> 1.18 | J19: =D19/80 -> 2.25 | K19: 320 | L19: =INT(K19*J19)+INT(K19*0.2*H19) -> 976 | M19: 100 | N19: =INT(M19*$I19)+INT(M19*0.15*H19) -> 178 | O19: 48 | P19: =INT(O19*$I19)+INT(O19*0.1*H19) -> 75 | Q19: 52 | R19: =INT(Q19*$I19)+INT(Q19*0.15*H19) -> 92 | S19: =INT(O19*0.88) -> 42 | T19: =INT(S19*$I19)+INT(S19*0.1*H19) -> 65 | U19: 10 | V19: =INT(U19*$I19) -> 11 | W19: 1000 | X19: =MIN(W19+400,1100) -> 1100 | Y19: 300 | Z19: 10
A20: =IF((100000*G20+H20*10000+1001)=A19,(100000*G20+H20*10000+1001)+1,(100000*G20+H20*10000+1001)) -> 341002 | B20: 皇家射手 | C20: 皇家射手 | D20: 180 | E20: =D20-80+(H20*10) -> 140 | F20: ="1:"&D20&IF(E20="","",",2:"&E20) -> 1:180,2:140 | G20: 3 | H20: 4 | I20: =1+D20/1000 -> 1.18 | J20: =D20/80 -> 2.25 | K20: 375 | L20: =INT(K20*J20)+INT(K20*0.2*H20) -> 1143 | M20: 105 | N20: =INT(M20*$I20)+INT(M20*0.15*H20) -> 186 | O20: 46 | P20: =INT(O20*$I20)+INT(O20*0.1*H20) -> 72 | Q20: 64 | R20: =INT(Q20*$I20)+INT(Q20*0.15*H20) -> 113 | S20: =INT(O20*1.1) -> 50 | T20: =INT(S20*$I20)+INT(S20*0.1*H20) -> 79 | U20: 10 | V20: =INT(U20*$I20) -> 11 | W20: 1000 | X20: =MIN(W20+400,1100) -> 1100 | Y20: 300 | Z20: 10
A21: =IF((100000*G21+H21*10000+1001)=A20,(100000*G21+H21*10000+1001)+1,(100000*G21+H21*10000+1001)) -> 351001 | B21: 炮车 | C21: 炮车 | D21: 240 | E21: =D21-80+(H21*10) -> 210 | F21: ="1:"&D21&IF(E21="","",",2:"&E21) -> 1:240,2:210 | G21: 3 | H21: 5 | I21: =1+D21/1000 -> 1.24 | J21: =D21/80 -> 3 | K21: 380 | L21: =INT(K21*J21)+INT(K21*0.2*H21) -> 1520 | M21: 111 | N21: =INT(M21*$I21)+INT(M21*0.15*H21) -> 220 | O21: 55 | P21: =INT(O21*$I21)+INT(O21*0.1*H21) -> 95 | Q21: 60 | R21: =INT(Q21*$I21)+INT(Q21*0.15*H21) -> 119 | S21: =INT(O21*0.88) -> 48 | T21: =INT(S21*$I21)+INT(S21*0.1*H21) -> 83 | U21: 10 | V21: =INT(U21*$I21) -> 12 | W21: 1000 | X21: =MIN(W21+400,1100) -> 1100 | Y21: 300 | Z21: 10
A22: =IF((100000*G22+H22*10000+1001)=A21,(100000*G22+H22*10000+1001)+1,(100000*G22+H22*10000+1001)) -> 351002 | B22: 恐龙猎手 | C22: 恐龙猎手 | D22: 210 | E22: =D22-80+(H22*10) -> 180 | F22: ="1:"&D22&IF(E22="","",",2:"&E22) -> 1:210,2:180 | G22: 3 | H22: 5 | I22: =1+D22/1000 -> 1.21 | J22: =D22/80 -> 2.625 | K22: 385 | L22: =INT(K22*J22)+INT(K22*0.2*H22) -> 1395 | M22: 117 | N22: =INT(M22*$I22)+INT(M22*0.15*H22) -> 228 | O22: 50 | P22: =INT(O22*$I22)+INT(O22*0.1*H22) -> 85 | Q22: 69 | R22: =INT(Q22*$I22)+INT(Q22*0.15*H22) -> 134 | S22: =INT(O22*1.1) -> 55 | T22: =INT(S22*$I22)+INT(S22*0.1*H22) -> 93 | U22: 10 | V22: =INT(U22*$I22) -> 12 | W22: 1000 | X22: =MIN(W22+400,1100) -> 1100 | Y22: 400 | Z22: 10
A23: =IF((100000*G23+H23*10000+1001)=(100000*G22+H22*10000+1001),A22+1,(100000*G23+H23*10000+1001)) -> 361001 | B23: 投石车 | C23: 投石车 | D23: 250 | E23: =D23-80+(H23*10) -> 230 | F23: ="1:"&D23&IF(E23="","",",2:"&E23) -> 1:250,2:230 | G23: 3 | H23: 6 | I23: =1+D23/1000 -> 1.25 | J23: =D23/80 -> 3.125 | K23: 415 | L23: =INT(K23*J23)+INT(K23*0.2*H23) -> 1794 | M23: 122 | N23: =INT(M23*$I23)+INT(M23*0.15*H23) -> 261 | O23: 62 | P23: =INT(O23*$I23)+INT(O23*0.1*H23) -> 114 | Q23: 62 | R23: =INT(Q23*$I23)+INT(Q23*0.15*H23) -> 132 | S23: =INT(O23*0.88) -> 54 | T23: =INT(S23*$I23)+INT(S23*0.1*H23) -> 99 | U23: 10 | V23: =INT(U23*$I23) -> 12 | W23: 1000 | X23: =MIN(W23+400,1100) -> 1100 | Y23: 300 | Z23: 10
A24: =IF((100000*G24+H24*10000+1001)=(100000*G23+H23*10000+1001),A23+1,(100000*G24+H24*10000+1001)) -> 361002 | B24: 影 | C24: 影 | D24: 250 | E24: =D24-80+(H24*10) -> 230 | F24: ="1:"&D24&IF(E24="","",",2:"&E24) -> 1:250,2:230 | G24: 3 | H24: 6 | I24: =1+D24/1000 -> 1.25 | J24: =D24/80 -> 3.125 | K24: 370 | L24: =INT(K24*J24)+INT(K24*0.2*H24) -> 1600 | M24: 128 | N24: =INT(M24*$I24)+INT(M24*0.15*H24) -> 275 | O24: 55 | P24: =INT(O24*$I24)+INT(O24*0.1*H24) -> 101 | Q24: 74 | R24: =INT(Q24*$I24)+INT(Q24*0.15*H24) -> 158 | S24: =INT(O24*1.1) -> 60 | T24: =INT(S24*$I24)+INT(S24*0.1*H24) -> 111 | U24: 10 | V24: =INT(U24*$I24) -> 12 | W24: 1000 | X24: =MIN(W24+400,1100) -> 1100 | Y24: 300 | Z24: 10
A25: =IF((100000*G25+H25*10000+1001)=(100000*G24+H24*10000+1001),A24+1,(100000*G25+H25*10000+1001)) -> 361003 | B25: 独眼巨人 | C25: 独眼巨人 | D25: 300 | E25: =D25-80+(H25*10) -> 280 | F25: ="1:"&D25&IF(E25="","",",2:"&E25) -> 1:300,2:280 | G25: 3 | H25: 6 | I25: =1+D25/1000 -> 1.3 | J25: =D25/80 -> 3.75 | K25: 435 | L25: =INT(K25*J25)+INT(K25*0.2*H25) -> 2153 | M25: 135 | N25: =INT(M25*$I25)+INT(M25*0.15*H25) -> 296 | O25: 62 | P25: =INT(O25*$I25)+INT(O25*0.1*H25) -> 117 | Q25: 66 | R25: =INT(Q25*$I25)+INT(Q25*0.15*H25) -> 144 | S25: =INT(O25*0.88) -> 54 | T25: =INT(S25*$I25)+INT(S25*0.1*H25) -> 102 | U25: 10 | V25: =INT(U25*$I25) -> 13 | W25: 1000 | X25: =MIN(W25+400,1100) -> 1100 | Y25: 300 | Z25: 10
A26: =IF((100000*G26+H26*10000+1001)=(100000*G25+H25*10000+1001),A25+1,(100000*G26+H26*10000+1001)) -> 411001 | B26: 蝙蝠 | C26: 蝙蝠 | D26: 150 | F26: ="1:"&D26&IF(E26="","",",2:"&E26) -> 1:150 | G26: 4 | H26: 1 | I26: =1+D26/1000 -> 1.15 | J26: =D26/80 -> 1.875 | K26: 232 | L26: =INT(K26*J26)+INT(K26*0.2*H26) -> 481 | M26: 70 | N26: =INT(M26*$I26)+INT(M26*0.15*H26) -> 90 | O26: 32 | P26: =INT(O26*$I26)+INT(O26*0.1*H26) -> 39 | Q26: 50 | R26: =INT(Q26*$I26)+INT(Q26*0.15*H26) -> 64 | S26: =INT(O26*0.88) -> 28 | T26: =INT(S26*$I26)+INT(S26*0.1*H26) -> 34 | U26: 10 | V26: =INT(U26*$I26) -> 11 | W26: 100 | X26: =MIN(W26+400,1100) -> 500 | Y26: 400 | Z26: 8
A27: =IF((100000*G27+H27*10000+1001)=(100000*G26+H26*10000+1001),A26+1,(100000*G27+H27*10000+1001)) -> 431001 | B27: 翼龙骑士 | C27: 翼龙骑士 | D27: 180 | E27: =D27-80+(H27*10) -> 130 | F27: ="1:"&D27&IF(E27="","",",2:"&E27) -> 1:180,2:130 | G27: 4 | H27: 3 | I27: =1+D27/1000 -> 1.18 | J27: =D27/80 -> 2.25 | K27: 308 | L27: =INT(K27*J27)+INT(K27*0.2*H27) -> 877 | M27: 101 | N27: =INT(M27*$I27)+INT(M27*0.15*H27) -> 164 | O27: 45 | P27: =INT(O27*$I27)+INT(O27*0.1*H27) -> 66 | Q27: 60 | R27: =INT(Q27*$I27)+INT(Q27*0.15*H27) -> 97 | S27: =INT(O27*0.88) -> 39 | T27: =INT(S27*$I27)+INT(S27*0.1*H27) -> 57 | U27: 10 | V27: =INT(U27*$I27) -> 11 | W27: 100 | X27: =MIN(W27+400,1100) -> 500 | Y27: 400 | Z27: 8
A28: =IF((100000*G28+H28*10000+1001)=(100000*G27+H27*10000+1001),A27+1,(100000*G28+H28*10000+1001)) -> 441001 | B28: 讯翼龙骑士 | C28: 讯翼龙骑士 | D28: 210 | E28: =D28-80+(H28*10) -> 170 | F28: ="1:"&D28&IF(E28="","",",2:"&E28) -> 1:210,2:170 | G28: 4 | H28: 4 | I28: =1+D28/1000 -> 1.21 | J28: =D28/80 -> 2.625 | K28: 387 | L28: =INT(K28*J28)+INT(K28*0.2*H28) -> 1324 | M28: 118 | N28: =INT(M28*$I28)+INT(M28*0.15*H28) -> 212 | O28: 54 | P28: =INT(O28*$I28)+INT(O28*0.1*H28) -> 86 | Q28: 65 | R28: =INT(Q28*$I28)+INT(Q28*0.15*H28) -> 117 | S28: =INT(O28*0.88) -> 47 | T28: =INT(S28*$I28)+INT(S28*0.1*H28) -> 74 | U28: 10 | V28: =INT(U28*$I28) -> 12 | W28: 100 | X28: =MIN(W28+400,1100) -> 500 | Y28: 400 | Z28: 8
A29: =IF((100000*G29+H29*10000+1001)=(100000*G28+H28*10000+1001),A28+1,(100000*G29+H29*10000+1001)) -> 451001 | B29: 狮鹫骑士 | C29: 狮鹫骑士 | D29: 240 | E29: =D29-80+(H29*10) -> 210 | F29: ="1:"&D29&IF(E29="","",",2:"&E29) -> 1:240,2:210 | G29: 4 | H29: 5 | I29: =1+D29/1000 -> 1.24 | J29: =D29/80 -> 3 | K29: 393 | L29: =INT(K29*J29)+INT(K29*0.2*H29) -> 1572 | M29: 128 | N29: =INT(M29*$I29)+INT(M29*0.15*H29) -> 254 | O29: 60 | P29: =INT(O29*$I29)+INT(O29*0.1*H29) -> 104 | Q29: 70 | R29: =INT(Q29*$I29)+INT(Q29*0.15*H29) -> 138 | S29: =INT(O29*0.88) -> 52 | T29: =INT(S29*$I29)+INT(S29*0.1*H29) -> 90 | U29: 10 | V29: =INT(U29*$I29) -> 12 | W29: 100 | X29: =MIN(W29+400,1100) -> 500 | Y29: 400 | Z29: 8
A30: =IF((100000*G30+H30*10000+1001)=(100000*G29+H29*10000+1001),A29+1,(100000*G30+H30*10000+1001)) -> 461001 | B30: 圣狮鹫骑士 | C30: 圣狮鹫骑士 | D30: 270 | E30: =D30-80+(H30*10) -> 250 | F30: ="1:"&D30&IF(E30="","",",2:"&E30) -> 1:270,2:250 | G30: 4 | H30: 6 | I30: =1+D30/1000 -> 1.27 | J30: =D30/80 -> 3.375 | K30: 420 | L30: =INT(K30*J30)+INT(K30*0.2*H30) -> 1921 | M30: 130 | N30: =INT(M30*$I30)+INT(M30*0.15*H30) -> 282 | O30: 65 | P30: =INT(O30*$I30)+INT(O30*0.1*H30) -> 121 | Q30: 75 | R30: =INT(Q30*$I30)+INT(Q30*0.15*H30) -> 162 | S30: =INT(O30*0.88) -> 57 | T30: =INT(S30*$I30)+INT(S30*0.1*H30) -> 106 | U30: 10 | V30: =INT(U30*$I30) -> 12 | W30: 100 | X30: =MIN(W30+400,1100) -> 500 | Y30: 400 | Z30: 8
A31: =IF((100000*G31+H31*10000+1001)=(100000*G30+H30*10000+1001),A30+1,(100000*G31+H31*10000+1001)) -> 461002 | B31: 凤凰 | C31: 凤凰 | D31: 320 | E31: =D31-80+(H31*10) -> 300 | F31: ="1:"&D31&IF(E31="","",",2:"&E31) -> 1:320,2:300 | G31: 4 | H31: 6 | I31: =1+D31/1000 -> 1.32 | J31: =D31/80 -> 4 | K31: 468 | L31: =INT(K31*J31)+INT(K31*0.2*H31) -> 2433 | M31: 138 | N31: =INT(M31*$I31)+INT(M31*0.15*H31) -> 306 | O31: 68 | P31: =INT(O31*$I31)+INT(O31*0.1*H31) -> 129 | Q31: 88 | R31: =INT(Q31*$I31)+INT(Q31*0.15*H31) -> 195 | S31: =INT(O31*1.1) -> 74 | T31: =INT(S31*$I31)+INT(S31*0.1*H31) -> 141 | U31: 10 | V31: =INT(U31*$I31) -> 13 | W31: 100 | X31: =MIN(W31+400,1100) -> 500 | Y31: 400 | Z31: 8
A32: =IF((100000*G32+H32*10000+1001)=(100000*G31+H31*10000+1001),A31+1,(100000*G32+H32*10000+1001)) -> 521001 | B32: 魔导士 | C32: 魔导士 | D32: 140 | F32: ="1:"&D32&IF(E32="","",",2:"&E32) -> 1:140 | G32: 5 | H32: 2 | I32: =1+D32/1000 -> 1.14 | J32: =D32/80 -> 1.75 | K32: 221 | L32: =INT(K32*J32)+INT(K32*0.2*H32) -> 474 | M32: 18 | N32: =INT(M32*$I32)+INT(M32*0.15*H32) -> 25 | O32: 28 | P32: =INT(O32*$I32)+INT(O32*0.1*H32) -> 36 | Q32: 68 | R32: =INT(Q32*$I32)+INT(Q32*0.15*H32) -> 97 | S32: =INT(O32*1.4) -> 39 | T32: =INT(S32*$I32)+INT(S32*0.1*H32) -> 51 | U32: 10 | V32: =INT(U32*$I32) -> 11 | W32: 1000 | X32: =MIN(W32+400,1100) -> 1100 | Y32: 300 | Z32: 10
A33: =IF((100000*G33+H33*10000+1001)=(100000*G32+H32*10000+1001),A32+1,(100000*G33+H33*10000+1001)) -> 531001 | B33: 魔导师 | C33: 魔导师 | D33: 170 | E33: =D33-80+(H33*10) -> 120 | F33: ="1:"&D33&IF(E33="","",",2:"&E33) -> 1:170,2:120 | G33: 5 | H33: 3 | I33: =1+D33/1000 -> 1.17 | J33: =D33/80 -> 2.125 | K33: 293 | L33: =INT(K33*J33)+INT(K33*0.2*H33) -> 797 | M33: 56 | N33: =INT(M33*$I33)+INT(M33*0.15*H33) -> 90 | O33: 35 | P33: =INT(O33*$I33)+INT(O33*0.1*H33) -> 50 | Q33: 80 | R33: =INT(Q33*$I33)+INT(Q33*0.15*H33) -> 129 | S33: =INT(O33*1.4) -> 49 | T33: =INT(S33*$I33)+INT(S33*0.1*H33) -> 71 | U33: 10 | V33: =INT(U33*$I33) -> 11 | W33: 1000 | X33: =MIN(W33+400,1100) -> 1100 | Y33: 300 | Z33: 10
A34: =IF((100000*G34+H34*10000+1001)=(100000*G33+H33*10000+1001),A33+1,(100000*G34+H34*10000+1001)) -> 531002 | B34: 修士 | C34: 修士 | D34: 175 | E34: =D34-80+(H34*10) -> 125 | F34: ="1:"&D34&IF(E34="","",",2:"&E34) -> 1:175,2:125 | G34: 5 | H34: 3 | I34: =1+D34/1000 -> 1.175 | J34: =D34/80 -> 2.1875 | K34: 312 | L34: =INT(K34*J34)+INT(K34*0.2*H34) -> 869 | M34: 85 | N34: =INT(M34*$I34)+INT(M34*0.15*H34) -> 137 | O34: 40 | P34: =INT(O34*$I34)+INT(O34*0.1*H34) -> 59 | Q34: 75 | R34: =INT(Q34*$I34)+INT(Q34*0.15*H34) -> 121 | S34: =INT(O34*1.4) -> 56 | T34: =INT(S34*$I34)+INT(S34*0.1*H34) -> 81 | U34: 10 | V34: =INT(U34*$I34) -> 11 | W34: 1000 | X34: =MIN(W34+400,1100) -> 1100 | Y34: 300 | Z34: 10
A35: =IF((100000*G35+H35*10000+1001)=(100000*G34+H34*10000+1001),A34+1,(100000*G35+H35*10000+1001)) -> 541001 | B35: 大魔法师 | C35: 大魔法师 | D35: 200 | E35: =D35-80+(H35*10) -> 160 | F35: ="1:"&D35&IF(E35="","",",2:"&E35) -> 1:200,2:160 | G35: 5 | H35: 4 | I35: =1+D35/1000 -> 1.2 | J35: =D35/80 -> 2.5 | K35: 367 | L35: =INT(K35*J35)+INT(K35*0.2*H35) -> 1210 | M35: 90 | N35: =INT(M35*$I35)+INT(M35*0.15*H35) -> 162 | O35: 45 | P35: =INT(O35*$I35)+INT(O35*0.1*H35) -> 72 | Q35: 95 | R35: =INT(Q35*$I35)+INT(Q35*0.15*H35) -> 171 | S35: =INT(O35*1.4) -> 63 | T35: =INT(S35*$I35)+INT(S35*0.1*H35) -> 100 | U35: 10 | V35: =INT(U35*$I35) -> 12 | W35: 1000 | X35: =MIN(W35+400,1100) -> 1100 | Y35: 300 | Z35: 10
A36: =IF((100000*G36+H36*10000+1001)=(100000*G35+H35*10000+1001),A35+1,(100000*G36+H36*10000+1001)) -> 551001 | B36: 烈焰之灵 | C36: 烈焰之灵 | D36: 230 | E36: =D36-80+(H36*10) -> 200 | F36: ="1:"&D36&IF(E36="","",",2:"&E36) -> 1:230,2:200 | G36: 5 | H36: 5 | I36: =1+D36/1000 -> 1.23 | J36: =D36/80 -> 2.875 | K36: 377 | L36: =INT(K36*J36)+INT(K36*0.2*H36) -> 1460 | M36: 88 | N36: =INT(M36*$I36)+INT(M36*0.15*H36) -> 174 | O36: 52 | P36: =INT(O36*$I36)+INT(O36*0.1*H36) -> 89 | Q36: 111 | R36: =INT(Q36*$I36)+INT(Q36*0.15*H36) -> 219 | S36: =INT(O36*1.4) -> 72 | T36: =INT(S36*$I36)+INT(S36*0.1*H36) -> 124 | U36: 10 | V36: =INT(U36*$I36) -> 12 | W36: 1000 | X36: =MIN(W36+400,1100) -> 1100 | Y36: 300 | Z36: 10
A37: =IF((100000*G37+H37*10000+1001)=(100000*G36+H36*10000+1001),A36+1,(100000*G37+H37*10000+1001)) -> 561001 | B37: 泰坦 | C37: 泰坦 | D37: 360 | E37: =D37-80+(H37*10) -> 340 | F37: ="1:"&D37&IF(E37="","",",2:"&E37) -> 1:360,2:340 | G37: 5 | H37: 6 | I37: =1+D37/1000 -> 1.36 | J37: =D37/80 -> 4.5 | K37: 480 | L37: =INT(K37*J37)+INT(K37*0.2*H37) -> 2736 | M37: 85 | N37: =INT(M37*$I37)+INT(M37*0.15*H37) -> 191 | O37: 68 | P37: =INT(O37*$I37)+INT(O37*0.1*H37) -> 132 | Q37: 148 | R37: =INT(Q37*$I37)+INT(Q37*0.15*H37) -> 334 | S37: =INT(O37*1.4) -> 95 | T37: =INT(S37*$I37)+INT(S37*0.1*H37) -> 186 | U37: 10 | V37: =INT(U37*$I37) -> 13 | W37: 1000 | X37: =MIN(W37+400,1100) -> 1100 | Y37: 300 | Z37: 10
A38: =IF((100000*G38+H38*10000+1001)=(100000*G37+H37*10000+1001),A37+1,(100000*G38+H38*10000+1001)) -> 621001 | B38: 神官 | C38: 神官 | D38: 120 | F38: ="1:"&D38&IF(E38="","",",2:"&E38) -> 1:120 | G38: 6 | H38: 2 | I38: =1+D38/1000 -> 1.12 | J38: =D38/80 -> 1.5 | K38: 228 | L38: =INT(K38*J38)+INT(K38*0.2*H38) -> 433 | M38: 13 | N38: =INT(M38*$I38)+INT(M38*0.15*H38) -> 17 | O38: 31 | P38: =INT(O38*$I38)+INT(O38*0.1*H38) -> 40 | Q38: 60 | R38: =INT(Q38*$I38)+INT(Q38*0.15*H38) -> 85 | S38: =INT(O38*1.4) -> 43 | T38: =INT(S38*$I38)+INT(S38*0.1*H38) -> 56 | U38: 10 | V38: =INT(U38*$I38) -> 11 | W38: 1000 | X38: =MIN(W38+400,1100) -> 1100 | Y38: 300 | Z38: 10
A39: =IF((100000*G39+H39*10000+1001)=(100000*G38+H38*10000+1001),A38+1,(100000*G39+H39*10000+1001)) -> 631001 | B39: 祭祀 | C39: 祭祀 | D39: 150 | E39: =D39-80+(H39*10) -> 100 | F39: ="1:"&D39&IF(E39="","",",2:"&E39) -> 1:150,2:100 | G39: 6 | H39: 3 | I39: =1+D39/1000 -> 1.15 | J39: =D39/80 -> 1.875 | K39: 302 | L39: =INT(K39*J39)+INT(K39*0.2*H39) -> 747 | M39: 48 | N39: =INT(M39*$I39)+INT(M39*0.15*H39) -> 76 | O39: 42 | P39: =INT(O39*$I39)+INT(O39*0.1*H39) -> 60 | Q39: 77 | R39: =INT(Q39*$I39)+INT(Q39*0.15*H39) -> 122 | S39: =INT(O39*1.4) -> 58 | T39: =INT(S39*$I39)+INT(S39*0.1*H39) -> 83 | U39: 10 | V39: =INT(U39*$I39) -> 11 | W39: 1000 | X39: =MIN(W39+400,1100) -> 1100 | Y39: 300 | Z39: 10
A40: =IF((100000*G40+H40*10000+1001)=(100000*G39+H39*10000+1001),A39+1,(100000*G40+H40*10000+1001)) -> 641001 | B40: 大祭司 | C40: 大祭司 | D40: 180 | E40: =D40-80+(H40*10) -> 140 | F40: ="1:"&D40&IF(E40="","",",2:"&E40) -> 1:180,2:140 | G40: 6 | H40: 4 | I40: =1+D40/1000 -> 1.18 | J40: =D40/80 -> 2.25 | K40: 378 | L40: =INT(K40*J40)+INT(K40*0.2*H40) -> 1152 | M40: 80 | N40: =INT(M40*$I40)+INT(M40*0.15*H40) -> 142 | O40: 46 | P40: =INT(O40*$I40)+INT(O40*0.1*H40) -> 72 | Q40: 92 | R40: =INT(Q40*$I40)+INT(Q40*0.15*H40) -> 163 | S40: =INT(O40*1.4) -> 64 | T40: =INT(S40*$I40)+INT(S40*0.1*H40) -> 100 | U40: 10 | V40: =INT(U40*$I40) -> 11 | W40: 1000 | X40: =MIN(W40+400,1100) -> 1100 | Y40: 300 | Z40: 10
A41: =IF((100000*G41+H41*10000+1001)=(100000*G40+H40*10000+1001),A40+1,(100000*G41+H41*10000+1001)) -> 641002 | B41: 颂祷者 | C41: 颂祷者 | D41: 180 | E41: =D41-80+(H41*10) -> 140 | F41: ="1:"&D41&IF(E41="","",",2:"&E41) -> 1:180,2:140 | G41: 6 | H41: 4 | I41: =1+D41/1000 -> 1.18 | J41: =D41/80 -> 2.25 | K41: 381 | L41: =INT(K41*J41)+INT(K41*0.2*H41) -> 1161 | M41: 78 | N41: =INT(M41*$I41)+INT(M41*0.15*H41) -> 138 | O41: 48 | P41: =INT(O41*$I41)+INT(O41*0.1*H41) -> 75 | Q41: 95 | R41: =INT(Q41*$I41)+INT(Q41*0.15*H41) -> 169 | S41: =INT(O41*1.4) -> 67 | T41: =INT(S41*$I41)+INT(S41*0.1*H41) -> 105 | U41: 10 | V41: =INT(U41*$I41) -> 11 | W41: 1000 | X41: =MIN(W41+400,1100) -> 1100 | Y41: 300 | Z41: 10
A42: =IF((100000*G42+H42*10000+1001)=(100000*G41+H41*10000+1001),A41+1,(100000*G42+H42*10000+1001)) -> 651001 | B42: 大神官 | C42: 大神官 | D42: 210 | E42: =D42-80+(H42*10) -> 180 | F42: ="1:"&D42&IF(E42="","",",2:"&E42) -> 1:210,2:180 | G42: 6 | H42: 5 | I42: =1+D42/1000 -> 1.21 | J42: =D42/80 -> 2.625 | K42: 395 | L42: =INT(K42*J42)+INT(K42*0.2*H42) -> 1431 | M42: 76 | N42: =INT(M42*$I42)+INT(M42*0.15*H42) -> 148 | O42: 52 | P42: =INT(O42*$I42)+INT(O42*0.1*H42) -> 88 | Q42: 108 | R42: =INT(Q42*$I42)+INT(Q42*0.15*H42) -> 211 | S42: =INT(O42*1.4) -> 72 | T42: =INT(S42*$I42)+INT(S42*0.1*H42) -> 123 | U42: 10 | V42: =INT(U42*$I42) -> 12 | W42: 1000 | X42: =MIN(W42+400,1100) -> 1100 | Y42: 300 | Z42: 10
A43: =IF((100000*G43+H43*10000+1001)=(100000*G42+H42*10000+1001),A42+1,(100000*G43+H43*10000+1001)) -> 651002 | B43: 巫咒师 | C43: 巫咒师 | D43: 210 | E43: =D43-80+(H43*10) -> 180 | F43: ="1:"&D43&IF(E43="","",",2:"&E43) -> 1:210,2:180 | G43: 6 | H43: 5 | I43: =1+D43/1000 -> 1.21 | J43: =D43/80 -> 2.625 | K43: 398 | L43: =INT(K43*J43)+INT(K43*0.2*H43) -> 1442 | M43: 76 | N43: =INT(M43*$I43)+INT(M43*0.15*H43) -> 148 | O43: 55 | P43: =INT(O43*$I43)+INT(O43*0.1*H43) -> 93 | Q43: 110 | R43: =INT(Q43*$I43)+INT(Q43*0.15*H43) -> 215 | S43: =INT(O43*1.4) -> 77 | T43: =INT(S43*$I43)+INT(S43*0.1*H43) -> 131 | U43: 10 | V43: =INT(U43*$I43) -> 12 | W43: 1000 | X43: =MIN(W43+400,1100) -> 1100 | Y43: 300 | Z43: 10
A44: =IF((100000*G44+H44*10000+1001)=(100000*G43+H43*10000+1001),A43+1,(100000*G44+H44*10000+1001)) -> 661001 | B44: 圣光祭司 | C44: 圣光祭司 | D44: 240 | E44: =D44-80+(H44*10) -> 220 | F44: ="1:"&D44&IF(E44="","",",2:"&E44) -> 1:240,2:220 | G44: 6 | H44: 6 | I44: =1+D44/1000 -> 1.24 | J44: =D44/80 -> 3 | K44: 412 | L44: =INT(K44*J44)+INT(K44*0.2*H44) -> 1730 | M44: 76 | N44: =INT(M44*$I44)+INT(M44*0.15*H44) -> 162 | O44: 60 | P44: =INT(O44*$I44)+INT(O44*0.1*H44) -> 110 | Q44: 116 | R44: =INT(Q44*$I44)+INT(Q44*0.15*H44) -> 247 | S44: =INT(O44*1.4) -> 84 | T44: =INT(S44*$I44)+INT(S44*0.1*H44) -> 154 | U44: 10 | V44: =INT(U44*$I44) -> 12 | W44: 1000 | X44: =MIN(W44+400,1100) -> 1100 | Y44: 300 | Z44: 10
A45: =IF((100000*G45+H45*10000+1001)=(100000*G44+H44*10000+1001),A44+1,(100000*G45+H45*10000+1001)) -> 711001 | B45: 骷髅兵 | C45: 骷髅兵 | D45: 100 | F45: ="1:"&D45&IF(E45="","",",2:"&E45) -> 1:100 | G45: 7 | H45: 1 | I45: =1+D45/1000 -> 1.1 | J45: =D45/80 -> 1.25 | K45: 258 | L45: =INT(K45*J45)+INT(K45*0.2*H45) -> 373 | M45: 67 | N45: =INT(M45*$I45)+INT(M45*0.15*H45) -> 83 | O45: 37 | P45: =INT(O45*$I45)+INT(O45*0.1*H45) -> 43 | Q45: 57 | R45: =INT(Q45*$I45)+INT(Q45*0.15*H45) -> 70 | S45: =INT(O45*0.88) -> 32 | T45: =INT(S45*$I45)+INT(S45*0.1*H45) -> 38 | U45: 10 | V45: =INT(U45*$I45) -> 11 | W45: 100 | X45: =MIN(W45+400,1100) -> 500 | Y45: 300 | Z45: 8
A46: =IF((100000*G46+H46*10000+1001)=(100000*G45+H45*10000+1001),A45+1,(100000*G46+H46*10000+1001)) -> 721001 | B46: 骷髅勇士 | C46: 骷髅勇士 | D46: 130 | F46: ="1:"&D46&IF(E46="","",",2:"&E46) -> 1:130 | G46: 7 | H46: 2 | I46: =1+D46/1000 -> 1.13 | J46: =D46/80 -> 1.625 | K46: 270 | L46: =INT(K46*J46)+INT(K46*0.2*H46) -> 546 | M46: 77 | N46: =INT(M46*$I46)+INT(M46*0.15*H46) -> 110 | O46: 46 | P46: =INT(O46*$I46)+INT(O46*0.1*H46) -> 60 | Q46: 62 | R46: =INT(Q46*$I46)+INT(Q46*0.15*H46) -> 88 | S46: =INT(O46*0.88) -> 40 | T46: =INT(S46*$I46)+INT(S46*0.1*H46) -> 53 | U46: 10 | V46: =INT(U46*$I46) -> 11 | W46: 100 | X46: =MIN(W46+400,1100) -> 500 | Y46: 300 | Z46: 8
A47: =IF((100000*G47+H47*10000+1001)=(100000*G46+H46*10000+1001),A46+1,(100000*G47+H47*10000+1001)) -> 721002 | B47: 丧尸 | C47: 丧尸 | D47: 150 | E47: 0 | F47: ="1:"&D47&IF(E47="","",",2:"&E47) -> 1:150,2:0 | G47: 7 | H47: 2 | I47: =1+D47/1000 -> 1.15 | J47: =D47/80 -> 1.875 | K47: 288 | L47: =INT(K47*J47)+INT(K47*0.2*H47) -> 655 | M47: 78 | N47: =INT(M47*$I47)+INT(M47*0.15*H47) -> 112 | O47: 30 | P47: =INT(O47*$I47)+INT(O47*0.1*H47) -> 40 | Q47: 57 | R47: =INT(Q47*$I47)+INT(Q47*0.15*H47) -> 82 | S47: =INT(O47*0.88) -> 26 | T47: =INT(S47*$I47)+INT(S47*0.1*H47) -> 34 | U47: 10 | V47: =INT(U47*$I47) -> 11 | W47: 1000 | X47: =MIN(W47+400,1100) -> 1100 | Y47: 300 | Z47: 10
A48: =IF((100000*G48+H48*10000+1001)=(100000*G47+H47*10000+1001),A47+1,(100000*G48+H48*10000+1001)) -> 731001 | B48: 半人马骑士 | C48: 半人马骑士 | D48: 160 | E48: =D48-80+(H48*10) -> 110 | F48: ="1:"&D48&IF(E48="","",",2:"&E48) -> 1:160,2:110 | G48: 7 | H48: 3 | I48: =1+D48/1000 -> 1.16 | J48: =D48/80 -> 2 | K48: 312 | L48: =INT(K48*J48)+INT(K48*0.2*H48) -> 811 | M48: 91 | N48: =INT(M48*$I48)+INT(M48*0.15*H48) -> 145 | O48: 48 | P48: =INT(O48*$I48)+INT(O48*0.1*H48) -> 69 | Q48: 68 | R48: =INT(Q48*$I48)+INT(Q48*0.15*H48) -> 108 | S48: =INT(O48*0.88) -> 42 | T48: =INT(S48*$I48)+INT(S48*0.1*H48) -> 60 | U48: 10 | V48: =INT(U48*$I48) -> 11 | W48: 100 | X48: =MIN(W48+400,1100) -> 500 | Y48: 400 | Z48: 8
A49: =IF((100000*G49+H49*10000+1001)=(100000*G48+H48*10000+1001),A48+1,(100000*G49+H49*10000+1001)) -> 731002 | B49: 石巨人 | C49: 石巨人 | D49: 180 | E49: =D49-80+(H49*10) -> 130 | F49: ="1:"&D49&IF(E49="","",",2:"&E49) -> 1:180,2:130 | G49: 7 | H49: 3 | I49: =1+D49/1000 -> 1.18 | J49: =D49/80 -> 2.25 | K49: 358 | L49: =INT(K49*J49)+INT(K49*0.2*H49) -> 1019 | M49: 88 | N49: =INT(M49*$I49)+INT(M49*0.15*H49) -> 142 | O49: 50 | P49: =INT(O49*$I49)+INT(O49*0.1*H49) -> 74 | Q49: 61 | R49: =INT(Q49*$I49)+INT(Q49*0.15*H49) -> 98 | S49: =INT(O49*0.88) -> 44 | T49: =INT(S49*$I49)+INT(S49*0.1*H49) -> 64 | U49: 10 | V49: =INT(U49*$I49) -> 11 | W49: 1000 | X49: =MIN(W49+400,1100) -> 1100 | Y49: 300 | Z49: 10
A50: =IF((100000*G50+H50*10000+1001)=(100000*G49+H49*10000+1001),A49+1,(100000*G50+H50*10000+1001)) -> 741001 | B50: 死灵法师 | C50: 死灵法师 | D50: 190 | E50: =D50-80+(H50*10) -> 150 | F50: ="1:"&D50&IF(E50="","",",2:"&E50) -> 1:190,2:150 | G50: 7 | H50: 4 | I50: =1+D50/1000 -> 1.19 | J50: =D50/80 -> 2.375 | K50: 338 | L50: =INT(K50*J50)+INT(K50*0.2*H50) -> 1072 | M50: 75 | N50: =INT(M50*$I50)+INT(M50*0.15*H50) -> 134 | O50: 44 | P50: =INT(O50*$I50)+INT(O50*0.1*H50) -> 69 | Q50: 98 | R50: =INT(Q50*$I50)+INT(Q50*0.15*H50) -> 174 | S50: =INT(O50*1.4) -> 61 | T50: =INT(S50*$I50)+INT(S50*0.1*H50) -> 96 | U50: 10 | V50: =INT(U50*$I50) -> 11 | W50: 1000 | X50: =MIN(W50+400,1100) -> 1100 | Y50: 300 | Z50: 10
A51: =IF((100000*G51+H51*10000+1001)=(100000*G50+H50*10000+1001),A50+1,(100000*G51+H51*10000+1001)) -> 741002 | B51: 灵巨人 | C51: 灵巨人 | D51: 220 | E51: =D51-80+(H51*10) -> 180 | F51: ="1:"&D51&IF(E51="","",",2:"&E51) -> 1:220,2:180 | G51: 7 | H51: 4 | I51: =1+D51/1000 -> 1.22 | J51: =D51/80 -> 2.75 | K51: 400 | L51: =INT(K51*J51)+INT(K51*0.2*H51) -> 1420 | M51: 100 | N51: =INT(M51*$I51)+INT(M51*0.15*H51) -> 182 | O51: 55 | P51: =INT(O51*$I51)+INT(O51*0.1*H51) -> 89 | Q51: 71 | R51: =INT(Q51*$I51)+INT(Q51*0.15*H51) -> 128 | S51: =INT(O51*0.88) -> 48 | T51: =INT(S51*$I51)+INT(S51*0.1*H51) -> 77 | U51: 10 | V51: =INT(U51*$I51) -> 12 | W51: 1000 | X51: =MIN(W51+400,1100) -> 1100 | Y51: 300 | Z51: 10
A52: =IF((100000*G52+H52*10000+1001)=(100000*G51+H51*10000+1001),A51+1,(100000*G52+H52*10000+1001)) -> 741003 | B52: 吸血鬼 | C52: 吸血鬼 | D52: 220 | E52: =D52-80+(H52*10) -> 180 | F52: ="1:"&D52&IF(E52="","",",2:"&E52) -> 1:220,2:180 | G52: 7 | H52: 4 | I52: =1+D52/1000 -> 1.22 | J52: =D52/80 -> 2.75 | K52: 400 | L52: =INT(K52*J52)+INT(K52*0.2*H52) -> 1420 | M52: 100 | N52: =INT(M52*$I52)+INT(M52*0.15*H52) -> 182 | O52: 55 | P52: =INT(O52*$I52)+INT(O52*0.1*H52) -> 89 | Q52: 71 | R52: =INT(Q52*$I52)+INT(Q52*0.15*H52) -> 128 | S52: =INT(O52*0.88) -> 48 | T52: =INT(S52*$I52)+INT(S52*0.1*H52) -> 77 | U52: 10 | V52: =INT(U52*$I52) -> 12 | W52: 1000 | X52: =MIN(W52+400,1100) -> 1100 | Y52: 300 | Z52: 10
A53: =IF((100000*G53+H53*10000+1001)=(100000*G51+H51*10000+1001),A51+1,(100000*G53+H53*10000+1001)) -> 751001 | B53: 暗黑剑士 | C53: 暗黑剑士 | D53: 230 | E53: =D53-80+(H53*10) -> 200 | F53: ="1:"&D53&IF(E53="","",",2:"&E53) -> 1:230,2:200 | G53: 7 | H53: 5 | I53: =1+D53/1000 -> 1.23 | J53: =D53/80 -> 2.875 | K53: 368 | L53: =INT(K53*J53)+INT(K53*0.2*H53) -> 1426 | M53: 130 | N53: =INT(M53*$I53)+INT(M53*0.15*H53) -> 256 | O53: 55 | P53: =INT(O53*$I53)+INT(O53*0.1*H53) -> 94 | Q53: 72 | R53: =INT(Q53*$I53)+INT(Q53*0.15*H53) -> 142 | S53: =INT(O53*0.88) -> 48 | T53: =INT(S53*$I53)+INT(S53*0.1*H53) -> 83 | U53: 10 | V53: =INT(U53*$I53) -> 12 | W53: 100 | X53: =MIN(W53+400,1100) -> 500 | Y53: 300 | Z53: 8
A54: =IF((100000*G54+H54*10000+1001)=(100000*G53+H53*10000+1001),A53+1,(100000*G54+H54*10000+1001)) -> 751002 | B54: 死灵领主 | C54: 死灵领主 | D54: 250 | E54: =D54-80+(H54*10) -> 220 | F54: ="1:"&D54&IF(E54="","",",2:"&E54) -> 1:250,2:220 | G54: 7 | H54: 5 | I54: =1+D54/1000 -> 1.25 | J54: =D54/80 -> 3.125 | K54: 410 | L54: =INT(K54*J54)+INT(K54*0.2*H54) -> 1691 | M54: 136 | N54: =INT(M54*$I54)+INT(M54*0.15*H54) -> 272 | O54: 55 | P54: =INT(O54*$I54)+INT(O54*0.1*H54) -> 95 | Q54: 73 | R54: =INT(Q54*$I54)+INT(Q54*0.15*H54) -> 145 | S54: =INT(O54*1.1) -> 60 | T54: =INT(S54*$I54)+INT(S54*0.1*H54) -> 105 | U54: 10 | V54: =INT(U54*$I54) -> 12 | W54: 1000 | X54: =MIN(W54+400,1100) -> 1100 | Y54: 300 | Z54: 10
A55: =IF((100000*G55+H55*10000+1001)=(100000*G54+H54*10000+1001),A54+1,(100000*G55+H55*10000+1001)) -> 761001 | B55: 大恶魔 | C55: 大恶魔 | D55: 390 | E55: =D55-80+(H55*10) -> 370 | F55: ="1:"&D55&IF(E55="","",",2:"&E55) -> 1:390,2:370 | G55: 7 | H55: 6 | I55: =1+D55/1000 -> 1.39 | J55: =D55/80 -> 4.875 | K55: 480 | L55: =INT(K55*J55)+INT(K55*0.2*H55) -> 2916 | M55: 150 | N55: =INT(M55*$I55)+INT(M55*0.15*H55) -> 343 | O55: 78 | P55: =INT(O55*$I55)+INT(O55*0.1*H55) -> 154 | Q55: 73 | R55: =INT(Q55*$I55)+INT(Q55*0.15*H55) -> 166 | S55: =INT(O55*1.1) -> 85 | T55: =INT(S55*$I55)+INT(S55*0.1*H55) -> 169 | U55: 10 | V55: =INT(U55*$I55) -> 13 | W55: 1000 | X55: =MIN(W55+400,1100) -> 1100 | Y55: 300 | Z55: 10
A56: =IF((100000*G56+H56*10000+1001)=(100000*G55+H55*10000+1001),A55+1,(100000*G56+H56*10000+1001)) -> 761002 | B56: 骨龙 | C56: 骨龙 | D56: 300 | E56: =D56-80+(H56*10) -> 280 | F56: ="1:"&D56&IF(E56="","",",2:"&E56) -> 1:300,2:280 | G56: 7 | H56: 6 | I56: =1+D56/1000 -> 1.3 | J56: =D56/80 -> 3.75 | K56: 465 | L56: =INT(K56*J56)+INT(K56*0.2*H56) -> 2301 | M56: 136 | N56: =INT(M56*$I56)+INT(M56*0.15*H56) -> 298 | O56: 68 | P56: =INT(O56*$I56)+INT(O56*0.1*H56) -> 128 | Q56: 72 | R56: =INT(Q56*$I56)+INT(Q56*0.15*H56) -> 157 | S56: =INT(O56*1.1) -> 74 | T56: =INT(S56*$I56)+INT(S56*0.1*H56) -> 140 | U56: 10 | V56: =INT(U56*$I56) -> 13 | W56: 1000 | X56: =MIN(W56+400,1100) -> 1100 | Y56: 300 | Z56: 10
A57: =IF((100000*G57+H57*10000+1001)=(100000*G56+H56*10000+1001),A56+1,(100000*G57+H57*10000+1001)) -> 811001 | B57: 狼战士 | C57: 狼战士 | D57: 170 | F57: ="1:"&D57&IF(E57="","",",2:"&E57) -> 1:170 | G57: 8 | H57: 1 | I57: =1+D57/1000 -> 1.17 | J57: =D57/80 -> 2.125 | K57: 254 | L57: =INT(K57*J57)+INT(K57*0.2*H57) -> 589 | M57: 65 | N57: =INT(M57*$I57)+INT(M57*0.15*H57) -> 85 | O57: 36 | P57: =INT(O57*$I57)+INT(O57*0.1*H57) -> 45 | Q57: 55 | R57: =INT(Q57*$I57)+INT(Q57*0.15*H57) -> 72 | S57: =INT(O57*0.88) -> 31 | T57: =INT(S57*$I57)+INT(S57*0.1*H57) -> 39 | U57: 10 | V57: =INT(U57*$I57) -> 11 | W57: 100 | X57: =MIN(W57+400,1100) -> 500 | Y57: 300 | Z57: 8
A58: =IF((100000*G58+H58*10000+1001)=(100000*G57+H57*10000+1001),A57+1,(100000*G58+H58*10000+1001)) -> 821001 | B58: 战狼 | C58: 战狼 | D58: 200 | F58: ="1:"&D58&IF(E58="","",",2:"&E58) -> 1:200 | G58: 8 | H58: 2 | I58: =1+D58/1000 -> 1.2 | J58: =D58/80 -> 2.5 | K58: 270 | L58: =INT(K58*J58)+INT(K58*0.2*H58) -> 783 | M58: 81 | N58: =INT(M58*$I58)+INT(M58*0.15*H58) -> 121 | O58: 44 | P58: =INT(O58*$I58)+INT(O58*0.1*H58) -> 60 | Q58: 60 | R58: =INT(Q58*$I58)+INT(Q58*0.15*H58) -> 90 | S58: =INT(O58*0.88) -> 38 | T58: =INT(S58*$I58)+INT(S58*0.1*H58) -> 52 | U58: 10 | V58: =INT(U58*$I58) -> 12 | W58: 100 | X58: =MIN(W58+400,1100) -> 500 | Y58: 300 | Z58: 8
A59: =IF((100000*G59+H59*10000+1001)=(100000*G58+H58*10000+1001),A58+1,(100000*G59+H59*10000+1001)) -> 831001 | B59: 狼人统领 | C59: 狼人统领 | D59: 230 | E59: =D59-80+(H59*10) -> 180 | F59: ="1:"&D59&IF(E59="","",",2:"&E59) -> 1:230,2:180 | G59: 8 | H59: 3 | I59: =1+D59/1000 -> 1.23 | J59: =D59/80 -> 2.875 | K59: 428 | L59: =INT(K59*J59)+INT(K59*0.2*H59) -> 1486 | M59: 111 | N59: =INT(M59*$I59)+INT(M59*0.15*H59) -> 185 | O59: 53 | P59: =INT(O59*$I59)+INT(O59*0.1*H59) -> 80 | Q59: 65 | R59: =INT(Q59*$I59)+INT(Q59*0.15*H59) -> 108 | S59: =INT(O59*0.88) -> 46 | T59: =INT(S59*$I59)+INT(S59*0.1*H59) -> 69 | U59: 10 | V59: =INT(U59*$I59) -> 12 | W59: 100 | X59: =MIN(W59+400,1100) -> 500 | Y59: 300 | Z59: 8
A60: =IF((100000*G60+H60*10000+1001)=(100000*G59+H59*10000+1001),A59+1,(100000*G60+H60*10000+1001)) -> 841001 | B60: 饿狼猎手 | C60: 饿狼猎手 | D60: 260 | E60: =D60-80+(H60*10) -> 220 | F60: ="1:"&D60&IF(E60="","",",2:"&E60) -> 1:260,2:220 | G60: 8 | H60: 4 | I60: =1+D60/1000 -> 1.26 | J60: =D60/80 -> 3.25 | K60: 430 | L60: =INT(K60*J60)+INT(K60*0.2*H60) -> 1741 | M60: 123 | N60: =INT(M60*$I60)+INT(M60*0.15*H60) -> 227 | O60: 48 | P60: =INT(O60*$I60)+INT(O60*0.1*H60) -> 79 | Q60: 70 | R60: =INT(Q60*$I60)+INT(Q60*0.15*H60) -> 130 | S60: =INT(O60*0.88) -> 42 | T60: =INT(S60*$I60)+INT(S60*0.1*H60) -> 68 | U60: 10 | V60: =INT(U60*$I60) -> 12 | W60: 1000 | X60: =MIN(W60+400,1100) -> 1100 | Y60: 400 | Z60: 10
A61: =IF((100000*G61+H61*10000+1001)=(100000*G60+H60*10000+1001),A60+1,(100000*G61+H61*10000+1001)) -> 851001 | B61: 雪原巨人 | C61: 雪原巨人 | D61: 270 | E61: =D61-80+(H61*10) -> 240 | F61: ="1:"&D61&IF(E61="","",",2:"&E61) -> 1:270,2:240 | G61: 8 | H61: 5 | I61: =1+D61/1000 -> 1.27 | J61: =D61/80 -> 3.375 | K61: 448 | L61: =INT(K61*J61)+INT(K61*0.2*H61) -> 1960 | M61: 132 | N61: =INT(M61*$I61)+INT(M61*0.15*H61) -> 266 | O61: 68 | P61: =INT(O61*$I61)+INT(O61*0.1*H61) -> 120 | Q61: 75 | R61: =INT(Q61*$I61)+INT(Q61*0.15*H61) -> 151 | S61: =INT(O61*0.88) -> 59 | T61: =INT(S61*$I61)+INT(S61*0.1*H61) -> 103 | U61: 10 | V61: =INT(U61*$I61) -> 12 | W61: 100 | X61: =MIN(W61+400,1100) -> 500 | Y61: 300 | Z61: 8
A62: =IF((100000*G62+H62*10000+1001)=(100000*G61+H61*10000+1001),A61+1,(100000*G62+H62*10000+1001)) -> 861001 | B62: 黑龙 | C62: 黑龙 | D62: 400 | E62: =D62-80+(H62*10) -> 380 | F62: ="1:"&D62&IF(E62="","",",2:"&E62) -> 1:400,2:380 | G62: 8 | H62: 6 | I62: =1+D62/1000 -> 1.4 | J62: =D62/80 -> 5 | K62: 430 | L62: =INT(K62*J62)+INT(K62*0.2*H62) -> 2666 | M62: 148 | N62: =INT(M62*$I62)+INT(M62*0.15*H62) -> 340 | O62: 80 | P62: =INT(O62*$I62)+INT(O62*0.1*H62) -> 160 | Q62: 88 | R62: =INT(Q62*$I62)+INT(Q62*0.15*H62) -> 202 | S62: =INT(O62*1.2) -> 96 | T62: =INT(S62*$I62)+INT(S62*0.1*H62) -> 191 | U62: 10 | V62: =INT(U62*$I62) -> 14 | W62: 1000 | X62: =MIN(W62+400,1100) -> 1100 | Y62: 400 | Z62: 10
A63: =IF((100000*G63+H63*10000+1001)=(100000*G62+H62*10000+1001),A62+1,(100000*G63+H63*10000+1001)) -> 861002 | B63: 翡翠龙 | C63: 翡翠龙 | D63: 380 | E63: =D63-80+(H63*10) -> 360 | F63: ="1:"&D63&IF(E63="","",",2:"&E63) -> 1:380,2:360 | G63: 8 | H63: 6 | I63: =1+D63/1000 -> 1.38 | J63: =D63/80 -> 4.75 | K63: 448 | L63: =INT(K63*J63)+INT(K63*0.2*H63) -> 2665 | M63: 138 | N63: =INT(M63*$I63)+INT(M63*0.15*H63) -> 314 | O63: 75 | P63: =INT(O63*$I63)+INT(O63*0.1*H63) -> 148 | Q63: 85 | R63: =INT(Q63*$I63)+INT(Q63*0.15*H63) -> 193 | S63: =INT(O63*1.2) -> 90 | T63: =INT(S63*$I63)+INT(S63*0.1*H63) -> 178 | U63: 10 | V63: =INT(U63*$I63) -> 13 | W63: 100 | X63: =MIN(W63+400,1100) -> 500 | Y63: 300 | Z63: 8

Sheet Sheet3
A1: 111001 | B1: 步兵 | C1: 11 | D1: 2 | E1: 1:80 | F1: 1 | G1: 1 | H1: 0 | I1: 0 | J1: =VLOOKUP(B1,Creature!B:J,9,FALSE) -> bubing01_Lv1 | K1: =J1 -> bubing01_Lv1 | M1: 331 | N1: 0 | O1: 82 | P1: 0 | Q1: 37 | R1: 0 | S1: 61 | T1: 0 | U1: 32 | V1: 0 | W1: 10 | X1: 0 | Y1: 200 | Z1: 1300 | AA1: 400 | AB1: 8 | AC1: 2 | AD1: 70011|71011 | AE1: 0 | AF1: 0 | AG1: 0 | AH1: 0 | AI1: 看我手中的长矛可会放过你。 | AJ1: 1.5 | AK1: 1.7 | AL1: 100 | AM1: 11 | AN1: 0 | AO1: 2 | AP1: 0 | AQ1: 0 | AR1: 20 | AS1: 0 | AT1: 553+1|105+1 | AU1: 0 | AV1: 0
A2: 111002 | B2: 枪兵 | C2: 11 | D2: 2 | E2: 1:90 | F2: 1 | G2: 1 | H2: 0 | I2: 0 | J2: =VLOOKUP(B2,Creature!B:J,9,FALSE) -> bubing02_Lv2 | K2: =J2 -> bubing02_Lv2 | M2: 375 | N2: 0 | O2: 74 | P2: 0 | Q2: 60 | R2: 0 | S2: 61 | T2: 0 | U2: 51 | V2: 0 | W2: 10 | X2: 0 | Y2: 200 | Z2: 1300 | AA2: 400 | AB2: 8 | AC2: 2 | AD2: 70021|71021 | AE2: 0 | AF2: 0 | AG2: 0 | AH2: 0 | AI2: 看我手中的长矛可会放过你。 | AJ2: 1.5 | AK2: 1.7 | AL2: 100 | AM2: 11 | AN2: 0 | AO2: 4 | AP2: 0 | AQ2: 0 | AR2: 90 | AS2: 0 | AT2: 553+1|172+1 | AU2: 0 | AV2: 0
A3: 121001 | B3: 重装步兵 | C3: 11 | D3: 2 | E3: 1:100 | F3: 1 | G3: 2 | H3: 0 | I3: 0 | J3: =VLOOKUP(B3,Creature!B:J,9,FALSE) -> bubing01_Lv2 | K3: =J3 -> bubing01_Lv2 | M3: 587 | N3: 0 | O3: 140 | P3: 0 | Q3: 61 | R3: 0 | S3: 84 | T3: 0 | U3: 54 | V3: 0 | W3: 11 | X3: 0 | Y3: 200 | Z3: 1300 | AA3: 400 | AB3: 8 | AC3: 2 | AD3: 70031|71031 | AE3: 0 | AF3: 0 | AG3: 0 | AH3: 0 | AI3: 箭雨射击快。 | AJ3: 1.5 | AK3: 1.7 | AL3: 100 | AM3: 11 | AN3: 0 | AO3: 4 | AP3: 0 | AQ3: 0 | AR3: 90 | AS3: 0 | AT3: 553+1|172+1 | AU3: 0 | AV3: 0
A4: 131001 | B4: 重装枪兵 | C4: 11 | D4: 2 | E4: 1:110,2:60 | F4: 1 | G4: 3 | H4: 0 | I4: 0 | J4: =VLOOKUP(B4,Creature!B:J,9,FALSE) -> bubing02_Lv1 | K4: =J4 -> bubing02_Lv1 | M4: 734 | N4: 0 | O4: 147 | P4: 0 | Q4: 90 | R4: 0 | S4: 101 | T4: 0 | U4: 78 | V4: 0 | W4: 11 | X4: 0 | Y4: 200 | Z4: 1300 | AA4: 400 | AB4: 8 | AC4: 2 | AD4: 70041|71041 | AE4: 0 | AF4: 0 | AG4: 0 | AH4: 0 | AI4: 看我手中的长矛可会放过你。 | AJ4: 1.5 | AK4: 1.7 | AL4: 100 | AM4: 11 | AN4: 0 | AO4: 4 | AP4: 0 | AQ4: 0 | AR4: 90 | AS4: 0 | AT4: 553+1|172+1 | AU4: 0 | AV4: 0
A5: 141001 | B5: 皇室近卫 | C5: 11 | D5: 2 | E5: 1:160,2:120 | F5: 1 | G5: 4 | H5: 0 | I5: 0 | J5: =VLOOKUP(B5,Creature!B:J,9,FALSE) -> bubing01_Lv3 | K5: =J5 -> bubing01_Lv3 | M5: 1170 | N5: 0 | O5: 196 | P5: 0 | Q5: 111 | R5: 0 | S5: 123 | T5: 0 | U5: 98 | V5: 0 | W5: 11 | X5: 0 | Y5: 200 | Z5: 1300 | AA5: 400 | AB5: 8 | AC5: 2 | AD5: 70051|71051|72051 | AE5: 0 | AF5: 0 | AG5: 0 | AH5: 0 | AI5: 我的火球可不是吃素的。 | AJ5: 1.5 | AK5: 1.7 | AL5: 100 | AM5: 11 | AN5: 0 | AO5: 4 | AP5: 0 | AQ5: 0 | AR5: 90 | AS5: 0 | AT5: 553+1|172+1 | AU5: 0 | AV5: 0
A6: 141002 | B6: 禁卫 | C6: 11 | D6: 2 | E6: 1:140,2:100 | F6: 1 | G6: 4 | H6: 0 | I6: 0 | J6: =VLOOKUP(B6,Creature!B:J,9,FALSE) -> bubing04_Lv3 | K6: =J6 -> bubing04_Lv3 | M6: 1101 | N6: 0 | O6: 203 | P6: 0 | Q6: 117 | R6: 0 | S6: 125 | T6: 0 | U6: 102 | V6: 0 | W6: 11 | X6: 0 | Y6: 200 | Z6: 1300 | AA6: 400 | AB6: 8 | AC6: 2 | AD6: 70061|71061|72061 | AE6: 0 | AF6: 0 | AG6: 0 | AH6: 0 | AI6: 哇哇哇哇！ | AJ6: 1.5 | AK6: 1.7 | AL6: 100 | AM6: 11 | AN6: 0 | AO6: 4 | AP6: 0 | AQ6: 0 | AR6: 90 | AS6: 0 | AT6: 553+1|172+1 | AU6: 0 | AV6: 0
A7: 151001 | B7: 将军 | C7: 11 | D7: 2 | E7: 1:180,2:150 | F7: 1 | G7: 5 | H7: 0 | I7: 0 | J7: =VLOOKUP(B7,Creature!B:J,9,FALSE) -> bubing02_Lv3 | K7: =J7 -> bubing02_Lv3 | M7: 1423 | N7: 0 | O7: 247 | P7: 0 | Q7: 131 | R7: 0 | S7: 144 | T7: 0 | U7: 142 | V7: 0 | W7: 11 | X7: 0 | Y7: 200 | Z7: 1300 | AA7: 400 | AB7: 8 | AC7: 2 | AD7: 70071|71071|72071 | AE7: 0 | AF7: 0 | AG7: 0 | AH7: 0 | AI7: 尝尝我手中的剑。 | AJ7: 1.5 | AK7: 1.7 | AL7: 100 | AM7: 11 | AN7: 0 | AO7: 4 | AP7: 0 | AQ7: 0 | AR7: 90 | AS7: 0 | AT7: 553+1|172+1 | AU7: 0 | AV7: 0
A8: 161001 | B8: 比蒙巨兽 | C8: 11 | D8: 2 | E8: 1:250,2:230 | F8: 1 | G8: 6 | H8: 0 | I8: 0 | J8: =VLOOKUP(B8,Creature!B:J,9,FALSE) -> bubing03_Lv3 | K8: =J8 -> bubing03_Lv3 | M8: 1946 | N8: 0 | O8: 296 | P8: 0 | Q8: 151 | R8: 0 | S8: 172 | T8: 0 | U8: 133 | V8: 0 | W8: 12 | X8: 0 | Y8: 200 | Z8: 1300 | AA8: 400 | AB8: 8 | AC8: 2 | AD8: 70081|71081|72081 | AE8: 0 | AF8: 0 | AG8: 0 | AH8: 0 | AI8: 炮火覆盖，真理只在我的大炮射程内。 | AJ8: 1.5 | AK8: 1.7 | AL8: 100 | AM8: 11 | AN8: 0 | AO8: 4 | AP8: 0 | AQ8: 0 | AR8: 90 | AS8: 0 | AT8: 553+1|172+1 | AU8: 0 | AV8: 0
A9: 161002 | B9: 天使 | C9: 11 | D9: 2 | E9: 1:400,2:380 | F9: 1 | G9: 6 | H9: 0 | I9: 0 | J9: =VLOOKUP(B9,Creature!B:J,9,FALSE) -> bubing05_Lv3 | K9: =J9 -> bubing05_Lv3 | M9: 619 | N9: 0 | O9: 99 | P9: 0 | Q9: 49 | R9: 0 | S9: 91 | T9: 0 | U9: 42 | V9: 0 | W9: 11 | X9: 0 | Y9: 200 | Z9: 1300 | AA9: 400 | AB9: 8 | AC9: 2 | AD9: 70081|71081|72081 | AE9: 0 | AF9: 0 | AG9: 0 | AH9: 0 | AI9: 炮火覆盖，真理只在我的大炮射程内。 | AJ9: 1.5 | AK9: 1.7 | AL9: 100 | AM9: 11 | AN9: 0 | AO9: 4 | AP9: 0 | AQ9: 0 | AR9: 90 | AS9: 0 | AT9: 553+1|172+1 | AU9: 0 | AV9: 0
A10: 221001 | B10: 骑兵 | C10: 11 | D10: 2 | E10: 1:180 | F10: 2 | G10: 2 | H10: 0 | I10: 0 | J10: =VLOOKUP(B10,Creature!B:J,9,FALSE) -> qibing01_Lv1 | K10: =J10 -> qibing01_Lv1 | M10: 619 | N10: 0 | O10: 99 | P10: 0 | Q10: 49 | R10: 0 | S10: 91 | T10: 0 | U10: 42 | V10: 0 | W10: 11 | X10: 0 | Y10: 200 | Z10: 1300 | AA10: 500 | AB10: 8 | AC10: 2 | AD10: 70091|71091 | AE10: 0 | AF10: 0 | AG10: 0 | AH10: 0 | AI10: 随我冲锋，粉碎敌军的攻击。 | AJ10: 1.5 | AK10: 1.7 | AL10: 100 | AM10: 11 | AN10: 0 | AO10: 4 | AP10: 0 | AQ10: 0 | AR10: 90 | AS10: 0 | AT10: 553+1|172+1 | AU10: 0 | AV10: 0
A11: 231001 | B11: 精锐骑士 | C11: 11 | D11: 2 | E11: 1:200,2:150 | F11: 2 | G11: 3 | H11: 0 | I11: 0 | J11: =VLOOKUP(B11,Creature!B:J,9,FALSE) -> qibing01_Lv2 | K11: =J11 -> qibing01_Lv2 | M11: 967 | N11: 0 | O11: 126 | P11: 0 | Q11: 68 | R11: 0 | S11: 110 | T11: 0 | U11: 60 | V11: 0 | W11: 12 | X11: 0 | Y11: 200 | Z11: 1300 | AA11: 500 | AB11: 8 | AC11: 2 | AD11: 70101|71101 | AE11: 0 | AF11: 0 | AG11: 0 | AH11: 0 | AI11: 让你尝尝我法术的味道。 | AJ11: 1.5 | AK11: 1.7 | AL11: 100 | AM11: 11 | AN11: 0 | AO11: 4 | AP11: 0 | AQ11: 0 | AR11: 90 | AS11: 0 | AT11: 553+1|172+1 | AU11: 0 | AV11: 0
A12: 241001 | B12: 野蛮骑士 | C12: 11 | D12: 2 | E12: 1:220,2:180 | F12: 2 | G12: 4 | H12: 0 | I12: 0 | J12: =VLOOKUP(B12,Creature!B:J,9,FALSE) -> qibing02_Lv3 | K12: =J12 -> qibing02_Lv3 | M12: 1391 | N12: 0 | O12: 188 | P12: 0 | Q12: 89 | R12: 0 | S12: 130 | T12: 0 | U12: 77 | V12: 0 | W12: 12 | X12: 0 | Y12: 200 | Z12: 1300 | AA12: 500 | AB12: 8 | AC12: 2 | AD12: 70111|71111|72111 | AE12: 0 | AF12: 0 | AG12: 0 | AH12: 0 | AI12: 让你尝尝我法术的味道。 | AJ12: 1.5 | AK12: 1.7 | AL12: 100 | AM12: 11 | AN12: 0 | AO12: 4 | AP12: 0 | AQ12: 0 | AR12: 90 | AS12: 0 | AT12: 553+1|172+1 | AU12: 0 | AV12: 0
... A61: 861002 | B61: 翡翠龙 | C61: 11 | D61: 2 | E61: 1:380,2:360 | F61: 8 | G61: 6 | H61: 0 | I61: 0 | J61: =VLOOKUP(B61,Creature!B:J,9,FALSE) -> yeshou05_lv3 | K61: =J61 -> yeshou05_lv3 | M61: 2666 | N61: 0 | O61: 340 | P61: 0 | Q61: 160 | R61: 0 | S61: 202 | T61: 0 | U61: 191 | V61: 0 | W61: 14 | X61: 0 | Y61: 200 | Z61: 1300 | AA61: 400 | AB61: 8 | AC61: 2 | AD61: 70431|71431|72431 | AE61: 0 | AF61: 0 | AG61: 0 | AH61: 0 | AI61: 让你尝尝我法术的味道。 | AJ61: 1.5 | AK61: 1.7 | AL61: 100 | AM61: 11 | AN61: 0 | AO61: 4 | AP61: 0 | AQ61: 0 | AR61: 90 | AS61: 0 | AT61: 553+1|172+1 | AU61: 0 | AV61: 0
