Workbook

Sheet Dungeondrop
A1: Id | B1: Probability | C1: Reward
A2: int | B2: int | C2: string
A3: 掉落id | B3: 概率 | C3: 掉落内容
A4: 1001 | B4: 1000 | C4: 1:12:20000:1000
A5: 1002 | B5: 1000 | C5: 1:12:35000:1000
A6: 1003 | B6: 1000 | C6: 1:12:50000:1000
A7: 1004 | B7: 1000 | C7: 1:12:65000:1000
A8: 1005 | B8: 1000 | C8: 1:12:80000:1000
A9: 1006 | B9: 1000 | C9: 1:12:95000:1000
A10: 1007 | B10: 1000 | C10: 1:12:110000:1000
A11: 1008 | B11: 1000 | C11: 1:12:125000:1000
A12: 1009 | B12: 1000 | C12: 1:12:140000:1000
A13: 1010 | B13: 1000 | C13: 1:12:155000:1000
A14: 1011 | B14: 1000 | C14: 1:12:170000:1000
A15: 1012 | B15: 1000 | C15: 1:12:185000:1000
... A61: 4014 | B61: 1000 | C61: 1:10201:1:1000

Sheet 辅助
B4: 部队级别对应难度系数
B5: 1 | C5: =D5/20 -> 1 | D5: 20
B6: 2 | C6: =D6/20 -> 1.25 | D6: 25
B7: 3 | C7: =D7/20 -> 1.5 | D7: 30
B8: 4 | C8: =D8/20 -> 2 | D8: 40
B9: 5 | C9: =D9/20 -> 2.5 | D9: 50
B10: 6 | C10: =D10/20 -> 3.25 | D10: 65
B11: 7 | C11: =D11/20 -> 3.5 | D11: 70
B12: 8 | C12: =D12/20 -> 4.5 | D12: 90
B13: 9 | C13: =D13/20 -> 6 | D13: 120
B16: hero | C16: mos | E16: floor | F16: 部队1Id | G16: 部队2Id | H16: 部队3Id | J16: 队1修正 | K16: 队2修正 | L16: 队3修正 | M16: 英雄修正 | P16: 层数修正1 | Q16: 层数修正2 | S16: 难度提升
A17: 201 | B17: =""&INT(N17/M17)&"*"&INT(N17*S17/M17*10)*0.1&"" -> 4*0.8 | C17: =""&INT(E17*0.35)&"#"&F17&"#"&INT(N17/J17*10)*0.1&"*"&INT(S17*N17/J17*10)*0.1&"|"&INT(E17*0.7)&"#"&G17&"#"&INT(N17*P17/K17*10)*0.1&"*"&INT(S17*N17*P17/K17*10)*0.1&"|"&INT(E17*1.1)&"#"&H17&"#"&INT(N17*Q17/L17*10)*0.1&"*"&INT(S17*N17*Q17/L17*10)*0.1&"" -> 7#1#3*0.6|14#2#2.8*0.5|22#3#3*0.6 | E17: 20 | F17: 1 | G17: 2 | H17: 3 | J17: =CHOOSE(F17,辅助!$C$5,辅助!$C$6,辅助!$C$7,辅助!$C$8,辅助!$C$9,辅助!$C$10,辅助!$C$11,辅助!$C$12,辅助!$C$13) -> 1 | K17: =CHOOSE(G17,辅助!$C$5,辅助!$C$6,辅助!$C$7,辅助!$C$8,辅助!$C$9,辅助!$C$10,辅助!$C$11,辅助!$C$12,辅助!$C$13) -> 1.25 | L17: =CHOOSE(H17,辅助!$C$5,辅助!$C$6,辅助!$C$7,辅助!$C$8,辅助!$C$9,辅助!$C$10,辅助!$C$11,辅助!$C$12,辅助!$C$13) -> 1.5 | M17: 0.7 | N17: 3 | P17: 1.2 | Q17: 1.5 | S17: 0.2
A18: 202 | B18: =""&INT(N18/M18)&"*"&INT(N18*S18/M18*10)*0.1&"" -> 21*4.2 | C18: =""&INT(E18*0.35)&"#"&F18&"#"&INT(N18/J18*10)*0.1&"*"&INT(S18*N18/J18*10)*0.1&"|"&INT(E18*0.7)&"#"&G18&"#"&INT(N18*P18/K18*10)*0.1&"*"&INT(S18*N18*P18/K18*10)*0.1&"|"&INT(E18*1.1)&"#"&H18&"#"&INT(N18*Q18/L18*10)*0.1&"*"&INT(S18*N18*Q18/L18*10)*0.1&"" -> 12#4#7.5*1.5|25#5#7.2*1.4|39#6#6.9*1.3 | E18: 36 | F18: 4 | G18: 5 | H18: 6 | J18: =CHOOSE(F18,辅助!$C$5,辅助!$C$6,辅助!$C$7,辅助!$C$8,辅助!$C$9,辅助!$C$10,辅助!$C$11,辅助!$C$12,辅助!$C$13) -> 2 | K18: =CHOOSE(G18,辅助!$C$5,辅助!$C$6,辅助!$C$7,辅助!$C$8,辅助!$C$9,辅助!$C$10,辅助!$C$11,辅助!$C$12,辅助!$C$13) -> 2.5 | L18: =CHOOSE(H18,辅助!$C$5,辅助!$C$6,辅助!$C$7,辅助!$C$8,辅助!$C$9,辅助!$C$10,辅助!$C$11,辅助!$C$12,辅助!$C$13) -> 3.25 | M18: 0.7 | N18: 15 | P18: 1.2 | Q18: 1.5 | S18: 0.2
A19: 203 | B19: =""&INT(N19/M19)&"*"&INT(N19*S19/M19*10)*0.1&"" -> 42*8.5 | C19: =""&INT(E19*0.35)&"#"&F19&"#"&INT(N19/J19*10)*0.1&"*"&INT(S19*N19/J19*10)*0.1&"|"&INT(E19*0.7)&"#"&G19&"#"&INT(N19*P19/K19*10)*0.1&"*"&INT(S19*N19*P19/K19*10)*0.1&"|"&INT(E19*1.1)&"#"&H19&"#"&INT(N19*Q19/L19*10)*0.1&"*"&INT(S19*N19*Q19/L19*10)*0.1&"" -> 16#7#8.5*1.7|33#8#8*1.6|52#9#7.5*1.5 | E19: 48 | F19: 7 | G19: 8 | H19: 9 | J19: =CHOOSE(F19,辅助!$C$5,辅助!$C$6,辅助!$C$7,辅助!$C$8,辅助!$C$9,辅助!$C$10,辅助!$C$11,辅助!$C$12,辅助!$C$13) -> 3.5 | K19: =CHOOSE(G19,辅助!$C$5,辅助!$C$6,辅助!$C$7,辅助!$C$8,辅助!$C$9,辅助!$C$10,辅助!$C$11,辅助!$C$12,辅助!$C$13) -> 4.5 | L19: =CHOOSE(H19,辅助!$C$5,辅助!$C$6,辅助!$C$7,辅助!$C$8,辅助!$C$9,辅助!$C$10,辅助!$C$11,辅助!$C$12,辅助!$C$13) -> 6 | M19: 0.7 | N19: 30 | P19: 1.2 | Q19: 1.5 | S19: 0.2
A20: 301 | B20: =""&INT(N20/M20)&"*"&INT(N20*S20/M20*10)*0.1&"" -> 4*0.8 | C20: =""&INT(E20*0.35)&"#"&F20&"#"&INT(N20/J20*10)*0.1&"*"&INT(S20*N20/J20*10)*0.1&"|"&INT(E20*0.7)&"#"&G20&"#"&INT(N20*P20/K20*10)*0.1&"*"&INT(S20*N20*P20/K20*10)*0.1&"|"&INT(E20*1.1)&"#"&H20&"#"&INT(N20*Q20/L20*10)*0.1&"*"&INT(S20*N20*Q20/L20*10)*0.1&"" -> 10#1#3*0.6|21#2#2.8*0.5|33#3#3*0.6 | E20: 30 | F20: 1 | G20: 2 | H20: 3 | J20: =CHOOSE(F20,辅助!$C$5,辅助!$C$6,辅助!$C$7,辅助!$C$8,辅助!$C$9,辅助!$C$10,辅助!$C$11,辅助!$C$12,辅助!$C$13) -> 1 | K20: =CHOOSE(G20,辅助!$C$5,辅助!$C$6,辅助!$C$7,辅助!$C$8,辅助!$C$9,辅助!$C$10,辅助!$C$11,辅助!$C$12,辅助!$C$13) -> 1.25 | L20: =CHOOSE(H20,辅助!$C$5,辅助!$C$6,辅助!$C$7,辅助!$C$8,辅助!$C$9,辅助!$C$10,辅助!$C$11,辅助!$C$12,辅助!$C$13) -> 1.5 | M20: 0.7 | N20: 3 | P20: 1.2 | Q20: 1.5 | S20: 0.2
A21: 302 | B21: =""&INT(N21/M21)&"*"&INT(N21*S21/M21*10)*0.1&"" -> 21*4.2 | C21: =""&INT(E21*0.35)&"#"&F21&"#"&INT(N21/J21*10)*0.1&"*"&INT(S21*N21/J21*10)*0.1&"|"&INT(E21*0.7)&"#"&G21&"#"&INT(N21*P21/K21*10)*0.1&"*"&INT(S21*N21*P21/K21*10)*0.1&"|"&INT(E21*1.1)&"#"&H21&"#"&INT(N21*Q21/L21*10)*0.1&"*"&INT(S21*N21*Q21/L21*10)*0.1&"" -> 14#4#7.5*1.5|28#5#7.2*1.4|44#6#6.9*1.3 | E21: 40 | F21: 4 | G21: 5 | H21: 6 | J21: =CHOOSE(F21,辅助!$C$5,辅助!$C$6,辅助!$C$7,辅助!$C$8,辅助!$C$9,辅助!$C$10,辅助!$C$11,辅助!$C$12,辅助!$C$13) -> 2 | K21: =CHOOSE(G21,辅助!$C$5,辅助!$C$6,辅助!$C$7,辅助!$C$8,辅助!$C$9,辅助!$C$10,辅助!$C$11,辅助!$C$12,辅助!$C$13) -> 2.5 | L21: =CHOOSE(H21,辅助!$C$5,辅助!$C$6,辅助!$C$7,辅助!$C$8,辅助!$C$9,辅助!$C$10,辅助!$C$11,辅助!$C$12,辅助!$C$13) -> 3.25 | M21: 0.7 | N21: 15 | P21: 1.2 | Q21: 1.5 | S21: 0.2
A22: 303 | B22: =""&INT(N22/M22)&"*"&INT(N22*S22/M22*10)*0.1&"" -> 42*8.5 | C22: =""&INT(E22*0.35)&"#"&F22&"#"&INT(N22/J22*10)*0.1&"*"&INT(S22*N22/J22*10)*0.1&"|"&INT(E22*0.7)&"#"&G22&"#"&INT(N22*P22/K22*10)*0.1&"*"&INT(S22*N22*P22/K22*10)*0.1&"|"&INT(E22*1.1)&"#"&H22&"#"&INT(N22*Q22/L22*10)*0.1&"*"&INT(S22*N22*Q22/L22*10)*0.1&"" -> 17#7#8.5*1.7|35#8#8*1.6|55#9#7.5*1.5 | E22: 50 | F22: 7 | G22: 8 | H22: 9 | J22: =CHOOSE(F22,辅助!$C$5,辅助!$C$6,辅助!$C$7,辅助!$C$8,辅助!$C$9,辅助!$C$10,辅助!$C$11,辅助!$C$12,辅助!$C$13) -> 3.5 | K22: =CHOOSE(G22,辅助!$C$5,辅助!$C$6,辅助!$C$7,辅助!$C$8,辅助!$C$9,辅助!$C$10,辅助!$C$11,辅助!$C$12,辅助!$C$13) -> 4.5 | L22: =CHOOSE(H22,辅助!$C$5,辅助!$C$6,辅助!$C$7,辅助!$C$8,辅助!$C$9,辅助!$C$10,辅助!$C$11,辅助!$C$12,辅助!$C$13) -> 6 | M22: 0.7 | N22: 30 | P22: 1.2 | Q22: 1.5 | S22: 0.2

Sheet Sheet1
K9: 黑之术 | L9: 黑之序曲
K10: 529 | L10: 530
H13: 浮游之心
H14: 565
H16: 次元波
H17: 563
H19: 冰域 | K19: 地狱使者 | L19: 地狱之路
H20: 571 | K20: 568 | L20: 567
F24: 分裂箭 | G24: 雷鸣 | H24: 冰晶击 | I24: 歌颂者 | J24: 攻速提升 | K24: 攻击力 | L24: 极限攻速
A25: 1 | B25: 516:103:181:147:151:149:212 | F25: 516 | G25: 103 | H25: 181 | I25: 147 | J25: 151 | K25: 149 | L25: 212
A26: 2 | B26: 516:103:181:147:151:149:212
A27: 3 | B27: 516:103:181:147:151:149:212:905:142:143
A28: 4 | B28: 516:103:181:147:151:149:212:905:142:143 | F28: 召唤契约 | G28: 召唤之力 | H28: 召唤术 | I28: 学识 | J28: 智慧羽 | K28: 远古知识
A29: 5 | B29: 516:103:181:147:151:149:212:905:142:143 | F29: 143 | G29: 142 | H29: 905 | I29: 527 | J29: 528 | K29: 509
A30: 6 | B30: 516:103:181:147:151:149:212:905:142:143:527:528
A31: 1 | B31: 516:103:181:147:151:149:212:905:142:143:527:528
A32: 2 | B32: 516:103:181:147:151:149:212:905:142:143:527:528
A33: 3 | B33: 516:103:181:147:151:149:212:905:142:143:527:528
A34: 4 | B34: 516:103:181:147:151:149:212:905:142:143:527:528
A35: 5 | B35: 516:103:181:147:151:149:212:905:142:143:527:528
A36: 6 | B36: 516:103:181:147:151:149:212:905:142:143:527:528
A37: 1 | B37: 565:571:563
A38: 2 | B38: 565:571:563
A39: 3 | B39: 565:571:563
A40: 4 | B40: 565:571:563
A41: 5 | B41: 565:571:563
... A54: 6 | B54: 529:530
