Workbook

Sheet Dungeon
A1: Id | B1: type | C1: Name | D1: Difficulty | E1: Map | F1: Unlock | G1: Unlocklv | H1: Level | I1: Consume | J1: Opentime | K1: Opentimedesc | L1: Wave | M1: Wavemonster | N1: Factor | O1: Rewardshow1 | P1: Rewardshow2 | Q1: Rewardshow3 | R1: Rewardshow4 | S1: Rewardshow5 | T1: Rewardshow6 | U1: Rewardshow7 | V1: Reward1 | W1: Reward2 | X1: Reward3 | Y1: Reward4 | Z1: Reward5 | AA1: Reward6 | AB1: Reward7
A2: int | B2: int | C2: string | D2: int | E2: string | F2: int | G2: int | H2: int | I2: int | J2: string | K2: string | L2: int | M2: string | N2: string | O2: string | P2: string | Q2: string | R2: string | S2: string | T2: string | U2: string | V2: string | W2: string | X2: string | Y2: string | Z2: string | AA2: string | AB2: string
A3: 副本id | B3: 副本类型 | C3: 副本名称 | D3: 副本难度 | E3: 地图 | F3: 解锁条件 | G3: 副本解锁等级 | H3: 副本等级 | I3: 消耗体力 | J3: 开放时间 | K3: 开放时间描述 | L3: 波次 | M3: 波次怪物 | N3: 增幅系数 | O3: 奖励展示周一 | P3: 奖励展示周二 | Q3: 奖励展示周三 | R3: 奖励展示周四 | S3: 奖励展示周五 | T3: 奖励展示周六 | U3: 奖励展示周七 | V3: 通关奖励周一 | W3: 通关奖励周二 | X3: 通关奖励周三 | Y3: 通关奖励周四 | Z3: 通关奖励周五 | AA3: 通关奖励周六 | AB3: 通关奖励周日
A4: 1001 | B4: 1 | C4: 金币副本 | D4: 1 | E4: bingxuemap | F4: 11 | G4: 10 | H4: 10 | I4: 10 | J4: 0 | K4: 0 | L4: 5 | M4: 10001:5|10001:5,10002:5|10003:5|10004:5|10005:5 | N4: 110 | O4: 20001|20002|12 | P4: 20001|20002|12 | Q4: 20001|20002|12 | R4: 20001|20002|12 | S4: 20001|20002|12 | T4: 20001|20002|12 | U4: 20001|20002|12 | V4: 2001:10|2002:8|1001:1 | W4: 2001:10|2002:8|1001:1 | X4: 2001:10|2002:8|1001:1 | Y4: 2001:10|2002:8|1001:1 | Z4: 2001:10|2002:8|1001:1 | AA4: 2001:10|2002:8|1001:1 | AB4: 2001:10|2002:8|1001:1
A5: 1002 | B5: 1 | C5: 金币副本 | D5: 2 | E5: bingxuemap | F5: 11 | G5: 15 | H5: 15 | I5: 10 | J5: 0 | K5: 0 | L5: 5 | M5: 10001:5|10001:5,10002:5|10003:5|10004:5|10005:5 | N5: 110 | O5: 20001|20002|12 | P5: 20001|20002|12 | Q5: 20001|20002|12 | R5: 20001|20002|12 | S5: 20001|20002|12 | T5: 20001|20002|12 | U5: 20001|20002|12 | V5: 2001:15|2002:12|1002:1 | W5: 2001:15|2002:12|1002:1 | X5: 2001:15|2002:12|1002:1 | Y5: 2001:15|2002:12|1002:1 | Z5: 2001:15|2002:12|1002:1 | AA5: 2001:15|2002:12|1002:1 | AB5: 2001:15|2002:12|1002:1
A6: 1003 | B6: 1 | C6: 金币副本 | D6: 3 | E6: bingxuemap | F6: 11 | G6: 20 | H6: 20 | I6: 10 | J6: 0 | K6: 0 | L6: 5 | M6: 10001:5|10001:5,10002:5|10003:5|10004:5|10005:5 | N6: 110 | O6: 20001|20002|12 | P6: 20001|20002|12 | Q6: 20001|20002|12 | R6: 20001|20002|12 | S6: 20001|20002|12 | T6: 20001|20002|12 | U6: 20001|20002|12 | V6: 2001:20|2002:16|1003:1 | W6: 2001:20|2002:16|1003:1 | X6: 2001:20|2002:16|1003:1 | Y6: 2001:20|2002:16|1003:1 | Z6: 2001:20|2002:16|1003:1 | AA6: 2001:20|2002:16|1003:1 | AB6: 2001:20|2002:16|1003:1
A7: 1004 | B7: 1 | C7: 金币副本 | D7: 4 | E7: bingxuemap | F7: 11 | G7: 25 | H7: 25 | I7: 10 | J7: 0 | K7: 0 | L7: 5 | M7: 10001:5|10001:5,10002:5|10003:5|10004:5|10005:5 | N7: 110 | O7: 20001|20002|12 | P7: 20001|20002|12 | Q7: 20001|20002|12 | R7: 20001|20002|12 | S7: 20001|20002|12 | T7: 20001|20002|12 | U7: 20001|20002|12 | V7: 2001:25|2002:20|1004:1 | W7: 2001:25|2002:20|1004:1 | X7: 2001:25|2002:20|1004:1 | Y7: 2001:25|2002:20|1004:1 | Z7: 2001:25|2002:20|1004:1 | AA7: 2001:25|2002:20|1004:1 | AB7: 2001:25|2002:20|1004:1
A8: 1005 | B8: 1 | C8: 金币副本 | D8: 5 | E8: bingxuemap | F8: 11 | G8: 30 | H8: 30 | I8: 10 | J8: 0 | K8: 0 | L8: 5 | M8: 10001:5|10001:5,10002:5|10003:5|10004:5|10005:5 | N8: 110 | O8: 20002|20003|12 | P8: 20002|20003|12 | Q8: 20002|20003|12 | R8: 20002|20003|12 | S8: 20002|20003|12 | T8: 20002|20003|12 | U8: 20002|20003|12 | V8: 2002:10|2003:5|1005:1 | W8: 2002:10|2003:5|1005:1 | X8: 2002:10|2003:5|1005:1 | Y8: 2002:10|2003:5|1005:1 | Z8: 2002:10|2003:5|1005:1 | AA8: 2002:10|2003:5|1005:1 | AB8: 2002:10|2003:5|1005:1
A9: 1006 | B9: 1 | C9: 金币副本 | D9: 6 | E9: bingxuemap | F9: 11 | G9: 35 | H9: 35 | I9: 10 | J9: 0 | K9: 0 | L9: 5 | M9: 10001:5|10001:5,10002:5|10003:5|10004:5|10005:5 | N9: 110 | O9: 20002|20003|12 | P9: 20002|20003|12 | Q9: 20002|20003|12 | R9: 20002|20003|12 | S9: 20002|20003|12 | T9: 20002|20003|12 | U9: 20002|20003|12 | V9: 2002:11|2003:6|1006:1 | W9: 2002:11|2003:6|1006:1 | X9: 2002:11|2003:6|1006:1 | Y9: 2002:11|2003:6|1006:1 | Z9: 2002:11|2003:6|1006:1 | AA9: 2002:11|2003:6|1006:1 | AB9: 2002:11|2003:6|1006:1
A10: 1007 | B10: 1 | C10: 金币副本 | D10: 7 | E10: bingxuemap | F10: 11 | G10: 40 | H10: 40 | I10: 10 | J10: 0 | K10: 0 | L10: 5 | M10: 10001:5|10001:5,10002:5|10003:5|10004:5|10005:5 | N10: 110 | O10: 20002|20003|12 | P10: 20002|20003|12 | Q10: 20002|20003|12 | R10: 20002|20003|12 | S10: 20002|20003|12 | T10: 20002|20003|12 | U10: 20002|20003|12 | V10: 2002:12|2003:7|1007:1 | W10: 2002:12|2003:7|1007:1 | X10: 2002:12|2003:7|1007:1 | Y10: 2002:12|2003:7|1007:1 | Z10: 2002:12|2003:7|1007:1 | AA10: 2002:12|2003:7|1007:1 | AB10: 2002:12|2003:7|1007:1
A11: 1008 | B11: 1 | C11: 金币副本 | D11: 8 | E11: bingxuemap | F11: 11 | G11: 45 | H11: 45 | I11: 10 | J11: 0 | K11: 0 | L11: 5 | M11: 10001:5|10001:5,10002:5|10003:5|10004:5|10005:5 | N11: 110 | O11: 20002|20003|12 | P11: 20002|20003|12 | Q11: 20002|20003|12 | R11: 20002|20003|12 | S11: 20002|20003|12 | T11: 20002|20003|12 | U11: 20002|20003|12 | V11: 2002:13|2003:8|1008:1 | W11: 2002:13|2003:8|1008:1 | X11: 2002:13|2003:8|1008:1 | Y11: 2002:13|2003:8|1008:1 | Z11: 2002:13|2003:8|1008:1 | AA11: 2002:13|2003:8|1008:1 | AB11: 2002:13|2003:8|1008:1
A12: 1009 | B12: 1 | C12: 金币副本 | D12: 9 | E12: bingxuemap | F12: 11 | G12: 50 | H12: 50 | I12: 10 | J12: 0 | K12: 0 | L12: 5 | M12: 10001:5|10001:5,10002:5|10003:5|10004:5|10005:5 | N12: 110 | O12: 20002|20003|20004|12 | P12: 20002|20003|20004|12 | Q12: 20002|20003|20004|12 | R12: 20002|20003|20004|12 | S12: 20002|20003|20004|12 | T12: 20002|20003|20004|12 | U12: 20002|20003|20004|12 | V12: 2002:2|2003:7|2004:2|1009:1 | W12: 2002:2|2003:7|2004:2|1009:1 | X12: 2002:2|2003:7|2004:2|1009:1 | Y12: 2002:2|2003:7|2004:2|1009:1 | Z12: 2002:2|2003:7|2004:2|1009:1 | AA12: 2002:2|2003:7|2004:2|1009:1 | AB12: 2002:2|2003:7|2004:2|1009:1
A13: 1010 | B13: 1 | C13: 金币副本 | D13: 10 | E13: bingxuemap | F13: 11 | G13: 55 | H13: 55 | I13: 10 | J13: 0 | K13: 0 | L13: 5 | M13: 10001:5|10001:5,10002:5|10003:5|10004:5|10005:5 | N13: 110 | O13: 20002|20003|20004|12 | P13: 20002|20003|20004|12 | Q13: 20002|20003|20004|12 | R13: 20002|20003|20004|12 | S13: 20002|20003|20004|12 | T13: 20002|20003|20004|12 | U13: 20002|20003|20004|12 | V13: 2002:1|2003:6|2004:3|1010:1 | W13: 2002:1|2003:6|2004:3|1010:1 | X13: 2002:1|2003:6|2004:3|1010:1 | Y13: 2002:1|2003:6|2004:3|1010:1 | Z13: 2002:1|2003:6|2004:3|1010:1 | AA13: 2002:1|2003:6|2004:3|1010:1 | AB13: 2002:1|2003:6|2004:3|1010:1
A14: 1011 | B14: 1 | C14: 金币副本 | D14: 11 | E14: bingxuemap | F14: 11 | G14: 60 | H14: 60 | I14: 10 | J14: 0 | K14: 0 | L14: 5 | M14: 10001:5|10001:5,10002:5|10003:5|10004:5|10005:5 | N14: 110 | O14: 20003|20004|12 | P14: 20003|20004|12 | Q14: 20003|20004|12 | R14: 20003|20004|12 | S14: 20003|20004|12 | T14: 20003|20004|12 | U14: 20003|20004|12 | V14: 2003:5|2004:4|1011:1 | W14: 2003:5|2004:4|1011:1 | X14: 2003:5|2004:4|1011:1 | Y14: 2003:5|2004:4|1011:1 | Z14: 2003:5|2004:4|1011:1 | AA14: 2003:5|2004:4|1011:1 | AB14: 2003:5|2004:4|1011:1
A15: 1012 | B15: 1 | C15: 金币副本 | D15: 12 | E15: bingxuemap | F15: 11 | G15: 65 | H15: 65 | I15: 10 | J15: 0 | K15: 0 | L15: 5 | M15: 10001:5|10001:5,10002:5|10003:5|10004:5|10005:5 | N15: 110 | O15: 20002|20003|20004|12 | P15: 20002|20003|20004|12 | Q15: 20002|20003|20004|12 | R15: 20002|20003|20004|12 | S15: 20002|20003|20004|12 | T15: 20002|20003|20004|12 | U15: 20002|20003|20004|12 | V15: 2002:1|2003:6|2004:4|1012:1 | W15: 2002:1|2003:6|2004:4|1012:1 | X15: 2002:1|2003:6|2004:4|1012:1 | Y15: 2002:1|2003:6|2004:4|1012:1 | Z15: 2002:1|2003:6|2004:4|1012:1 | AA15: 2002:1|2003:6|2004:4|1012:1 | AB15: 2002:1|2003:6|2004:4|1012:1
... A42: 3013 | B42: 3 | C42: 装备副本 | D42: 13 | E42: bingxuemap | F42: 11 | G42: 70 | H42: 70 | I42: 10 | J42: 0 | K42: 0 | L42: 1 | M42: 10001:5|10001:5,10002:5|10003:5|10004:5|10005:5 | N42: 110 | O42: 1010104|2010104|3010104|4010104|10201 | P42: 1010104|2010104|3010104|4010104|10201 | Q42: 1010104|2010104|3010104|4010104|10201 | R42: 1010104|2010104|3010104|4010104|10201 | S42: 1010104|2010104|3010104|4010104|10201 | T42: 1010104|2010104|3010104|4010104|10201 | U42: 1010104|2010104|3010104|4010104|10201 | V42: 4013:5|4014:15 | W42: 4013:5|4014:15 | X42: 4013:5|4014:15 | Y42: 4013:5|4014:15 | Z42: 4013:5|4014:15 | AA42: 4013:5|4014:15 | AB42: 4013:5|4014:15

Sheet 辅助
B4: 部队级别对应难度系数
B5: 1 | C5: =D5/20 -> 1 | D5: 20
B6: 2 | C6: =D6/20 -> 1.25 | D6: 25
B7: 3 | C7: =D7/20 -> 1.5 | D7: 30
B8: 4 | C8: =D8/20 -> 2 | D8: 40
B9: 5 | C9: =D9/20 -> 2.5 | D9: 50
B10: 6 | C10: =D10/20 -> 3.25 | D10: 65
B11: 7 | C11: =D11/20 -> 3.5 | D11: 70
B12: 8 | C12: =D12/20 -> 4.5 | D12: 90
B13: 9 | C13: =D13/20 -> 6 | D13: 120
B16: hero | C16: mos | E16: floor | F16: 部队1Id | G16: 部队2Id | H16: 部队3Id | J16: 队1修正 | K16: 队2修正 | L16: 队3修正 | M16: 英雄修正 | P16: 层数修正1 | Q16: 层数修正2 | S16: 难度提升
A17: 201 | B17: =""&INT(N17/M17)&"*"&INT(N17*S17/M17*10)*0.1&"" -> 4*0.8 | C17: =""&INT(E17*0.35)&"#"&F17&"#"&INT(N17/J17*10)*0.1&"*"&INT(S17*N17/J17*10)*0.1&"|"&INT(E17*0.7)&"#"&G17&"#"&INT(N17*P17/K17*10)*0.1&"*"&INT(S17*N17*P17/K17*10)*0.1&"|"&INT(E17*1.1)&"#"&H17&"#"&INT(N17*Q17/L17*10)*0.1&"*"&INT(S17*N17*Q17/L17*10)*0.1&"" -> 7#1#3*0.6|14#2#2.8*0.5|22#3#3*0.6 | E17: 20 | F17: 1 | G17: 2 | H17: 3 | J17: =CHOOSE(F17,辅助!$C$5,辅助!$C$6,辅助!$C$7,辅助!$C$8,辅助!$C$9,辅助!$C$10,辅助!$C$11,辅助!$C$12,辅助!$C$13) -> 1 | K17: =CHOOSE(G17,辅助!$C$5,辅助!$C$6,辅助!$C$7,辅助!$C$8,辅助!$C$9,辅助!$C$10,辅助!$C$11,辅助!$C$12,辅助!$C$13) -> 1.25 | L17: =CHOOSE(H17,辅助!$C$5,辅助!$C$6,辅助!$C$7,辅助!$C$8,辅助!$C$9,辅助!$C$10,辅助!$C$11,辅助!$C$12,辅助!$C$13) -> 1.5 | M17: 0.7 | N17: 3 | P17: 1.2 | Q17: 1.5 | S17: 0.2
A18: 202 | B18: =""&INT(N18/M18)&"*"&INT(N18*S18/M18*10)*0.1&"" -> 21*4.2 | C18: =""&INT(E18*0.35)&"#"&F18&"#"&INT(N18/J18*10)*0.1&"*"&INT(S18*N18/J18*10)*0.1&"|"&INT(E18*0.7)&"#"&G18&"#"&INT(N18*P18/K18*10)*0.1&"*"&INT(S18*N18*P18/K18*10)*0.1&"|"&INT(E18*1.1)&"#"&H18&"#"&INT(N18*Q18/L18*10)*0.1&"*"&INT(S18*N18*Q18/L18*10)*0.1&"" -> 12#4#7.5*1.5|25#5#7.2*1.4|39#6#6.9*1.3 | E18: 36 | F18: 4 | G18: 5 | H18: 6 | J18: =CHOOSE(F18,辅助!$C$5,辅助!$C$6,辅助!$C$7,辅助!$C$8,辅助!$C$9,辅助!$C$10,辅助!$C$11,辅助!$C$12,辅助!$C$13) -> 2 | K18: =CHOOSE(G18,辅助!$C$5,辅助!$C$6,辅助!$C$7,辅助!$C$8,辅助!$C$9,辅助!$C$10,辅助!$C$11,辅助!$C$12,辅助!$C$13) -> 2.5 | L18: =CHOOSE(H18,辅助!$C$5,辅助!$C$6,辅助!$C$7,辅助!$C$8,辅助!$C$9,辅助!$C$10,辅助!$C$11,辅助!$C$12,辅助!$C$13) -> 3.25 | M18: 0.7 | N18: 15 | P18: 1.2 | Q18: 1.5 | S18: 0.2
A19: 203 | B19: =""&INT(N19/M19)&"*"&INT(N19*S19/M19*10)*0.1&"" -> 42*8.5 | C19: =""&INT(E19*0.35)&"#"&F19&"#"&INT(N19/J19*10)*0.1&"*"&INT(S19*N19/J19*10)*0.1&"|"&INT(E19*0.7)&"#"&G19&"#"&INT(N19*P19/K19*10)*0.1&"*"&INT(S19*N19*P19/K19*10)*0.1&"|"&INT(E19*1.1)&"#"&H19&"#"&INT(N19*Q19/L19*10)*0.1&"*"&INT(S19*N19*Q19/L19*10)*0.1&"" -> 16#7#8.5*1.7|33#8#8*1.6|52#9#7.5*1.5 | E19: 48 | F19: 7 | G19: 8 | H19: 9 | J19: =CHOOSE(F19,辅助!$C$5,辅助!$C$6,辅助!$C$7,辅助!$C$8,辅助!$C$9,辅助!$C$10,辅助!$C$11,辅助!$C$12,辅助!$C$13) -> 3.5 | K19: =CHOOSE(G19,辅助!$C$5,辅助!$C$6,辅助!$C$7,辅助!$C$8,辅助!$C$9,辅助!$C$10,辅助!$C$11,辅助!$C$12,辅助!$C$13) -> 4.5 | L19: =CHOOSE(H19,辅助!$C$5,辅助!$C$6,辅助!$C$7,辅助!$C$8,辅助!$C$9,辅助!$C$10,辅助!$C$11,辅助!$C$12,辅助!$C$13) -> 6 | M19: 0.7 | N19: 30 | P19: 1.2 | Q19: 1.5 | S19: 0.2
A20: 301 | B20: =""&INT(N20/M20)&"*"&INT(N20*S20/M20*10)*0.1&"" -> 4*0.8 | C20: =""&INT(E20*0.35)&"#"&F20&"#"&INT(N20/J20*10)*0.1&"*"&INT(S20*N20/J20*10)*0.1&"|"&INT(E20*0.7)&"#"&G20&"#"&INT(N20*P20/K20*10)*0.1&"*"&INT(S20*N20*P20/K20*10)*0.1&"|"&INT(E20*1.1)&"#"&H20&"#"&INT(N20*Q20/L20*10)*0.1&"*"&INT(S20*N20*Q20/L20*10)*0.1&"" -> 10#1#3*0.6|21#2#2.8*0.5|33#3#3*0.6 | E20: 30 | F20: 1 | G20: 2 | H20: 3 | J20: =CHOOSE(F20,辅助!$C$5,辅助!$C$6,辅助!$C$7,辅助!$C$8,辅助!$C$9,辅助!$C$10,辅助!$C$11,辅助!$C$12,辅助!$C$13) -> 1 | K20: =CHOOSE(G20,辅助!$C$5,辅助!$C$6,辅助!$C$7,辅助!$C$8,辅助!$C$9,辅助!$C$10,辅助!$C$11,辅助!$C$12,辅助!$C$13) -> 1.25 | L20: =CHOOSE(H20,辅助!$C$5,辅助!$C$6,辅助!$C$7,辅助!$C$8,辅助!$C$9,辅助!$C$10,辅助!$C$11,辅助!$C$12,辅助!$C$13) -> 1.5 | M20: 0.7 | N20: 3 | P20: 1.2 | Q20: 1.5 | S20: 0.2
A21: 302 | B21: =""&INT(N21/M21)&"*"&INT(N21*S21/M21*10)*0.1&"" -> 21*4.2 | C21: =""&INT(E21*0.35)&"#"&F21&"#"&INT(N21/J21*10)*0.1&"*"&INT(S21*N21/J21*10)*0.1&"|"&INT(E21*0.7)&"#"&G21&"#"&INT(N21*P21/K21*10)*0.1&"*"&INT(S21*N21*P21/K21*10)*0.1&"|"&INT(E21*1.1)&"#"&H21&"#"&INT(N21*Q21/L21*10)*0.1&"*"&INT(S21*N21*Q21/L21*10)*0.1&"" -> 14#4#7.5*1.5|28#5#7.2*1.4|44#6#6.9*1.3 | E21: 40 | F21: 4 | G21: 5 | H21: 6 | J21: =CHOOSE(F21,辅助!$C$5,辅助!$C$6,辅助!$C$7,辅助!$C$8,辅助!$C$9,辅助!$C$10,辅助!$C$11,辅助!$C$12,辅助!$C$13) -> 2 | K21: =CHOOSE(G21,辅助!$C$5,辅助!$C$6,辅助!$C$7,辅助!$C$8,辅助!$C$9,辅助!$C$10,辅助!$C$11,辅助!$C$12,辅助!$C$13) -> 2.5 | L21: =CHOOSE(H21,辅助!$C$5,辅助!$C$6,辅助!$C$7,辅助!$C$8,辅助!$C$9,辅助!$C$10,辅助!$C$11,辅助!$C$12,辅助!$C$13) -> 3.25 | M21: 0.7 | N21: 15 | P21: 1.2 | Q21: 1.5 | S21: 0.2
A22: 303 | B22: =""&INT(N22/M22)&"*"&INT(N22*S22/M22*10)*0.1&"" -> 42*8.5 | C22: =""&INT(E22*0.35)&"#"&F22&"#"&INT(N22/J22*10)*0.1&"*"&INT(S22*N22/J22*10)*0.1&"|"&INT(E22*0.7)&"#"&G22&"#"&INT(N22*P22/K22*10)*0.1&"*"&INT(S22*N22*P22/K22*10)*0.1&"|"&INT(E22*1.1)&"#"&H22&"#"&INT(N22*Q22/L22*10)*0.1&"*"&INT(S22*N22*Q22/L22*10)*0.1&"" -> 17#7#8.5*1.7|35#8#8*1.6|55#9#7.5*1.5 | E22: 50 | F22: 7 | G22: 8 | H22: 9 | J22: =CHOOSE(F22,辅助!$C$5,辅助!$C$6,辅助!$C$7,辅助!$C$8,辅助!$C$9,辅助!$C$10,辅助!$C$11,辅助!$C$12,辅助!$C$13) -> 3.5 | K22: =CHOOSE(G22,辅助!$C$5,辅助!$C$6,辅助!$C$7,辅助!$C$8,辅助!$C$9,辅助!$C$10,辅助!$C$11,辅助!$C$12,辅助!$C$13) -> 4.5 | L22: =CHOOSE(H22,辅助!$C$5,辅助!$C$6,辅助!$C$7,辅助!$C$8,辅助!$C$9,辅助!$C$10,辅助!$C$11,辅助!$C$12,辅助!$C$13) -> 6 | M22: 0.7 | N22: 30 | P22: 1.2 | Q22: 1.5 | S22: 0.2

Sheet Sheet1
K9: 黑之术 | L9: 黑之序曲
K10: 529 | L10: 530
H13: 浮游之心
H14: 565
H16: 次元波
H17: 563
H19: 冰域 | K19: 地狱使者 | L19: 地狱之路
H20: 571 | K20: 568 | L20: 567
F24: 分裂箭 | G24: 雷鸣 | H24: 冰晶击 | I24: 歌颂者 | J24: 攻速提升 | K24: 攻击力 | L24: 极限攻速
A25: 1 | B25: 516:103:181:147:151:149:212 | F25: 516 | G25: 103 | H25: 181 | I25: 147 | J25: 151 | K25: 149 | L25: 212
A26: 2 | B26: 516:103:181:147:151:149:212
A27: 3 | B27: 516:103:181:147:151:149:212:905:142:143
A28: 4 | B28: 516:103:181:147:151:149:212:905:142:143 | F28: 召唤契约 | G28: 召唤之力 | H28: 召唤术 | I28: 学识 | J28: 智慧羽 | K28: 远古知识
A29: 5 | B29: 516:103:181:147:151:149:212:905:142:143 | F29: 143 | G29: 142 | H29: 905 | I29: 527 | J29: 528 | K29: 509
A30: 6 | B30: 516:103:181:147:151:149:212:905:142:143:527:528
A31: 1 | B31: 516:103:181:147:151:149:212:905:142:143:527:528
A32: 2 | B32: 516:103:181:147:151:149:212:905:142:143:527:528
A33: 3 | B33: 516:103:181:147:151:149:212:905:142:143:527:528
A34: 4 | B34: 516:103:181:147:151:149:212:905:142:143:527:528
A35: 5 | B35: 516:103:181:147:151:149:212:905:142:143:527:528
A36: 6 | B36: 516:103:181:147:151:149:212:905:142:143:527:528
A37: 1 | B37: 565:571:563
A38: 2 | B38: 565:571:563
A39: 3 | B39: 565:571:563
A40: 4 | B40: 565:571:563
A41: 5 | B41: 565:571:563
... A54: 6 | B54: 529:530
