Workbook

Sheet EquipLv
A1: ID | B1: Lv | C1: LvMax | D1: Quality | E1: Star | F1: SkillLv | G1: Exp | H1: Maxexp | I1: StarCast
A2: int | B2: int | C2: int | D2: int | E2: int | F2: int | G2: int | H2: int | I2: string
A3: ID | B3: 强化等级 | C3: 最大等级 | D3: 品质 | E3: 星级 | F3: 技能等级 | G3: 所需经验 | H3: 当前等级累计经验值 | I3: 升星消耗
A4: 1001 | B4: 1 | C4: 10 | D4: =MID(A4,1,1) -> 1 | E4: 1 | F4: 0 | G4: =VLOOKUP(B4,Sheet2!A1:G21,7,1) -> 70 | H4: 0 | I4: 0
A5: 1002 | B5: 2 | C5: 10 | D5: =MID(A5,1,1) -> 1 | E5: 1 | F5: 0 | G5: =VLOOKUP(B5,Sheet2!A3:G22,7,1) -> 80 | H5: =G4+H4 -> 70 | I5: 0
A6: 1003 | B6: 3 | C6: 10 | D6: =MID(A6,1,1) -> 1 | E6: 1 | F6: 0 | G6: =VLOOKUP(B6,Sheet2!A4:G23,7,1) -> 80 | H6: =G5+H5 -> 150 | I6: 0
A7: 1004 | B7: 4 | C7: 10 | D7: =MID(A7,1,1) -> 1 | E7: 1 | F7: 0 | G7: =VLOOKUP(B7,Sheet2!A5:G24,7,1) -> 90 | H7: =G6+H6 -> 230 | I7: 0
A8: 1005 | B8: 5 | C8: 10 | D8: =MID(A8,1,1) -> 1 | E8: 1 | F8: 0 | G8: =VLOOKUP(B8,Sheet2!A6:G25,7,1) -> 100 | H8: =G7+H7 -> 320 | I8: 0
A9: 1006 | B9: 6 | C9: 10 | D9: =MID(A9,1,1) -> 1 | E9: 1 | F9: 0 | G9: =VLOOKUP(B9,Sheet2!A7:G26,7,1) -> 110 | H9: =G8+H8 -> 420 | I9: 0
A10: 1007 | B10: 7 | C10: 10 | D10: =MID(A10,1,1) -> 1 | E10: 1 | F10: 0 | G10: =VLOOKUP(B10,Sheet2!A8:G27,7,1) -> 120 | H10: =G9+H9 -> 530 | I10: 0
A11: 1008 | B11: 8 | C11: 10 | D11: =MID(A11,1,1) -> 1 | E11: 1 | F11: 0 | G11: =VLOOKUP(B11,Sheet2!A9:G28,7,1) -> 130 | H11: =G10+H10 -> 650 | I11: 0
A12: 1009 | B12: 9 | C12: 10 | D12: =MID(A12,1,1) -> 1 | E12: 1 | F12: 0 | G12: =VLOOKUP(B12,Sheet2!A10:G29,7,1) -> 140 | H12: =G11+H11 -> 780 | I12: 0
A13: 1010 | B13: 10 | C13: 10 | D13: =MID(A13,1,1) -> 1 | E13: 1 | F13: 0 | G13: 150 | H13: =G12+H12 -> 920 | I13: 0
A14: 2001 | B14: 1 | C14: =MAX(E14*10,20) -> 20 | D14: =MID(A14,1,1) -> 2 | E14: 2 | F14: 0 | G14: =VLOOKUP(B14,Sheet2!A2:F31,6,1) -> 100 | H14: 0 | I14: 0
A15: 2002 | B15: 2 | C15: =MAX(E15*10,20) -> 20 | D15: =MID(A15,1,1) -> 2 | E15: 2 | F15: 0 | G15: =VLOOKUP(B15,Sheet2!A3:F32,6,1) -> 110 | H15: =G14+H14 -> 100 | I15: 0
A16: 2003 | B16: 3 | C16: =MAX(E16*10,20) -> 20 | D16: =MID(A16,1,1) -> 2 | E16: 2 | F16: 0 | G16: =VLOOKUP(B16,Sheet2!A4:F33,6,1) -> 120 | H16: =G15+H15 -> 210 | I16: 0
A17: 2004 | B17: 4 | C17: =MAX(E17*10,20) -> 20 | D17: =MID(A17,1,1) -> 2 | E17: 2 | F17: 0 | G17: =VLOOKUP(B17,Sheet2!A5:F34,6,1) -> 130 | H17: =G16+H16 -> 330 | I17: 0
A18: 2005 | B18: 5 | C18: =MAX(E18*10,20) -> 20 | D18: =MID(A18,1,1) -> 2 | E18: 2 | F18: 0 | G18: =VLOOKUP(B18,Sheet2!A6:F35,6,1) -> 150 | H18: =G17+H17 -> 460 | I18: 0
A19: 2006 | B19: 6 | C19: =MAX(E19*10,20) -> 20 | D19: =MID(A19,1,1) -> 2 | E19: 2 | F19: 0 | G19: =VLOOKUP(B19,Sheet2!A7:F36,6,1) -> 160 | H19: =G18+H18 -> 610 | I19: 0
A20: 2007 | B20: 7 | C20: =MAX(E20*10,20) -> 20 | D20: =MID(A20,1,1) -> 2 | E20: 2 | F20: 0 | G20: =VLOOKUP(B20,Sheet2!A8:F37,6,1) -> 180 | H20: =G19+H19 -> 770 | I20: 0
A21: 2008 | B21: 8 | C21: =MAX(E21*10,20) -> 20 | D21: =MID(A21,1,1) -> 2 | E21: 2 | F21: 0 | G21: =VLOOKUP(B21,Sheet2!A9:F38,6,1) -> 190 | H21: =G20+H20 -> 950 | I21: 0
A22: 2009 | B22: 9 | C22: =MAX(E22*10,20) -> 20 | D22: =MID(A22,1,1) -> 2 | E22: 2 | F22: 0 | G22: =VLOOKUP(B22,Sheet2!A10:F39,6,1) -> 210 | H22: =G21+H21 -> 1140 | I22: 0
A23: 2010 | B23: 10 | C23: =MAX(E23*10,20) -> 20 | D23: =MID(A23,1,1) -> 2 | E23: 2 | F23: 0 | G23: =VLOOKUP(B23,Sheet2!A11:F40,6,1) -> 300 | H23: =G22+H22 -> 1350 | I23: 0
A24: 2011 | B24: 11 | C24: =MAX(E24*10,20) -> 20 | D24: =MID(A24,1,1) -> 2 | E24: 2 | F24: 0 | G24: =VLOOKUP(B24,Sheet2!A12:F41,6,1) -> 320 | H24: =G23+H23 -> 1650 | I24: 0
A25: 2012 | B25: 12 | C25: =MAX(E25*10,20) -> 20 | D25: =MID(A25,1,1) -> 2 | E25: 2 | F25: 0 | G25: =VLOOKUP(B25,Sheet2!A13:F42,6,1) -> 330 | H25: =G24+H24 -> 1970 | I25: 0
A26: 2013 | B26: 13 | C26: =MAX(E26*10,20) -> 20 | D26: =MID(A26,1,1) -> 2 | E26: 2 | F26: 0 | G26: =VLOOKUP(B26,Sheet2!A14:F43,6,1) -> 350 | H26: =G25+H25 -> 2300 | I26: 0
... A32: 2019 | B32: 19 | C32: =MAX(E32*10,20) -> 20 | D32: =MID(A32,1,1) -> 2 | E32: 2 | F32: 0 | G32: =VLOOKUP(B32,Sheet2!A20:F49,6,1) -> 460 | H32: =G31+H31 -> 4650 | I32: 0
A33: 2020 | B33: 20 | C33: =MAX(E33*10,20) -> 20 | D33: =MID(A33,1,1) -> 2 | E33: 2 | F33: 0 | G33: 480 | H33: =G32+H32 -> 5110 | I33: 0
A34: 3001 | B34: 1 | C34: 40 | D34: =MID(A34,1,1) -> 3 | E34: 2 | F34: 0 | G34: =VLOOKUP(B34,Sheet2!A2:E41,5,1) -> 140 | H34: 0 | I34: 0
A35: 3002 | B35: 2 | C35: 40 | D35: =MID(A35,1,1) -> 3 | E35: 2 | F35: 0 | G35: =VLOOKUP(B35,Sheet2!A3:E42,5,1) -> 150 | H35: =G34+H34 -> 140 | I35: 0
A36: 3003 | B36: 3 | C36: 40 | D36: =MID(A36,1,1) -> 3 | E36: 2 | F36: 0 | G36: =VLOOKUP(B36,Sheet2!A4:E43,5,1) -> 160 | H36: =G35+H35 -> 290 | I36: 0
A37: 3004 | B37: 4 | C37: 40 | D37: =MID(A37,1,1) -> 3 | E37: 2 | F37: 0 | G37: =VLOOKUP(B37,Sheet2!A5:E44,5,1) -> 180 | H37: =G36+H36 -> 450 | I37: 0
A38: 3005 | B38: 5 | C38: 40 | D38: =MID(A38,1,1) -> 3 | E38: 2 | F38: 0 | G38: =VLOOKUP(B38,Sheet2!A6:E45,5,1) -> 200 | H38: =G37+H37 -> 630 | I38: 0
A39: 3006 | B39: 6 | C39: 40 | D39: =MID(A39,1,1) -> 3 | E39: 2 | F39: 0 | G39: =VLOOKUP(B39,Sheet2!A7:E46,5,1) -> 220 | H39: =G38+H38 -> 830 | I39: 0
A40: 3007 | B40: 7 | C40: 40 | D40: =MID(A40,1,1) -> 3 | E40: 2 | F40: 0 | G40: =VLOOKUP(B40,Sheet2!A8:E47,5,1) -> 240 | H40: =G39+H39 -> 1050 | I40: 0
A41: 3008 | B41: 8 | C41: 40 | D41: =MID(A41,1,1) -> 3 | E41: 2 | F41: 0 | G41: =VLOOKUP(B41,Sheet2!A9:E48,5,1) -> 260 | H41: =G40+H40 -> 1290 | I41: 0
A42: 3009 | B42: 9 | C42: 40 | D42: =MID(A42,1,1) -> 3 | E42: 2 | F42: 0 | G42: =VLOOKUP(B42,Sheet2!A10:E49,5,1) -> 280 | H42: =G41+H41 -> 1550 | I42: 0
A43: 3010 | B43: 10 | C43: 40 | D43: =MID(A43,1,1) -> 3 | E43: 2 | F43: 1 | G43: =VLOOKUP(B43,Sheet2!A11:E50,5,1) -> 400 | H43: =G42+H42 -> 1830 | I43: 0
A44: 3011 | B44: 11 | C44: 40 | D44: =MID(A44,1,1) -> 3 | E44: 2 | F44: 1 | G44: =VLOOKUP(B44,Sheet2!A12:E51,5,1) -> 420 | H44: =G43+H43 -> 2230 | I44: 0
A45: 3012 | B45: 12 | C45: 40 | D45: =MID(A45,1,1) -> 3 | E45: 2 | F45: 1 | G45: =VLOOKUP(B45,Sheet2!A13:E52,5,1) -> 440 | H45: =G44+H44 -> 2650 | I45: 0
A46: 3013 | B46: 13 | C46: 40 | D46: =MID(A46,1,1) -> 3 | E46: 2 | F46: 1 | G46: =VLOOKUP(B46,Sheet2!A14:E53,5,1) -> 460 | H46: =G45+H45 -> 3090 | I46: 0
... A52: 3019 | B52: 19 | C52: 40 | D52: =MID(A52,1,1) -> 3 | E52: 2 | F52: 1 | G52: =VLOOKUP(B52,Sheet2!A20:E59,5,1) -> 620 | H52: =G51+H51 -> 6230 | I52: 0
A53: 3020 | B53: 20 | C53: 40 | D53: =MID(A53,1,1) -> 3 | E53: 2 | F53: 2 | G53: =VLOOKUP(B53,Sheet2!A21:E60,5,1) -> 860 | H53: =G52+H52 -> 6850 | I53: 10001:1|10010:8|10011:8;30
A54: 3021 | B54: 21 | C54: 40 | D54: =MID(A54,1,1) -> 3 | E54: 3 | F54: 2 | G54: =VLOOKUP(B54,Sheet2!A22:E61,5,1) -> 880 | H54: =G53+H53 -> 7710 | I54: 0
A55: 3022 | B55: 22 | C55: 40 | D55: =MID(A55,1,1) -> 3 | E55: 3 | F55: 2 | G55: =VLOOKUP(B55,Sheet2!A23:E62,5,1) -> 910 | H55: =G54+H54 -> 8590 | I55: 0
A56: 3023 | B56: 23 | C56: 40 | D56: =MID(A56,1,1) -> 3 | E56: 3 | F56: 2 | G56: =VLOOKUP(B56,Sheet2!A24:E63,5,1) -> 940 | H56: =G55+H55 -> 9500 | I56: 0
A57: 3024 | B57: 24 | C57: 40 | D57: =MID(A57,1,1) -> 3 | E57: 3 | F57: 2 | G57: =VLOOKUP(B57,Sheet2!A25:E64,5,1) -> 960 | H57: =G56+H56 -> 10440 | I57: 0
A58: 3025 | B58: 25 | C58: 40 | D58: =MID(A58,1,1) -> 3 | E58: 3 | F58: 2 | G58: =VLOOKUP(B58,Sheet2!A26:E65,5,1) -> 1000 | H58: =G57+H57 -> 11400 | I58: 0
A59: 3026 | B59: 26 | C59: 40 | D59: =MID(A59,1,1) -> 3 | E59: 3 | F59: 2 | G59: =VLOOKUP(B59,Sheet2!A27:E66,5,1) -> 1030 | H59: =G58+H58 -> 12400 | I59: 0
A60: 3027 | B60: 27 | C60: 40 | D60: =MID(A60,1,1) -> 3 | E60: 3 | F60: 2 | G60: =VLOOKUP(B60,Sheet2!A28:E67,5,1) -> 1060 | H60: =G59+H59 -> 13430 | I60: 0
A61: 3028 | B61: 28 | C61: 40 | D61: =MID(A61,1,1) -> 3 | E61: 3 | F61: 2 | G61: =VLOOKUP(B61,Sheet2!A29:E68,5,1) -> 1100 | H61: =G60+H60 -> 14490 | I61: 0
A62: 3029 | B62: 29 | C62: 40 | D62: =MID(A62,1,1) -> 3 | E62: 3 | F62: 2 | G62: =VLOOKUP(B62,Sheet2!A30:E69,5,1) -> 1130 | H62: =G61+H61 -> 15590 | I62: 0
A63: 3030 | B63: 30 | C63: 40 | D63: =MID(A63,1,1) -> 3 | E63: 3 | F63: 3 | G63: =VLOOKUP(B63,Sheet2!A31:E70,5,1) -> 1480 | H63: =G62+H62 -> 16720 | I63: 10001:2|10012:16|10014:16;40
A64: 3031 | B64: 31 | C64: 40 | D64: =MID(A64,1,1) -> 3 | E64: 4 | F64: 3 | G64: =VLOOKUP(B64,Sheet2!A32:E71,5,1) -> 1520 | H64: =G63+H63 -> 18200 | I64: 0
A65: 3032 | B65: 32 | C65: 40 | D65: =MID(A65,1,1) -> 3 | E65: 4 | F65: 3 | G65: =VLOOKUP(B65,Sheet2!A33:E72,5,1) -> 1550 | H65: =G64+H64 -> 19720 | I65: 0
A66: 3033 | B66: 33 | C66: 40 | D66: =MID(A66,1,1) -> 3 | E66: 4 | F66: 3 | G66: =VLOOKUP(B66,Sheet2!A34:E73,5,1) -> 1580 | H66: =G65+H65 -> 21270 | I66: 0
A67: 3034 | B67: 34 | C67: 40 | D67: =MID(A67,1,1) -> 3 | E67: 4 | F67: 3 | G67: =VLOOKUP(B67,Sheet2!A35:E74,5,1) -> 1620 | H67: =G66+H66 -> 22850 | I67: 0
A68: 3035 | B68: 35 | C68: 40 | D68: =MID(A68,1,1) -> 3 | E68: 4 | F68: 3 | G68: =VLOOKUP(B68,Sheet2!A36:E75,5,1) -> 1660 | H68: =G67+H67 -> 24470 | I68: 0
A69: 3036 | B69: 36 | C69: 40 | D69: =MID(A69,1,1) -> 3 | E69: 4 | F69: 3 | G69: =VLOOKUP(B69,Sheet2!A37:E76,5,1) -> 1700 | H69: =G68+H68 -> 26130 | I69: 0
A70: 3037 | B70: 37 | C70: 40 | D70: =MID(A70,1,1) -> 3 | E70: 4 | F70: 3 | G70: =VLOOKUP(B70,Sheet2!A38:E77,5,1) -> 1740 | H70: =G69+H69 -> 27830 | I70: 0
A71: 3038 | B71: 38 | C71: 40 | D71: =MID(A71,1,1) -> 3 | E71: 4 | F71: 3 | G71: =VLOOKUP(B71,Sheet2!A39:E78,5,1) -> 1780 | H71: =G70+H70 -> 29570 | I71: 0
A72: 3039 | B72: 39 | C72: 40 | D72: =MID(A72,1,1) -> 3 | E72: 4 | F72: 3 | G72: =VLOOKUP(B72,Sheet2!A40:E79,5,1) -> 1820 | H72: =G71+H71 -> 31350 | I72: 0
A73: 3040 | B73: 40 | C73: 40 | D73: =MID(A73,1,1) -> 3 | E73: 4 | F73: 4 | G73: 1860 | H73: =G72+H72 -> 33170 | I73: 0
A74: 4001 | B74: 1 | C74: 50 | D74: =MID(A74,1,1) -> 4 | E74: 3 | F74: =ROUNDDOWN(B74/10,0) -> 0 | G74: =VLOOKUP(B74,Sheet2!A2:B51,2,1) -> 200 | H74: 0 | I74: 0
A75: 4002 | B75: 2 | C75: 50 | D75: =MID(A75,1,1) -> 4 | E75: 3 | F75: =ROUNDDOWN(B75/10,0) -> 0 | G75: =VLOOKUP(B75,Sheet2!A3:B52,2,1) -> 220 | H75: =G74+H74 -> 200 | I75: 0
A76: 4003 | B76: 3 | C76: 50 | D76: =MID(A76,1,1) -> 4 | E76: 3 | F76: =ROUNDDOWN(B76/10,0) -> 0 | G76: =VLOOKUP(B76,Sheet2!A4:B53,2,1) -> 240 | H76: =G75+H75 -> 420 | I76: 0
A77: 4004 | B77: 4 | C77: 50 | D77: =MID(A77,1,1) -> 4 | E77: 3 | F77: =ROUNDDOWN(B77/10,0) -> 0 | G77: =VLOOKUP(B77,Sheet2!A5:B54,2,1) -> 260 | H77: =G76+H76 -> 660 | I77: 0
A78: 4005 | B78: 5 | C78: 50 | D78: =MID(A78,1,1) -> 4 | E78: 3 | F78: =ROUNDDOWN(B78/10,0) -> 0 | G78: =VLOOKUP(B78,Sheet2!A6:B55,2,1) -> 290 | H78: =G77+H77 -> 920 | I78: 0
A79: 4006 | B79: 6 | C79: 50 | D79: =MID(A79,1,1) -> 4 | E79: 3 | F79: =ROUNDDOWN(B79/10,0) -> 0 | G79: =VLOOKUP(B79,Sheet2!A7:B56,2,1) -> 320 | H79: =G78+H78 -> 1210 | I79: 0
A80: 4007 | B80: 7 | C80: 50 | D80: =MID(A80,1,1) -> 4 | E80: 3 | F80: =ROUNDDOWN(B80/10,0) -> 0 | G80: =VLOOKUP(B80,Sheet2!A8:B57,2,1) -> 350 | H80: =G79+H79 -> 1530 | I80: 0
A81: 4008 | B81: 8 | C81: 50 | D81: =MID(A81,1,1) -> 4 | E81: 3 | F81: =ROUNDDOWN(B81/10,0) -> 0 | G81: =VLOOKUP(B81,Sheet2!A9:B58,2,1) -> 380 | H81: =G80+H80 -> 1880 | I81: 0
A82: 4009 | B82: 9 | C82: 50 | D82: =MID(A82,1,1) -> 4 | E82: 3 | F82: =ROUNDDOWN(B82/10,0) -> 0 | G82: =VLOOKUP(B82,Sheet2!A10:B59,2,1) -> 410 | H82: =G81+H81 -> 2260 | I82: 0
A83: 4010 | B83: 10 | C83: 50 | D83: =MID(A83,1,1) -> 4 | E83: 3 | F83: =ROUNDDOWN(B83/10,0) -> 1 | G83: =VLOOKUP(B83,Sheet2!A11:B60,2,1) -> 600 | H83: =G82+H82 -> 2670 | I83: 0
A84: 4011 | B84: 11 | C84: 50 | D84: =MID(A84,1,1) -> 4 | E84: 3 | F84: =ROUNDDOWN(B84/10,0) -> 1 | G84: =VLOOKUP(B84,Sheet2!A12:B61,2,1) -> 630 | H84: =G83+H83 -> 3270 | I84: 0
A85: 4012 | B85: 12 | C85: 50 | D85: =MID(A85,1,1) -> 4 | E85: 3 | F85: =ROUNDDOWN(B85/10,0) -> 1 | G85: =VLOOKUP(B85,Sheet2!A13:B62,2,1) -> 660 | H85: =G84+H84 -> 3900 | I85: 0
A86: 4013 | B86: 13 | C86: 50 | D86: =MID(A86,1,1) -> 4 | E86: 3 | F86: =ROUNDDOWN(B86/10,0) -> 1 | G86: =VLOOKUP(B86,Sheet2!A14:B63,2,1) -> 690 | H86: =G85+H85 -> 4560 | I86: 0
... A92: 4019 | B92: 19 | C92: 50 | D92: =MID(A92,1,1) -> 4 | E92: 3 | F92: =ROUNDDOWN(B92/10,0) -> 1 | G92: =VLOOKUP(B92,Sheet2!A20:B69,2,1) -> 920 | H92: =G91+H91 -> 9250 | I92: 0
A93: 4020 | B93: 20 | C93: 50 | D93: =MID(A93,1,1) -> 4 | E93: 3 | F93: =ROUNDDOWN(B93/10,0) -> 2 | G93: 1300 | H93: =G92+H92 -> 10170 | I93: 10002:1|10012:16|10014:16;30
A94: 4021 | B94: 21 | C94: 50 | D94: =MID(A94,1,1) -> 4 | E94: 3 | F94: =ROUNDDOWN(B94/10,0) -> 2 | G94: =VLOOKUP(B94,Sheet2!A21:B70,2,1) -> 1320 | H94: =G93+H93 -> 11470 | I94: 0
A95: 4022 | B95: 22 | C95: 50 | D95: =MID(A95,1,1) -> 4 | E95: 3 | F95: =ROUNDDOWN(B95/10,0) -> 2 | G95: =VLOOKUP(B95,Sheet2!A22:B71,2,1) -> 1360 | H95: =G94+H94 -> 12790 | I95: 0
A96: 4023 | B96: 23 | C96: 50 | D96: =MID(A96,1,1) -> 4 | E96: 3 | F96: =ROUNDDOWN(B96/10,0) -> 2 | G96: =VLOOKUP(B96,Sheet2!A23:B72,2,1) -> 1400 | H96: =G95+H95 -> 14150 | I96: 0
A97: 4024 | B97: 24 | C97: 50 | D97: =MID(A97,1,1) -> 4 | E97: 3 | F97: =ROUNDDOWN(B97/10,0) -> 2 | G97: =VLOOKUP(B97,Sheet2!A24:B73,2,1) -> 1440 | H97: =G96+H96 -> 15550 | I97: 0
A98: 4025 | B98: 25 | C98: 50 | D98: =MID(A98,1,1) -> 4 | E98: 3 | F98: =ROUNDDOWN(B98/10,0) -> 2 | G98: =VLOOKUP(B98,Sheet2!A25:B74,2,1) -> 1490 | H98: =G97+H97 -> 16990 | I98: 0
A99: 4026 | B99: 26 | C99: 50 | D99: =MID(A99,1,1) -> 4 | E99: 3 | F99: =ROUNDDOWN(B99/10,0) -> 2 | G99: =VLOOKUP(B99,Sheet2!A26:B75,2,1) -> 1540 | H99: =G98+H98 -> 18480 | I99: 0
A100: 4027 | B100: 27 | C100: 50 | D100: =MID(A100,1,1) -> 4 | E100: 3 | F100: =ROUNDDOWN(B100/10,0) -> 2 | G100: =VLOOKUP(B100,Sheet2!A27:B76,2,1) -> 1590 | H100: =G99+H99 -> 20020 | I100: 0
A101: 4028 | B101: 28 | C101: 50 | D101: =MID(A101,1,1) -> 4 | E101: 3 | F101: =ROUNDDOWN(B101/10,0) -> 2 | G101: =VLOOKUP(B101,Sheet2!A28:B77,2,1) -> 1640 | H101: =G100+H100 -> 21610 | I101: 0
A102: 4029 | B102: 29 | C102: 50 | D102: =MID(A102,1,1) -> 4 | E102: 3 | F102: =ROUNDDOWN(B102/10,0) -> 2 | G102: =VLOOKUP(B102,Sheet2!A29:B78,2,1) -> 1690 | H102: =G101+H101 -> 23250 | I102: 0
A103: 4030 | B103: 30 | C103: 50 | D103: =MID(A103,1,1) -> 4 | E103: 3 | F103: =ROUNDDOWN(B103/10,0) -> 3 | G103: 2250 | H103: =G102+H102 -> 24940 | I103: 10002:2|10015:16|10016:16;40
A104: 4031 | B104: 31 | C104: 50 | D104: =MID(A104,1,1) -> 4 | E104: 4 | F104: =ROUNDDOWN(B104/10,0) -> 3 | G104: =VLOOKUP(B104,Sheet2!A32:B81,2,1) -> 2270 | H104: =G103+H103 -> 27190 | I104: 0
A105: 4032 | B105: 32 | C105: 50 | D105: =MID(A105,1,1) -> 4 | E105: 4 | F105: =ROUNDDOWN(B105/10,0) -> 3 | G105: =VLOOKUP(B105,Sheet2!A32:B81,2,1) -> 2320 | H105: =G104+H104 -> 29460 | I105: 0
A106: 4033 | B106: 33 | C106: 50 | D106: =MID(A106,1,1) -> 4 | E106: 4 | F106: =ROUNDDOWN(B106/10,0) -> 3 | G106: =VLOOKUP(B106,Sheet2!A33:B82,2,1) -> 2370 | H106: =G105+H105 -> 31780 | I106: 0
A107: 4034 | B107: 34 | C107: 50 | D107: =MID(A107,1,1) -> 4 | E107: 4 | F107: =ROUNDDOWN(B107/10,0) -> 3 | G107: =VLOOKUP(B107,Sheet2!A34:B83,2,1) -> 2420 | H107: =G106+H106 -> 34150 | I107: 0
A108: 4035 | B108: 35 | C108: 50 | D108: =MID(A108,1,1) -> 4 | E108: 4 | F108: =ROUNDDOWN(B108/10,0) -> 3 | G108: =VLOOKUP(B108,Sheet2!A35:B84,2,1) -> 2480 | H108: =G107+H107 -> 36570 | I108: 0
A109: 4036 | B109: 36 | C109: 50 | D109: =MID(A109,1,1) -> 4 | E109: 4 | F109: =ROUNDDOWN(B109/10,0) -> 3 | G109: =VLOOKUP(B109,Sheet2!A36:B85,2,1) -> 2540 | H109: =G108+H108 -> 39050 | I109: 0
A110: 4037 | B110: 37 | C110: 50 | D110: =MID(A110,1,1) -> 4 | E110: 4 | F110: =ROUNDDOWN(B110/10,0) -> 3 | G110: =VLOOKUP(B110,Sheet2!A37:B86,2,1) -> 2600 | H110: =G109+H109 -> 41590 | I110: 0
A111: 4038 | B111: 38 | C111: 50 | D111: =MID(A111,1,1) -> 4 | E111: 4 | F111: =ROUNDDOWN(B111/10,0) -> 3 | G111: =VLOOKUP(B111,Sheet2!A38:B87,2,1) -> 2660 | H111: =G110+H110 -> 44190 | I111: 0
A112: 4039 | B112: 39 | C112: 50 | D112: =MID(A112,1,1) -> 4 | E112: 4 | F112: =ROUNDDOWN(B112/10,0) -> 3 | G112: =VLOOKUP(B112,Sheet2!A39:B88,2,1) -> 2720 | H112: =G111+H111 -> 46850 | I112: 0
A113: 4040 | B113: 40 | C113: 50 | D113: =MID(A113,1,1) -> 4 | E113: 4 | F113: =ROUNDDOWN(B113/10,0) -> 4 | G113: =VLOOKUP(B113,Sheet2!A40:B89,2,1) -> 3410 | H113: =G112+H112 -> 49570 | I113: 10002:3|10015:16|10016:16;50
A114: 4041 | B114: 41 | C114: 50 | D114: =MID(A114,1,1) -> 4 | E114: 5 | F114: =ROUNDDOWN(B114/10,0) -> 4 | G114: =VLOOKUP(B114,Sheet2!A42:B91,2,1) -> 3470 | H114: =G113+H113 -> 52980 | I114: 0
A115: 4042 | B115: 42 | C115: 50 | D115: =MID(A115,1,1) -> 4 | E115: 5 | F115: =ROUNDDOWN(B115/10,0) -> 4 | G115: =VLOOKUP(B115,Sheet2!A42:B91,2,1) -> 3530 | H115: =G114+H114 -> 56450 | I115: 0
...

Sheet Sheet2
A1: 等级 | B1: SSR | E1: SR | F1: R | G1: N | I1: SR | J1: 1.5 | L1: 品质 | M1: 4 | N1: 常数 | O1: 20 | P1: 星级常数 | Q1: 11.97
A2: 1 | B2: 200 | E2: =ROUNDUP(B2/$J$1,-1) -> 140 | F2: =ROUNDUP(B2/$J$2,-1) -> 100 | G2: =ROUNDUP(B2/$J$3,-1) -> 70 | I2: R | J2: 2
A3: 2 | B3: =ROUNDUP(B2+C3,-1) -> 220 | C3: =ROUND($O$1+A3,-1) -> 20 | E3: =ROUNDUP(B3/$J$1,-1) -> 150 | F3: =ROUNDUP(B3/$J$2,-1) -> 110 | G3: =ROUNDUP(B3/$J$3,-1) -> 80 | I3: N | J3: 3
A4: 3 | B4: =ROUNDUP(B3+C4,-1) -> 240 | C4: =ROUND($O$1+A4,-1) -> 20 | E4: =ROUNDUP(B4/$J$1,-1) -> 160 | F4: =ROUNDUP(B4/$J$2,-1) -> 120 | G4: =ROUNDUP(B4/$J$3,-1) -> 80
A5: 4 | B5: =ROUNDUP(B4+C5,-1) -> 260 | C5: =ROUND($O$1+A5,-1) -> 20 | E5: =ROUNDUP(B5/$J$1,-1) -> 180 | F5: =ROUNDUP(B5/$J$2,-1) -> 130 | G5: =ROUNDUP(B5/$J$3,-1) -> 90
A6: 5 | B6: =ROUNDUP(B5+C6,-1) -> 290 | C6: =ROUND($O$1+A6,-1) -> 30 | E6: =ROUNDUP(B6/$J$1,-1) -> 200 | F6: =ROUNDUP(B6/$J$2,-1) -> 150 | G6: =ROUNDUP(B6/$J$3,-1) -> 100
A7: 6 | B7: =ROUNDUP(B6+C7,-1) -> 320 | C7: =ROUND($O$1+A7,-1) -> 30 | E7: =ROUNDUP(B7/$J$1,-1) -> 220 | F7: =ROUNDUP(B7/$J$2,-1) -> 160 | G7: =ROUNDUP(B7/$J$3,-1) -> 110
A8: 7 | B8: =ROUNDUP(B7+C8,-1) -> 350 | C8: =ROUND($O$1+A8,-1) -> 30 | E8: =ROUNDUP(B8/$J$1,-1) -> 240 | F8: =ROUNDUP(B8/$J$2,-1) -> 180 | G8: =ROUNDUP(B8/$J$3,-1) -> 120
A9: 8 | B9: =ROUNDUP(B8+C9,-1) -> 380 | C9: =ROUND($O$1+A9,-1) -> 30 | E9: =ROUNDUP(B9/$J$1,-1) -> 260 | F9: =ROUNDUP(B9/$J$2,-1) -> 190 | G9: =ROUNDUP(B9/$J$3,-1) -> 130
A10: 9 | B10: =ROUNDUP(B9+C10,-1) -> 410 | C10: =ROUND($O$1+A10,-1) -> 30 | E10: =ROUNDUP(B10/$J$1,-1) -> 280 | F10: =ROUNDUP(B10/$J$2,-1) -> 210 | G10: =ROUNDUP(B10/$J$3,-1) -> 140
A11: 10 | B11: =ROUNDUP(B10+C11,-1) -> 600 | C11: =ROUND($O$1+A11+D11,-1) -> 190 | D11: =$M$1*(A11-1)+$Q$1*A11 -> 155.7 | E11: =ROUNDUP(B11/$J$1,-1) -> 400 | F11: =ROUNDUP(B11/$J$2,-1) -> 300 | G11: 0
A12: 11 | B12: =ROUNDUP(B11+C12,-1) -> 630 | C12: =ROUND($O$1+A12+D12,-1) -> 30 | E12: =ROUNDUP(B12/$J$1,-1) -> 420 | F12: =ROUNDUP(B12/$J$2,-1) -> 320
A13: 12 | B13: =ROUNDUP(B12+C13,-1) -> 660 | C13: =ROUND($O$1+A13+D13,-1) -> 30 | E13: =ROUNDUP(B13/$J$1,-1) -> 440 | F13: =ROUNDUP(B13/$J$2,-1) -> 330
A14: 13 | B14: =ROUNDUP(B13+C14,-1) -> 690 | C14: =ROUND($O$1+A14+D14,-1) -> 30 | E14: =ROUNDUP(B14/$J$1,-1) -> 460 | F14: =ROUNDUP(B14/$J$2,-1) -> 350
A15: 14 | B15: =ROUNDUP(B14+C15,-1) -> 720 | C15: =ROUND($O$1+A15+D15,-1) -> 30 | E15: =ROUNDUP(B15/$J$1,-1) -> 480 | F15: =ROUNDUP(B15/$J$2,-1) -> 360
A16: 15 | B16: =ROUNDUP(B15+C16,-1) -> 760 | C16: =ROUND($O$1+A16+D16,-1) -> 40 | E16: =ROUNDUP(B16/$J$1,-1) -> 510 | F16: =ROUNDUP(B16/$J$2,-1) -> 380
A17: 16 | B17: =ROUNDUP(B16+C17,-1) -> 800 | C17: =ROUND($O$1+A17+D17,-1) -> 40 | E17: =ROUNDUP(B17/$J$1,-1) -> 540 | F17: =ROUNDUP(B17/$J$2,-1) -> 400
A18: 17 | B18: =ROUNDUP(B17+C18,-1) -> 840 | C18: =ROUND($O$1+A18+D18,-1) -> 40 | E18: =ROUNDUP(B18/$J$1,-1) -> 560 | F18: =ROUNDUP(B18/$J$2,-1) -> 420
A19: 18 | B19: =ROUNDUP(B18+C19,-1) -> 880 | C19: =ROUND($O$1+A19+D19,-1) -> 40 | E19: =ROUNDUP(B19/$J$1,-1) -> 590 | F19: =ROUNDUP(B19/$J$2,-1) -> 440
A20: 19 | B20: =ROUNDUP(B19+C20,-1) -> 920 | C20: =ROUND($O$1+A20+D20,-1) -> 40 | E20: =ROUNDUP(B20/$J$1,-1) -> 620 | F20: =ROUNDUP(B20/$J$2,-1) -> 460
A21: 20 | B21: =ROUNDUP(B20+C21,-1) -> 1280 | C21: =ROUND($O$1+A21+D21,-1) -> 360 | D21: =$M$1*(A21-1)+$Q$1*A21 -> 315.4 | E21: =ROUNDUP(B21/$J$1,-1) -> 860 | F21: 0
A22: 21 | B22: =ROUNDUP(B21+C22,-1) -> 1320 | C22: =ROUND($O$1+A22+D22,-1) -> 40 | E22: =ROUNDUP(B22/$J$1,-1) -> 880
A23: 22 | B23: =ROUNDUP(B22+C23,-1) -> 1360 | C23: =ROUND($O$1+A23+D23,-1) -> 40 | E23: =ROUNDUP(B23/$J$1,-1) -> 910
A24: 23 | B24: =ROUNDUP(B23+C24,-1) -> 1400 | C24: =ROUND($O$1+A24+D24,-1) -> 40 | E24: =ROUNDUP(B24/$J$1,-1) -> 940
A25: 24 | B25: =ROUNDUP(B24+C25,-1) -> 1440 | C25: =ROUND($O$1+A25+D25,-1) -> 40 | E25: =ROUNDUP(B25/$J$1,-1) -> 960
A26: 25 | B26: =ROUNDUP(B25+C26,-1) -> 1490 | C26: =ROUND($O$1+A26+D26,-1) -> 50 | E26: =ROUNDUP(B26/$J$1,-1) -> 1000
A27: 26 | B27: =ROUNDUP(B26+C27,-1) -> 1540 | C27: =ROUND($O$1+A27+D27,-1) -> 50 | E27: =ROUNDUP(B27/$J$1,-1) -> 1030
A28: 27 | B28: =ROUNDUP(B27+C28,-1) -> 1590 | C28: =ROUND($O$1+A28+D28,-1) -> 50 | E28: =ROUNDUP(B28/$J$1,-1) -> 1060
A29: 28 | B29: =ROUNDUP(B28+C29,-1) -> 1640 | C29: =ROUND($O$1+A29+D29,-1) -> 50 | E29: =ROUNDUP(B29/$J$1,-1) -> 1100
A30: 29 | B30: =ROUNDUP(B29+C30,-1) -> 1690 | C30: =ROUND($O$1+A30+D30,-1) -> 50 | E30: =ROUNDUP(B30/$J$1,-1) -> 1130
A31: 30 | B31: =ROUNDUP(B30+C31,-1) -> 2220 | C31: =ROUND($O$1+A31+D31,-1) -> 530 | D31: =$M$1*(A31-1)+$Q$1*A31 -> 475.1 | E31: =ROUNDUP(B31/$J$1,-1) -> 1480
A32: 31 | B32: =ROUNDUP(B31+C32,-1) -> 2270 | C32: =ROUND($O$1+A32+D32,-1) -> 50 | E32: =ROUNDUP(B32/$J$1,-1) -> 1520
A33: 32 | B33: =ROUNDUP(B32+C33,-1) -> 2320 | C33: =ROUND($O$1+A33+D33,-1) -> 50 | E33: =ROUNDUP(B33/$J$1,-1) -> 1550
A34: 33 | B34: =ROUNDUP(B33+C34,-1) -> 2370 | C34: =ROUND($O$1+A34+D34,-1) -> 50 | E34: =ROUNDUP(B34/$J$1,-1) -> 1580
A35: 34 | B35: =ROUNDUP(B34+C35,-1) -> 2420 | C35: =ROUND($O$1+A35+D35,-1) -> 50 | E35: =ROUNDUP(B35/$J$1,-1) -> 1620
A36: 35 | B36: =ROUNDUP(B35+C36,-1) -> 2480 | C36: =ROUND($O$1+A36+D36,-1) -> 60 | E36: =ROUNDUP(B36/$J$1,-1) -> 1660
A37: 36 | B37: =ROUNDUP(B36+C37,-1) -> 2540 | C37: =ROUND($O$1+A37+D37,-1) -> 60 | E37: =ROUNDUP(B37/$J$1,-1) -> 1700
A38: 37 | B38: =ROUNDUP(B37+C38,-1) -> 2600 | C38: =ROUND($O$1+A38+D38,-1) -> 60 | E38: =ROUNDUP(B38/$J$1,-1) -> 1740
A39: 38 | B39: =ROUNDUP(B38+C39,-1) -> 2660 | C39: =ROUND($O$1+A39+D39,-1) -> 60 | E39: =ROUNDUP(B39/$J$1,-1) -> 1780
A40: 39 | B40: =ROUNDUP(B39+C40,-1) -> 2720 | C40: =ROUND($O$1+A40+D40,-1) -> 60 | E40: =ROUNDUP(B40/$J$1,-1) -> 1820
A41: 40 | B41: =ROUNDUP(B40+C41,-1) -> 3410 | C41: =ROUND($O$1+A41+D41,-1) -> 690 | D41: =$M$1*(A41-1)+$Q$1*A41 -> 634.8 | E41: 0
A42: 41 | B42: =ROUNDUP(B41+C42,-1) -> 3470 | C42: =ROUND($O$1+A42+D42,-1) -> 60
A43: 42 | B43: =ROUNDUP(B42+C43,-1) -> 3530 | C43: =ROUND($O$1+A43+D43,-1) -> 60
A44: 43 | B44: =ROUNDUP(B43+C44,-1) -> 3590 | C44: =ROUND($O$1+A44+D44,-1) -> 60
A45: 44 | B45: =ROUNDUP(B44+C45,-1) -> 3650 | C45: =ROUND($O$1+A45+D45,-1) -> 60
A46: 45 | B46: =ROUNDUP(B45+C46,-1) -> 3720 | C46: =ROUND($O$1+A46+D46,-1) -> 70
A47: 46 | B47: =ROUNDUP(B46+C47,-1) -> 3790 | C47: =ROUND($O$1+A47+D47,-1) -> 70
A48: 47 | B48: =ROUNDUP(B47+C48,-1) -> 3860 | C48: =ROUND($O$1+A48+D48,-1) -> 70
A49: 48 | B49: =ROUNDUP(B48+C49,-1) -> 3930 | C49: =ROUND($O$1+A49+D49,-1) -> 70
A50: 49 | B50: =ROUNDUP(B49+C50,-1) -> 4000 | C50: =ROUND($O$1+A50+D50,-1) -> 70
A51: 50 | B51: 0 | C51: =ROUND($O$1+A51+D51,-1) -> 70
B53: =SUM(B2:B52) -> 86470 | E53: =SUM(E2:E52) -> 33170 | F53: =SUM(F2:F52) -> 5110 | G53: =SUM(G2:G52) -> 920

Sheet Sheet3
