Workbook

Sheet Migong
A1: MiGongID | B1: LevelType | C1: Name | D1: Icon | E1: NextLevel | F1: ChaptersLv | G1: ChaptersLv1 | H1: TurnCount | I1: TurnCount1 | J1: TurnCount2 | K1: Difficulty | L1: Difficulty1 | M1: Difficulty2 | N1: BossReward | O1: BossReward1 | P1: BossReward2 | Q1: Pool | R1: Pool1 | S1: Pool2 | T1: Showitem | U1: Energy | V1: Idle | W1: IdleKing | X1: Idle1 | Y1: Mapaudio | Z1: ChaptersId | AA1: DiffcultId | AB1: Lv | AC1: Lv1 | AD1: StartCoin | AE1: Exp | AF1: OutMonster | AG1: RoundOut | AH1: Times | AI1: BOSS | AJ1: Export | AK1: TroopLib | AL1: BossMonster | AM1: DiffXiShu | AN1: Reward | AO1: FirstSklillLib | AP1: Challenge | AQ1: ChallengeNum | AR1: ChildLevelName | AS1: ChallengePos | AT1: Box | AU1: Pos | AV1: LevelSequence | AW1: BianShenSkillLib | AX1: JuQingType | AY1: BoxAndMonsterReward | AZ1: Story | BA1: LevelStory | BB1: Nandu | BC1: Difficult | BD1: Nandu | BE1: BossAlly | BF1: BossLib | BG1: BossSkill | BH1: BossMonsterNum | BI1: Mapmodel | BJ1: MapName
A2: int | B2: int | C2: string | D2: string | E2: int | F2: int | G2: int | H2: int | I2: int | J2: int | K2: int | L2: int | M2: int | N2: string | O2: string | P2: string | Q2: string | R2: string | S2: string | T2: string | U2: int | V2: string | W2: string | X2: string | Y2: string | Z2: int | AA2: int | AB2: int | AC2: int | AD2: int | AE2: int | AF2: int | AG2: int | AH2: int | AI2: string | AJ2: string | AK2: string | AL2: string | AM2: string | AN2: string | AO2: string | AP2: string | AQ2: int | AR2: string | AS2: string | AT2: string | AU2: string | AV2: string | AW2: string | AX2: int | AY2: string | AZ2: string | BA2: string | BB2: int | BC2: float | BD2: int | BE2: string | BF2: string | BG2: string | BH2: int | BI2: string | BJ2: string
A3: 迷宫关卡章节对应id | B3: 0常规1幻境2无尽守3攻城战4守城战5拯救友军6护送友军 | C3: 名称 | D3: 图标 | E3: 下一个关卡id | F3: 简单关卡等级(参与） | G3: 困难关卡等级(参与） | H3: 简单难度回合数 | I3: 困难难度回合数 | J3: 地狱难度回合数 | K3: 简单关卡难度系数 | L3: 困难难度难度系数 | M3: 地狱难度难度系数 | N3: 简单难度（通关奖励|1星奖励|2星奖励|3星奖励） | O3: 困难难度（通关奖励|1星奖励|2星奖励|3星奖励） | P3: 地狱难度（通关奖励|1星奖励|2星奖励|3星奖励） | Q3: 简单难度卡牌掉落 | R3: 困难难度卡牌掉落 | S3: 地狱难度卡牌掉落 | T3: 挑战怪奖励展示 | U3: 消耗体力 | V3: 挂机奖励每次产出的卡牌碎片数量（品质：数量|品质：数量|...） | W3: 挂机奖励会产出那些国王的卡牌碎片（国王id：国王id） | X3: 挂机奖励每次产出的金币数量（道具id和数量） | Y3: 背景音乐 | Z3: 当前章节 | AA3: 关卡难度 | AB3: 简单怪物等级 | AC3: 困难怪物等级 | AD3: 初始金币 | AE3: 每关怪物经验 | AF3: 初始出怪时间(毫秒) | AG3: 回合出怪间隔(毫秒) | AH3: 关卡防守总波次 | AI3: BOSS出现波次 | AJ3: 出怪 | AK3: 部队库 | AL3: 层数#部队库#层数增长系数 | AM3: 关卡波次属性增长值（生命#双攻#双防） | AN3: 挑战怪奖励 | AO3: 优先必出技能，|对应等级，2 | AP3: 挑战怪 | AQ3: 挑战怪数量 | AR3: 关卡难度描述 | AS3: 关卡挑战怪点 | AT3: 宝箱坐标点 | AU3: 关卡坐标点位 | AV3: 固定事件列表 | AW3: 变身商店要展示的技能 （1|101:102:103 2|101-103） | AX3: 0无 1开始有 2结束有 3开始结束都有 | AY3: 宝箱奖励，概率：类型：数量，概率+黑金石+数量，概率+装备+数量 | AZ3: 章节背景 | BA3: 小关卡故事 | BB3: 难度描述 | BC3: 关卡难度系数 | BD3: 难度描述 | BE3: boss关友军(友军id|友军id+数量+强度+队伍人数) | BF3: bossId+强度 | BG3: boss技能 | BH3: boss关怪物队伍数量 | BI3: 地图 | BJ3: 章节背景 | BL3: 序列 | BM3: boss | BN3: bossMons | BO3: 攻城站远程 | BP3: 救援战我方
A4: 11 | B4: 0 | C4: 贪婪之祸1 | D4: img_shenyuan1 | E4: =A5 -> 12 | F4: 1 | G4: =F4+20 -> 21 | H4: 18 | I4: 18 | J4: 18 | K4: 100 | L4: 200 | M4: 300 | N4: 1:12:100#1:12:100#1:12:400|1:13:6#1:11:100|1:10000001:72|1:10000002:28 | O4: 1:12:150#1:12:300#1:12:600|1:13:6#1:11:150|1:10000001:90|1:10000002:28|1:10000003:1 | P4: 1:12:250#1:12:400#1:12:800|1:13:6#1:11:200|1:10000001:120|1:10000002:36|1:10000003:2 | Q4: 30|1010101:1020101:1040101:2010101:2030101:2080101:3010101:3020101:3080101:4010101:4020101:4030101:5010101:5020101:5060101|1|100#7|1050101:1080101:1090101:2020101:2070101:2090101:3040101:3060101:3090101:4050101:4070101:4090101:5040101:5050101:5090101|1|100 | R4: 42|1010101:1020101:1040101:2010101:2030101:2080101:3010101:3020101:3080101:4010101:4020101:4030101:5010101:5020101:5060101|1|100#10|1050101:1080101:1090101:2020101:2070101:2090101:3040101:3060101:3090101:4050101:4070101:4090101:5040101:5050101:5090101|1|100#1|1030101:1070101:2040101:2060101:3050101:3070101:4040101:4060101:5030101:5070101|1|100 | S4: 72|1010101:1020101:1040101:2010101:2030101:2080101:3010101:3020101:3080101:4010101:4020101:4030101:5010101:5020101:5060101|1|100#18|1050101:1080101:1090101:2020101:2070101:2090101:3040101:3060101:3090101:4050101:4070101:4090101:5040101:5050101:5090101|1|100#1|1030101:1070101:2040101:2060101:3050101:3070101:4040101:4060101:5030101:5070101|1|100 | T4: 0 | U4: 3 | V4: 1:6|2:1|3:0 | W4: 1:2:3:4:5 | X4: 1:12:20 | Y4: MapBingXue | Z4: 1 | AA4: 0 | AB4: =F4+AA4+Z4 -> 2 | AC4: =AB4+15 -> 17 | AD4: 1000 | AE4: 15 | AF4: 15000 | AG4: 15000 | AH4: =出怪成长!C2 -> 3 | AI4: =出怪成长!D2 -> 3#20004#1 | AJ4: 1:2:1|1:4:1|2:8:1 | AK4: 1:10001|2:10002 | AL4: =出怪成长!F2 -> 2#1#0.4|3#2#0.8 | AM4: 5#5#1 | AN4: 0 | AO4: 0 | AP4: 0 | AQ4: 0 | AR4: 1 | AS4: 0 | AT4: 0 | AU4: -584.8:283 | AV4: 1+1+1+1+9+3|1+1+1+22+6|1+1+1+9+1+4|51 | AW4: 307:313:317 | AX4: 3 | AY4: 700:12:30|100:11:2|100:1:1|10:4:1 | AZ4: 北方之地，这里远离纷争 | BA4: 森林里出现了一个厉害的怪物，我们需要去打败它 | BB4: 0 | BC4: 0.2 | BD4: 2 | BE4: 0 | BF4: 2101+0.6 | BG4: 0 | BH4: 3 | BI4: MapBingXue1 | BJ4: MapBingXue | BL4: 1 | BM4: 2101 | BN4: 2001 | BO4: 0
A5: 12 | B5: 0 | C5: 贪婪之祸2 | D5: img_shenyuan2 | E5: =A6 -> 13 | F5: 2 | G5: =F5+20 -> 22 | H5: 18 | I5: 18 | J5: 18 | K5: 150 | L5: 300 | M5: 450 | N5: 1:12:100#1:12:100#1:12:600|1:13:6#1:11:100|1:10000001:84|1:10000002:28 | O5: 1:12:150#1:12:450#1:12:900|1:13:6#1:11:150|1:10000001:108|1:10000002:32|1:10000003:1 | P5: 1:12:250#1:12:600#1:12:1200|1:13:6#1:11:200|1:10000001:144|1:10000002:43|1:10000003:2 | Q5: 30|1010101:1020101:1040101:2010101:2030101:2080101:3010101:3020101:3080101:4010101:4020101:4030101:5010101:5020101:5060101|1|100#7|1050101:1080101:1090101:2020101:2070101:2090101:3040101:3060101:3090101:4050101:4070101:4090101:5040101:5050101:5090101|1|100 | R5: 42|1010101:1020101:1040101:2010101:2030101:2080101:3010101:3020101:3080101:4010101:4020101:4030101:5010101:5020101:5060101|1|100#10|1050101:1080101:1090101:2020101:2070101:2090101:3040101:3060101:3090101:4050101:4070101:4090101:5040101:5050101:5090101|1|100#1|1030101:1070101:2040101:2060101:3050101:3070101:4040101:4060101:5030101:5070101|1|100 | S5: 72|1010101:1020101:1040101:2010101:2030101:2080101:3010101:3020101:3080101:4010101:4020101:4030101:5010101:5020101:5060101|1|100#18|1050101:1080101:1090101:2020101:2070101:2090101:3040101:3060101:3090101:4050101:4070101:4090101:5040101:5050101:5090101|1|100#1|1030101:1070101:2040101:2060101:3050101:3070101:4040101:4060101:5030101:5070101|1|100 | T5: 0 | U5: 3 | V5: 1:6|2:1|3:0 | W5: 1:2:3:4:5 | X5: 1:12:20 | Y5: MapBingXue | Z5: 1 | AA5: -1 | AB5: =F5+AA5+Z5 -> 2 | AC5: =AB5+15 -> 17 | AD5: 250 | AE5: =AE4 -> 15 | AF5: =AF4 -> 15000 | AG5: 20000 | AH5: =出怪成长!C3 -> 7 | AI5: =出怪成长!D3 -> 2#20001#1|5#20002#1|7#30001,30002#1 | AJ5: =出怪数量!Z4 -> 1:2:1|1:4:1|2:8:1|2:12:1|1:17:1|2:22:1|1:27:1 | AK5: =出怪成长!E3 -> 1:10001,10002|2:10004,10005,10006|3:10004,10005,10006 | AL5: =出怪成长!F3 -> 2#1#0.4|5#2#0.8|7#3#1 | AM5: =每波成长!G6 -> 28#7#4 | AN5: 1:11:50#2:25:500 | AO5: 0 | AP5: 200#40001:1 | AQ5: 1 | AR5: 2 | AS5: 1:41001#1 | AT5: 1:90001#1 | AU5: -266:76 | AV5: 1+1+1+1+22+3|1+1+1+9+6|1+1+1+9+1+4|52 | AW5: 307:313:317 | AX5: 3 | AY5: 700:12:30|100:11:2|100:1:1|10:4:1 | AZ5: 北方之地，这里远离纷争 | BA5: 有一群叛军占领着一座遗弃的城堡，赶走他们，这里可以成为根据地 | BB5: 0 | BC5: 0.4 | BD5: 4 | BE5: 9001+0.6 | BF5: 1101+1.2 | BG5: 0 | BH5: 3 | BI5: MapBingXue2 | BJ5: MapBingXue | BL5: 2 | BM5: 1101 | BN5: 1001 | BO5: 1002 | BR5: |3:905:1
A6: 13 | B6: 0 | C6: 贪婪之祸3 | D6: img_shenyuan3 | E6: =A7 -> 14 | F6: 3 | G6: =F6+20 -> 23 | H6: 18 | I6: 18 | J6: 18 | K6: 180 | L6: 360 | M6: 540 | N6: 1:12:110#1:12:110#1:12:800|1:13:6#1:11:100|1:10000001:96|1:10000002:28 | O6: 1:12:165#1:12:600#1:12:1200|1:13:6#1:11:150|1:10000001:126|1:10000002:36|1:10000003:1 | P6: 1:12:275#1:12:800#1:12:1600|1:13:6#1:11:200|1:10000001:168|1:10000002:50|1:10000003:2 | Q6: 30|1010101:1020101:1040101:2010101:2030101:2080101:3010101:3020101:3080101:4010101:4020101:4030101:5010101:5020101:5060101|1|100#7|1050101:1080101:1090101:2020101:2070101:2090101:3040101:3060101:3090101:4050101:4070101:4090101:5040101:5050101:5090101|1|100 | R6: 42|1010101:1020101:1040101:2010101:2030101:2080101:3010101:3020101:3080101:4010101:4020101:4030101:5010101:5020101:5060101|1|100#10|1050101:1080101:1090101:2020101:2070101:2090101:3040101:3060101:3090101:4050101:4070101:4090101:5040101:5050101:5090101|1|100#1|1030101:1070101:2040101:2060101:3050101:3070101:4040101:4060101:5030101:5070101|1|100 | S6: 72|1010101:1020101:1040101:2010101:2030101:2080101:3010101:3020101:3080101:4010101:4020101:4030101:5010101:5020101:5060101|1|100#18|1050101:1080101:1090101:2020101:2070101:2090101:3040101:3060101:3090101:4050101:4070101:4090101:5040101:5050101:5090101|1|100#1|1030101:1070101:2040101:2060101:3050101:3070101:4040101:4060101:5030101:5070101|1|100 | T6: 0 | U6: 3 | V6: 1:6|2:1|3:0 | W6: 1:2:3:4:5 | X6: 1:12:22 | Y6: MapBingXue | Z6: 1 | AA6: 0 | AB6: =F6+AA6+Z6 -> 4 | AC6: =AB6+15 -> 19 | AD6: 250 | AE6: =AE5 -> 15 | AF6: =AF5 -> 15000 | AG6: 28000 | AH6: =出怪成长!C4 -> 8 | AI6: =出怪成长!D4 -> 3#20003#1|6#20004#1|8#30001,30002#1 | AJ6: =出怪数量!Z5 -> 1:2:1|1:4:1|2:8:1|2:12:1|1:17:1|2:22:1|1:27:1|2:32:1 | AK6: =出怪成长!E4 -> 1:10004,10005|2:10004,10005,10006|3:10004,10005,10006 | AL6: =出怪成长!F4 -> 3#1#0.4|6#2#0.8|8#3#1 | AM6: =每波成长!G7 -> 30#7#4 | AN6: 1:11:50#2:25:500 | AO6: 0 | AP6: 200#40001:2;40002:1|500#40002:3 | AQ6: 2 | AR6: 3 | AS6: 1:41002#1 | AT6: 1:90001#1 | AU6: -653:-143 | AV6: 1+1+1+1+15+3+9|1+1+1+1+9+3+7|1+1+1+1+4+9|53 | AW6: 307:313:317 | AX6: 3 | AY6: 700:12:30|100:11:2|100:1:1|10:4:1 | AZ6: 北方之地，这里远离纷争 | BA6: 占领城堡不久，我们发现了兽族部队也想占领这里。我们需要守住这里。 | BB6: 0 | BC6: 0.6 | BD6: 6 | BE6: 9001+0.8 | BF6: 3101+1.8 | BG6: 0 | BH6: 3 | BI6: MapBingXue3 | BJ6: MapBingXue | BL6: 3 | BM6: 3101 | BN6: 3001 | BO6: 0 | BR6: |3:132:1
A7: 14 | B7: 0 | C7: 贪婪之祸4 | D7: img_shenyuan4 | E7: =A8 -> 15 | F7: 4 | G7: =F7+20 -> 24 | H7: 18 | I7: 18 | J7: 18 | K7: 220 | L7: 440 | M7: 660 | N7: 1:12:110#1:12:110#1:12:1000|1:13:6#1:11:100|1:10000001:108|1:10000002:28|1:10000003:1 | O7: 1:12:165#1:12:750#1:12:1500|1:13:6#1:11:150|1:10000001:144|1:10000002:43|1:10000003:2 | P7: 1:12:275#1:12:1000#1:12:2000|1:13:6#1:11:200|1:10000001:192|1:10000002:57|1:10000003:3 | Q7: 30|1010101:1020101:1040101:2010101:2030101:2080101:3010101:3020101:3080101:4010101:4020101:4030101:5010101:5020101:5060101|1|100#7|1050101:1080101:1090101:2020101:2070101:2090101:3040101:3060101:3090101:4050101:4070101:4090101:5040101:5050101:5090101|1|100#1|1030101:1070101:2040101:2060101:3050101:3070101:4040101:4060101:5030101:5070101|1|100 | R7: 42|1010101:1020101:1040101:2010101:2030101:2080101:3010101:3020101:3080101:4010101:4020101:4030101:5010101:5020101:5060101|1|100#14|1050101:1080101:1090101:2020101:2070101:2090101:3040101:3060101:3090101:4050101:4070101:4090101:5040101:5050101:5090101|1|100#1|1030101:1070101:2040101:2060101:3050101:3070101:4040101:4060101:5030101:5070101|1|100 | S7: 72|1010101:1020101:1040101:2010101:2030101:2080101:3010101:3020101:3080101:4010101:4020101:4030101:5010101:5020101:5060101|1|100#18|1050101:1080101:1090101:2020101:2070101:2090101:3040101:3060101:3090101:4050101:4070101:4090101:5040101:5050101:5090101|1|100#2|1030101:1070101:2040101:2060101:3050101:3070101:4040101:4060101:5030101:5070101|1|100 | T7: 0 | U7: 3 | V7: 1:6|2:1|3:0 | W7: 1:2:3:4:5 | X7: 1:12:22 | Y7: MapBingXue | Z7: 1 | AA7: 1 | AB7: =F7+AA7+Z7 -> 6 | AC7: =AB7+15 -> 21 | AD7: 250 | AE7: =AE6 -> 15 | AF7: =AF6 -> 15000 | AG7: =AG6 -> 28000 | AH7: =出怪成长!C5 -> 9 | AI7: =出怪成长!D5 -> 3#30001#1|7#30002#1|9#30003,30004#1 | AJ7: =出怪数量!Z6 -> 1:2:1|1:4:1|2:8:1|2:12:1|1:17:1|2:22:1|1:27:1|2:32:1|1:37:1 | AK7: =出怪成长!E5 -> 1:10004,10005|2:10004,10005,10006|3:10006,10007,10010 | AL7: =出怪成长!F5 -> 4#1#0.5|7#2#1|9#3#1.3 | AM7: =每波成长!G8 -> 31#8#5 | AN7: 1:11:50#2:25:500#3:26:500|1:11:50#2:25:500#4:50011 | AO7: 0 | AP7: 200#40001:2;40002:1|500#40002:3 | AQ7: 2 | AR7: 4 | AS7: 1:42001#1|2:42002#1 | AT7: 1:90003#1|2:90002#1 | AU7: -307:-291 | AV7: 1+1+1+1+9+3|1+1+1+15+6|1+1+1+9+1+4|51 | AW7: 305:319:330 | AX7: 3 | AY7: 700:12:30|100:11:2|100:1:1|10:4:1 | AZ7: 北方之地，这里远离纷争 | BA7: 经过调查我们发现了城堡被遗弃的原因，月圆之夜会有大批亡灵入侵，于是我们计划讨伐。 | BB7: 0 | BC7: 0.8 | BD7: 8 | BE7: 0 | BF7: 6101+2.4 | BG7: 0 | BH7: 3 | BI7: MapBingXue6 | BJ7: MapBingXue | BL7: 4 | BM7: 6101 | BN7: 6001 | BO7: 0 | BR7: |3:134:1
A8: 15 | B8: 0 | C8: 贪婪之祸5 | D8: img_shenyuan1 | E8: =A9 -> 16 | F8: 5 | G8: =F8+20 -> 25 | H8: 19 | I8: 19 | J8: 19 | K8: 250 | L8: 500 | M8: 750 | N8: 1:12:120#1:12:120#1:12:1200|1:13:6#1:11:100|1:10000001:120|1:10000002:32|1:10000003:1 | O8: 1:12:180#1:12:900#1:12:1800|1:13:6#1:11:150|1:10000001:162|1:10000002:46|1:10000003:2 | P8: 1:12:300#1:12:1200#1:12:2400|1:13:6#1:11:200|1:10000001:216|1:10000002:64|1:10000003:3 | Q8: 36|1010101:1020101:1040101:2010101:2030101:2080101:3010101:3020101:3080101:4010101:4020101:4030101:5010101:5020101:5060101|1|100#7|1050101:1080101:1090101:2020101:2070101:2090101:3040101:3060101:3090101:4050101:4070101:4090101:5040101:5050101:5090101|1|100#1|1030101:1070101:2040101:2060101:3050101:3070101:4040101:4060101:5030101:5070101|1|100 | R8: 54|1010101:1020101:1040101:2010101:2030101:2080101:3010101:3020101:3080101:4010101:4020101:4030101:5010101:5020101:5060101|1|100#14|1050101:1080101:1090101:2020101:2070101:2090101:3040101:3060101:3090101:4050101:4070101:4090101:5040101:5050101:5090101|1|100#1|1030101:1070101:2040101:2060101:3050101:3070101:4040101:4060101:5030101:5070101|1|100 | S8: 90|1010101:1020101:1040101:2010101:2030101:2080101:3010101:3020101:3080101:4010101:4020101:4030101:5010101:5020101:5060101|1|100#18|1050101:1080101:1090101:2020101:2070101:2090101:3040101:3060101:3090101:4050101:4070101:4090101:5040101:5050101:5090101|1|100#2|1030101:1070101:2040101:2060101:3050101:3070101:4040101:4060101:5030101:5070101|1|100 | T8: 0 | U8: 3 | V8: 1:7|2:1|3:0 | W8: 1:2:3:4:5 | X8: 1:12:24 | Y8: MapBingXue | Z8: 1 | AA8: -1 | AB8: =F8+AA8+Z8 -> 5 | AC8: =AB8+15 -> 20 | AD8: 250 | AE8: =AE7 -> 15 | AF8: =AF7 -> 15000 | AG8: =AG7 -> 28000 | AH8: =出怪成长!C6 -> 8 | AI8: =出怪成长!D6 -> 3#30001#1|6#30002#1|8#30003,30004#1 | AJ8: =出怪数量!Z7 -> 1:3:1|1:5:1|2:9:1|2:13:1|1:18:1|2:23:1|1:28:1|2:33:1 | AK8: =出怪成长!E6 -> 1:10004,10005|2:10006,10007,10010|3:10006,10008,10010 | AL8: =出怪成长!F6 -> 3#1#0.5|6#2#1|8#3#1.3 | AM8: =每波成长!G9 -> 28#7#4 | AN8: 1:11:50#2:25:500|1:11:100#2:25:500#3:26:500 | AO8: 0 | AP8: 200#40001:2;40002:1|500#40002:3 | AQ8: 2 | AR8: 5 | AS8: 1:42003#1|2:41004#1 | AT8: 1:90001#1|2:90003#1 | AU8: -83:-50 | AV8: 1+1+1+1+9+3|1+1+1+5+6|1+1+1+1+9+4|54 | AW8: 305:319:330 | AX8: 3 | AY8: 700:12:30|100:11:2|100:1:1|10:4:1 | AZ8: 北方之地，这里远离纷争 | BA8: 讨伐中，我们得知也有其它部队在抵抗亡灵并面临险境。于是我们准备拯救他们。 | BB8: 0 | BC8: 1 | BD8: 10 | BE8: 1001+1.2 | BF8: 6102+2.4 | BG8: 0 | BH8: 3 | BI8: MapBingXue5 | BJ8: MapBingXue | BL8: 5 | BM8: 6102 | BN8: 6002 | BO8: 0 | BR8: |3:135:1
A9: 16 | B9: 0 | C9: 贪婪之祸6 | D9: img_shenyuan2 | E9: =A10 -> 17 | F9: 6 | G9: =F9+20 -> 26 | H9: 19 | I9: 19 | J9: 19 | K9: 290 | L9: 580 | M9: 870 | N9: 1:12:120#1:12:120#1:12:1400|1:13:6#1:11:100|1:10000001:120|1:10000002:36|1:10000003:2 | O9: 1:12:180#1:12:1050#1:12:2100|1:13:6#1:11:150|1:10000001:180|1:10000002:54|1:10000003:3 | P9: 1:12:300#1:12:1400#1:12:2800|1:13:6#1:11:200|1:10000001:240|1:10000002:72|1:10000003:4 | Q9: 36|1010101:1020101:1040101:2010101:2030101:2080101:3010101:3020101:3080101:4010101:4020101:4030101:5010101:5020101:5060101|1|100#7|1050101:1080101:1090101:2020101:2070101:2090101:3040101:3060101:3090101:4050101:4070101:4090101:5040101:5050101:5090101|1|100#1|1030101:1070101:2040101:2060101:3050101:3070101:4040101:4060101:5030101:5070101|1|100 | R9: 54|1010101:1020101:1040101:2010101:2030101:2080101:3010101:3020101:3080101:4010101:4020101:4030101:5010101:5020101:5060101|1|100#14|1050101:1080101:1090101:2020101:2070101:2090101:3040101:3060101:3090101:4050101:4070101:4090101:5040101:5050101:5090101|1|100#1|1030101:1070101:2040101:2060101:3050101:3070101:4040101:4060101:5030101:5070101|1|100 | S9: 90|1010101:1020101:1040101:2010101:2030101:2080101:3010101:3020101:3080101:4010101:4020101:4030101:5010101:5020101:5060101|1|100#18|1050101:1080101:1090101:2020101:2070101:2090101:3040101:3060101:3090101:4050101:4070101:4090101:5040101:5050101:5090101|1|100#2|1030101:1070101:2040101:2060101:3050101:3070101:4040101:4060101:5030101:5070101|1|100 | T9: 0 | U9: 3 | V9: 1:7|2:1|3:0 | W9: 1:2:3:4:5 | X9: 1:12:24 | Y9: MapBingXue | Z9: 1 | AA9: 0 | AB9: =F9+AA9+Z9 -> 7 | AC9: =AB9+15 -> 22 | AD9: 250 | AE9: =AE8 -> 15 | AF9: =AF8 -> 15000 | AG9: =AG8 -> 28000 | AH9: =出怪成长!C7 -> 9 | AI9: =出怪成长!D7 -> 3#30001#1|7#30002#1|9#30001,30004#1 | AJ9: =出怪数量!Z8 -> 1:3:1|1:5:1|2:9:1|2:13:1|1:18:1|2:23:1|1:28:1|2:33:1|1:38:1 | AK9: =出怪成长!E7 -> 1:10006,10007|2:10006,10008,10010|3:10006,10007,10010 | AL9: =出怪成长!F7 -> 4#1#0.8|7#2#1.2|9#3#1.4 | AM9: =每波成长!G10 -> 30#7#4 | AN9: 1:11:50#2:25:500#3:26:500|1:11:50#2:25:500#4:50011 | AO9: 0 | AP9: 200#40001:2;40002:1|500#40002:3 | AQ9: 2 | AR9: 6 | AS9: 1:40021#1|2:40022#1 | AT9: 1:90003#1|2:90002#1 | AU9: 70:180 | AV9: 1+1+1+1+5+3|1+1+1+1+9+3|1+1+1+1+9+4+7|51 | AW9: 301:302:306:307:311:312:313:317:321:323:328 | AX9: 3 | AY9: 700:12:30|100:11:2|100:1:1|10:4:1 | AZ9: 北方之地，这里远离纷争 | BA9: 为了解决亡灵之乱，我们计划卧薪尝胆，去增强自己的实力。 | BB9: 0 | BC9: 1.2 | BD9: 12 | BE9: 0 | BF9: 1102+2.8 | BG9: 0 | BH9: 3 | BI9: MapBingXue4 | BJ9: MapBingXue | BL9: 6 | BM9: 1102 | BN9: 1002 | BO9: 0 | BR9: |3:146:1
A10: 17 | B10: 0 | C10: 贪婪之祸7 | D10: img_shenyuan3 | E10: =A11 -> 18 | F10: 7 | G10: =F10+20 -> 27 | H10: 19 | I10: 19 | J10: 19 | K10: 340 | L10: 680 | M10: 1020 | N10: 1:12:130#1:12:130#1:12:1600|1:13:6#1:11:100|1:10000001:132|1:10000002:39|1:10000003:2 | O10: 1:12:195#1:12:1200#1:12:2400|1:13:6#1:11:150|1:10000001:198|1:10000002:57|1:10000003:3 | P10: 1:12:325#1:12:1600#1:12:3200|1:13:6#1:11:200|1:10000001:264|1:10000002:79|1:10000003:4 | Q10: 36|1010101:1020101:1040101:2010101:2030101:2080101:3010101:3020101:3080101:4010101:4020101:4030101:5010101:5020101:5060101|1|100#10|1050101:1080101:1090101:2020101:2070101:2090101:3040101:3060101:3090101:4050101:4070101:4090101:5040101:5050101:5090101|1|100#1|1030101:1070101:2040101:2060101:3050101:3070101:4040101:4060101:5030101:5070101|1|100 | R10: 54|1010101:1020101:1040101:2010101:2030101:2080101:3010101:3020101:3080101:4010101:4020101:4030101:5010101:5020101:5060101|1|100#14|1050101:1080101:1090101:2020101:2070101:2090101:3040101:3060101:3090101:4050101:4070101:4090101:5040101:5050101:5090101|1|100#1|1030101:1070101:2040101:2060101:3050101:3070101:4040101:4060101:5030101:5070101|1|100 | S10: 90|1010101:1020101:1040101:2010101:2030101:2080101:3010101:3020101:3080101:4010101:4020101:4030101:5010101:5020101:5060101|1|100#25|1050101:1080101:1090101:2020101:2070101:2090101:3040101:3060101:3090101:4050101:4070101:4090101:5040101:5050101:5090101|1|100#2|1030101:1070101:2040101:2060101:3050101:3070101:4040101:4060101:5030101:5070101|1|100 | T10: 0 | U10: 3 | V10: 1:7|2:2|3:0 | W10: 1:2:3:4:5 | X10: 1:12:26 | Y10: MapBingXue | Z10: 1 | AA10: 1 | AB10: =F10+AA10+Z10 -> 9 | AC10: =AB10+15 -> 24 | AD10: 250 | AE10: =AE9 -> 15 | AF10: =AF9 -> 15000 | AG10: =AG9 -> 28000 | AH10: =出怪成长!C8 -> 9 | AI10: =出怪成长!D8 -> 3#30001#1|7#30002#1|9#30001,30004#1 | AJ10: =出怪数量!Z9 -> 1:3:1|1:5:1|2:9:1|2:13:1|1:18:1|2:23:1|1:28:1|2:33:1|1:38:1 | AK10: =出怪成长!E8 -> 1:10006,10008|2:10006,10007,10010|3:10006,10010,10009 | AL10: =出怪成长!F8 -> 4#1#0.8|7#2#1.2|9#3#1.4 | AM10: =每波成长!G11 -> 31#8#5 | AN10: 1:11:50#2:25:500|1:11:100#2:25:500#3:26:500 | AO10: 0 | AP10: 200#40001:2;40002:1|500#40002:3 | AQ10: 2 | AR10: 7 | AS10: 1:40021#1|2:40022#1 | AT10: 1:90001#1|2:90003#1 | AU10: 375:-24 | AV10: 1+1+1+1+9+3|1+1+1+5+6|1+1+1+1+9+4|54 | AW10: 305:319:330 | AX10: 3 | AY10: 700:12:30|100:11:2|100:1:1|10:4:1 | AZ10: 北方之地，这里远离纷争 | BA10: 讨伐中，我们得知也有其它部队在抵抗亡灵并面临险境。于是我们准备拯救他们。 | BB10: 0 | BC10: 1 | BD10: 14 | BE10: 0 | BF10: 1102+2.8 | BG10: 0 | BH10: 3 | BI10: MapBingXue7 | BJ10: MapBingXue
A11: 18 | B11: 0 | C11: 贪婪之祸8 | D11: img_shenyuan4 | E11: =A12 -> 19 | F11: 8 | G11: =F11+20 -> 28 | H11: 19 | I11: 19 | J11: 19 | K11: 400 | L11: 800 | M11: 1200 | N11: 1:12:130#1:12:130#1:12:1800|1:13:6#1:11:100|1:10000001:144|1:10000002:43|1:10000003:3 | O11: 1:12:195#1:12:1350#1:12:2700|1:13:6#1:11:150|1:10000001:216|1:10000002:64|1:10000003:3 | P11: 1:12:325#1:12:1800#1:12:3600|1:13:6#1:11:200|1:10000001:288|1:10000002:86|1:10000003:4 | Q11: 36|1010101:1020101:1040101:2010101:2030101:2080101:3010101:3020101:3080101:4010101:4020101:4030101:5010101:5020101:5060101|1|100#10|1050101:1080101:1090101:2020101:2070101:2090101:3040101:3060101:3090101:4050101:4070101:4090101:5040101:5050101:5090101|1|100#1|1030101:1070101:2040101:2060101:3050101:3070101:4040101:4060101:5030101:5070101|1|100 | R11: 54|1010101:1020101:1040101:2010101:2030101:2080101:3010101:3020101:3080101:4010101:4020101:4030101:5010101:5020101:5060101|1|100#14|1050101:1080101:1090101:2020101:2070101:2090101:3040101:3060101:3090101:4050101:4070101:4090101:5040101:5050101:5090101|1|100#1|1030101:1070101:2040101:2060101:3050101:3070101:4040101:4060101:5030101:5070101|1|100 | S11: 90|1010101:1020101:1040101:2010101:2030101:2080101:3010101:3020101:3080101:4010101:4020101:4030101:5010101:5020101:5060101|1|100#25|1050101:1080101:1090101:2020101:2070101:2090101:3040101:3060101:3090101:4050101:4070101:4090101:5040101:5050101:5090101|1|100#2|1030101:1070101:2040101:2060101:3050101:3070101:4040101:4060101:5030101:5070101|1|100 | T11: 0 | U11: 3 | V11: 1:7|2:2|3:0 | W11: 1:2:3:4:5 | X11: 1:12:26 | Y11: MapBingXue | Z11: 1 | AA11: 2 | AB11: =F11+AA11+Z11 -> 11 | AC11: =AB11+15 -> 26 | AD11: 250 | AE11: =AE10 -> 15 | AF11: =AF10 -> 15000 | AG11: =AG10 -> 28000 | AH11: =出怪成长!C9 -> 10 | AI11: =出怪成长!D9 -> 4#30001#1|8#30002#1|10#30001,30004#1 | AJ11: 1:3:1|1:5:1|2:9:1|2:13:1|3:18:1|3:23:1|4:28:1|4:33:1|1:14:1#2:14:1#3:14:1#4:14:1|1:18:1#2:18:1#3:18:1#4:18:1 | AK11: =出怪成长!E9 -> 1:10006,10007|2:10006,10010,10009|3:10020,10021,10023 | AL11: =出怪成长!F9 -> 5#1#0.9|8#2#1.4|10#3#1.7 | AM11: =每波成长!G12 -> 33#9#6 | AN11: 1:11:50#2:25:500#3:26:500|1:11:50#2:25:500#4:50011 | AO11: 0 | AP11: 200#40001:2;40002:1|500#40002:3 | AQ11: 2 | AR11: 8 | AS11: 1:40021#1|2:40022#1 | AT11: 1:90003#1|2:90002#1 | AU11: 406:-323 | AV11: 1+1+1+1+5+3|1+1+1+1+9+3|1+1+1+1+9+4+7|51 | AW11: 301:302:306:307:311:312:313:317:321:323:328 | AX11: 3 | AY11: 700:12:30|100:11:2|100:1:1|10:4:1 | AZ11: 北方之地，这里远离纷争 | BA11: 为了解决亡灵之乱，我们计划卧薪尝胆，去增强自己的实力。 | BB11: 0 | BC11: 1.2 | BD11: 16 | BE11: 0 | BF11: 1102+2.8 | BG11: 0 | BH11: 3 | BI11: MapBingXue8 | BJ11: MapBingXue
A12: 19 | B12: 0 | C12: 贪婪之祸9 | D12: img_shenyuan1 | E12: =A13 -> 20 | F12: 9 | G12: =F12+20 -> 29 | H12: 20 | I12: 20 | J12: 20 | K12: 460 | L12: 920 | M12: 1380 | N12: 1:12:140#1:12:140#1:12:2000|1:13:6#1:11:100|1:10000001:156|1:10000002:46|1:10000003:3 | O12: 1:12:210#1:12:1500#1:12:3000|1:13:6#1:11:150|1:10000001:234|1:10000002:68|1:10000003:6 | P12: 1:12:350#1:12:2000#1:12:4000|1:13:6#1:11:200|1:10000001:312|1:10000002:93|1:10000003:7 | Q12: 42|1010101:1020101:1040101:2010101:2030101:2080101:3010101:3020101:3080101:4010101:4020101:4030101:5010101:5020101:5060101|1|100#10|1050101:1080101:1090101:2020101:2070101:2090101:3040101:3060101:3090101:4050101:4070101:4090101:5040101:5050101:5090101|1|100#1|1030101:1070101:2040101:2060101:3050101:3070101:4040101:4060101:5030101:5070101|1|100 | R12: 60|1010101:1020101:1040101:2010101:2030101:2080101:3010101:3020101:3080101:4010101:4020101:4030101:5010101:5020101:5060101|1|100#14|1050101:1080101:1090101:2020101:2070101:2090101:3040101:3060101:3090101:4050101:4070101:4090101:5040101:5050101:5090101|1|100#1|1030101:1070101:2040101:2060101:3050101:3070101:4040101:4060101:5030101:5070101|1|100 | S12: 102|1010101:1020101:1040101:2010101:2030101:2080101:3010101:3020101:3080101:4010101:4020101:4030101:5010101:5020101:5060101|1|100#25|1050101:1080101:1090101:2020101:2070101:2090101:3040101:3060101:3090101:4050101:4070101:4090101:5040101:5050101:5090101|1|100#2|1030101:1070101:2040101:2060101:3050101:3070101:4040101:4060101:5030101:5070101|1|100 | T12: 0 | U12: 3 | V12: 1:8|2:2|3:0 | W12: 1:2:3:4:5 | X12: 1:12:28 | Y12: MapBingXue | Z12: 2 | AA12: =AA4+2 -> 2 | AB12: =F12+AA12+Z12 -> 13 | AC12: =AB12+15 -> 28 | AD12: 250 | AE12: =AE4+1 -> 16 | AF12: =AF11 -> 15000 | AG12: =AG11 -> 28000 | AH12: =出怪成长!C10 -> 8 | AI12: =出怪成长!D10 -> 3#30001#1|6#30002#1|8#30001,30004#1 | AJ12: =出怪数量!Z11 -> 1:2:1|1:4:1|2:8:1|2:13:1|1:19:1|2:25:1|1:31:1|2:37:1 | AK12: =出怪成长!E10 -> 1:10006,10010|2:10020,10021,10023|3:10020,10021,10023 | AL12: =出怪成长!F10 -> 3#1#0.9|6#2#1.4|8#3#1.7 | AM12: =每波成长!G13 -> 33#9#6 | AN12: 1:11:50#2:25:500|1:11:100#2:25:500#3:26:500 | AO12: 0 | AP12: 200#40001:2;40002:1|500#40002:3 | AQ12: 2 | AR12: 9 | AS12: 1:40021#1|2:40022#1 | AT12: 1:90001#1|2:90003#1 | AU12: -793:-246 | AV12: 1+1+1+1+15+3|1+1+1+1+9+3|1+1+1+1+4+9|51 | AW12: 0 | AX12: 3 | AY12: 700:12:30|100:11:2|90:1:1|10:4:1 | AZ12: 与北方之地接壤，兽人的领地 | BA12: 我们需要快速突破兽人部队。避免他们集结在一起。 | BB12: 0 | BC12: 2 | BD12: 20 | BE12: 0 | BF12: 3102+4.8 | BG12: 0 | BH12: 3 | BI12: MapBingXue9 | BJ12: MapCandy | BL12: 7 | BM12: 3102 | BN12: 3002 | BO12: 0
A13: 20 | B13: 0 | C13: 贪婪之祸10 | D13: img_shenyuan2 | E13: =A14 -> 21 | F13: 10 | G13: =F13+20 -> 30 | H13: 20 | I13: 20 | J13: 20 | K13: 520 | L13: 1040 | M13: 1560 | N13: 1:12:140#1:12:140#1:12:2200|1:13:6#1:11:100|1:10000001:168|1:10000002:50|1:10000003:4 | O13: 1:12:210#1:12:1650#1:12:3300|1:13:6#1:11:150|1:10000001:252|1:10000002:75|1:10000003:6 | P13: 1:12:350#1:12:2200#1:12:4400|1:13:6#1:11:200|1:10000001:336|1:10000002:100|1:10000003:7 | Q13: 42|1010101:1020101:1040101:2010101:2030101:2080101:3010101:3020101:3080101:4010101:4020101:4030101:5010101:5020101:5060101|1|100#10|1050101:1080101:1090101:2020101:2070101:2090101:3040101:3060101:3090101:4050101:4070101:4090101:5040101:5050101:5090101|1|100#1|1030101:1070101:2040101:2060101:3050101:3070101:4040101:4060101:5030101:5070101|1|100 | R13: 60|1010101:1020101:1040101:2010101:2030101:2080101:3010101:3020101:3080101:4010101:4020101:4030101:5010101:5020101:5060101|1|100#14|1050101:1080101:1090101:2020101:2070101:2090101:3040101:3060101:3090101:4050101:4070101:4090101:5040101:5050101:5090101|1|100#1|1030101:1070101:2040101:2060101:3050101:3070101:4040101:4060101:5030101:5070101|1|100 | S13: 102|1010101:1020101:1040101:2010101:2030101:2080101:3010101:3020101:3080101:4010101:4020101:4030101:5010101:5020101:5060101|1|100#25|1050101:1080101:1090101:2020101:2070101:2090101:3040101:3060101:3090101:4050101:4070101:4090101:5040101:5050101:5090101|1|100#2|1030101:1070101:2040101:2060101:3050101:3070101:4040101:4060101:5030101:5070101|1|100 | T13: 0 | U13: 3 | V13: 1:8|2:2|3:0 | W13: 1:2:3:4:5 | X13: 1:12:28 | Y13: MapBingXue | Z13: 2 | AA13: =AA5+2 -> 1 | AB13: =F13+AA13+Z13 -> 13 | AC13: =AB13+15 -> 28 | AD13: 250 | AE13: =AE5+1 -> 16 | AF13: =AF12 -> 15000 | AG13: =AG12 -> 28000 | AH13: =出怪成长!C11 -> 8 | AI13: =出怪成长!D11 -> 3#30001#1|6#30002#1|8#30001,30004#1 | AJ13: =出怪数量!Z12 -> 1:2:1|1:4:1|2:8:1|2:13:1|3:19:1|3:25:1|1:31:1|2:37:1 | AK13: =出怪成长!E11 -> 1:10020,10021|2:10020,10021,10023|3:10020,10021,10023 | AL13: =出怪成长!F11 -> 3#1#0.9|6#2#1.4|8#3#1.7 | AM13: =每波成长!G14 -> 31#8#5 | AN13: 1:11:50#2:25:500#3:26:500|1:11:50#2:25:500#4:50011 | AO13: 0 | AP13: 200#40001:2;40002:1|500#40002:3 | AQ13: 2 | AR13: 10 | AS13: 1:40021#1|2:40022#1 | AT13: 1:90003#1|2:90002#1 | AU13: -534:-321 | AV13: 1+1+1+1+3+9|1+1+1+1+3+15|1+1+1+1+9+4|52 | AW13: 0 | AX13: 3 | AY13: 700:12:30|100:11:2|90:1:1|10:4:1 | AZ13: 与北方之地接壤，兽人的领地 | BA13: 兽人先知的地盘，他们精通电系魔法。 | BB13: 0 | BC13: 2.2 | BD13: 22 | BE13: 9002+2.5 | BF13: 3103+4.4 | BG13: 0 | BH13: 3 | BI13: MapBingXue10 | BJ13: =BJ12 -> MapCandy | BL13: 8 | BM13: 3103 | BN13: 3002 | BO13: 3003 | BR13: |3:148:1
A14: 21 | B14: 0 | C14: 贪婪之祸11 | D14: img_shenyuan3 | E14: =A15 -> 22 | F14: 11 | G14: =F14+20 -> 31 | H14: 20 | I14: 20 | J14: 20 | K14: 580 | L14: 1160 | M14: 1740 | N14: 1:12:150#1:12:150#1:12:2400|1:13:6#1:11:100|1:10000001:180|1:10000002:54|1:10000003:4 | O14: 1:12:225#1:12:1800#1:12:3600|1:13:6#1:11:150|1:10000001:270|1:10000002:79|1:10000003:6 | P14: 1:12:375#1:12:2400#1:12:4800|1:13:6#1:11:200|1:10000001:360|1:10000002:108|1:10000003:7 | Q14: 42|1010101:1020101:1040101:2010101:2030101:2080101:3010101:3020101:3080101:4010101:4020101:4030101:5010101:5020101:5060101|1|100#10|1050101:1080101:1090101:2020101:2070101:2090101:3040101:3060101:3090101:4050101:4070101:4090101:5040101:5050101:5090101|1|100#1|1030101:1070101:2040101:2060101:3050101:3070101:4040101:4060101:5030101:5070101|1|100 | R14: 60|1010101:1020101:1040101:2010101:2030101:2080101:3010101:3020101:3080101:4010101:4020101:4030101:5010101:5020101:5060101|1|100#14|1050101:1080101:1090101:2020101:2070101:2090101:3040101:3060101:3090101:4050101:4070101:4090101:5040101:5050101:5090101|1|100#1|1030101:1070101:2040101:2060101:3050101:3070101:4040101:4060101:5030101:5070101|1|100 | S14: 102|1010101:1020101:1040101:2010101:2030101:2080101:3010101:3020101:3080101:4010101:4020101:4030101:5010101:5020101:5060101|1|100#25|1050101:1080101:1090101:2020101:2070101:2090101:3040101:3060101:3090101:4050101:4070101:4090101:5040101:5050101:5090101|1|100#2|1030101:1070101:2040101:2060101:3050101:3070101:4040101:4060101:5030101:5070101|1|100 | T14: 0 | U14: 3 | V14: 1:8|2:2|3:0 | W14: 1:2:3:4:5 | X14: 1:12:30 | Y14: MapBingXue | Z14: 2 | AA14: =AA6+2 -> 2 | AB14: =F14+AA14+Z14 -> 15 | AC14: =AB14+15 -> 30 | AD14: 250 | AE14: =AE6+1 -> 16 | AF14: =AF13 -> 15000 | AG14: =AG13 -> 28000 | AH14: =出怪成长!C12 -> 9 | AI14: =出怪成长!D12 -> 3#30001#1|7#30002#1|9#30001,30004#1 | AJ14: =出怪数量!Z13 -> 1:2:1|1:4:1|2:8:1|2:13:1|3:19:1|3:25:1|1:31:1|2:37:1|3:43:1 | AK14: =出怪成长!E12 -> 1:10020,10021|2:10020,10021,10023|3:10020,10021,10023 | AL14: =出怪成长!F12 -> 4#1#0.9|7#2#1.4|9#3#1.7 | AM14: =每波成长!G15 -> 33#9#6 | AN14: 1:11:50#2:25:500|1:11:100#2:25:500#3:26:500 | AO14: 0 | AP14: 200#40001:2;40002:1|500#40002:3 | AQ14: 2 | AR14: 11 | AS14: 1:40021#1|2:40022#1 | AT14: 1:90001#1|2:90003#1 | AU14: -286:-246 | AV14: 1+1+1+1+22+3+9|1+1+1+1+4+19+9|1+1+1+1+8+4+9|55 | AW14: 0 | AX14: 3 | AY14: 700:12:30|100:11:2|90:1:1|10:4:1 | AZ14: 与北方之地接壤，兽人的领地 | BA14: 战斗中，我们营救了一个贵族，需要帮助他到达安全地点。 | BB14: 0 | BC14: 2.4 | BD14: 24 | BE14: 9002+3 | BF14: 3104+3.6 | BG14: 0 | BH14: 3 | BI14: MapBingXue11 | BJ14: =BJ13 -> MapCandy | BL14: 9 | BM14: 3104 | BN14: 3002 | BO14: 0
A15: 22 | B15: 0 | C15: 贪婪之祸12 | D15: img_shenyuan4 | E15: =A16 -> 23 | F15: 12 | G15: =F15+20 -> 32 | H15: 20 | I15: 20 | J15: 20 | K15: 640 | L15: 1280 | M15: 1920 | N15: 1:12:150#1:12:150#1:12:2600|1:13:6#1:11:100|1:10000001:192|1:10000002:57|1:10000003:6 | O15: 1:12:225#1:12:1950#1:12:3900|1:13:6#1:11:150|1:10000001:288|1:10000002:86|1:10000003:7 | P15: 1:12:375#1:12:2600#1:12:5200|1:13:6#1:11:200|1:10000001:384|1:10000002:115|1:10000003:8 | Q15: 42|1010101:1020101:1040101:2010101:2030101:2080101:3010101:3020101:3080101:4010101:4020101:4030101:5010101:5020101:5060101|1|100#10|1050101:1080101:1090101:2020101:2070101:2090101:3040101:3060101:3090101:4050101:4070101:4090101:5040101:5050101:5090101|1|100#1|1030101:1070101:2040101:2060101:3050101:3070101:4040101:4060101:5030101:5070101|1|100 | R15: 60|1010101:1020101:1040101:2010101:2030101:2080101:3010101:3020101:3080101:4010101:4020101:4030101:5010101:5020101:5060101|1|100#14|1050101:1080101:1090101:2020101:2070101:2090101:3040101:3060101:3090101:4050101:4070101:4090101:5040101:5050101:5090101|1|100#1|1030101:1070101:2040101:2060101:3050101:3070101:4040101:4060101:5030101:5070101|1|100 | S15: 102|1010101:1020101:1040101:2010101:2030101:2080101:3010101:3020101:3080101:4010101:4020101:4030101:5010101:5020101:5060101|1|100#25|1050101:1080101:1090101:2020101:2070101:2090101:3040101:3060101:3090101:4050101:4070101:4090101:5040101:5050101:5090101|1|100#2|1030101:1070101:2040101:2060101:3050101:3070101:4040101:4060101:5030101:5070101|1|100 | T15: 0 | U15: 3 | V15: 1:8|2:2|3:0 | W15: 1:2:3:4:5 | X15: 1:12:30 | Y15: MapBingXue | Z15: 2 | AA15: =AA7+2 -> 3 | AB15: =F15+AA15+Z15 -> 17 | AC15: =AB15+15 -> 32 | AD15: 250 | AE15: =AE7+1 -> 16 | AF15: =AF14 -> 15000 | AG15: =AG14 -> 28000 | AH15: =出怪成长!C13 -> 10 | AI15: =出怪成长!D13 -> 4#30001#1|8#30002#1|10#30001,30004#1 | AJ15: =出怪数量!Z14 -> 1:2:1|1:4:1|2:8:1|2:13:1|3:19:1|3:25:1|1:31:1|2:37:1|3:43:1|3:49:1 | AK15: =出怪成长!E13 -> 1:10020,10021|2:10020,10021,10023|3:10025,10026,10028 | AL15: =出怪成长!F13 -> 5#1#1|8#2#1.6|10#3#2 | AM15: =每波成长!G16 -> 34#9#6 | AN15: 1:11:50#2:25:500#3:26:500|1:11:50#2:25:500#4:50011 | AO15: 0 | AP15: 200#40001:2;40002:1|500#40002:3 | AQ15: 2 | AR15: 12 | AS15: 1:40021#1|2:40022#1 | AT15: 1:90003#1|2:90002#1 | AU15: -147:-60 | AV15: 1+1+1+1+3+9|1+1+1+1+22+3+7|1+1+1+1+4+9|53 | AW15: 0 | AX15: 3 | AY15: 700:12:30|100:11:2|90:1:1|10:4:1 | AZ15: 与北方之地接壤，兽人的领地 | BA15: 帮助贵族后，他告诉我们前方的首领是一个兽族美女，值屈服于强大的人。 | BB15: 0 | BC15: 2.6 | BD15: 26 | BE15: 9002+3.5 | BF15: 3105+3.1 | BG15: 0 | BH15: 3 | BI15: MapBingXue12 | BJ15: =BJ14 -> MapCandy | BL15: 10 | BM15: 3105 | BN15: 3003 | BO15: 0 | BR15: |3:149:1
A16: 23 | B16: 0 | C16: 贪婪之祸13 | D16: img_shenyuan1 | E16: =A17 -> 24 | F16: 13 | G16: =F16+20 -> 33 | H16: 24 | I16: 24 | J16: 24 | K16: 700 | L16: 1400 | M16: 2100 | N16: 1:12:160#1:12:160#1:12:2800|1:13:6#1:11:100|1:10000001:204|1:10000002:61|1:10000003:6 | O16: 1:12:240#1:12:2100#1:12:4200|1:13:6#1:11:150|1:10000001:306|1:10000002:90|1:10000003:7 | P16: 1:12:400#1:12:2800#1:12:5600|1:13:6#1:11:200|1:10000001:408|1:10000002:122|1:10000003:8 | Q16: 48|1010101:1020101:1040101:2010101:2030101:2080101:3010101:3020101:3080101:4010101:4020101:4030101:5010101:5020101:5060101|1|100#14|1050101:1080101:1090101:2020101:2070101:2090101:3040101:3060101:3090101:4050101:4070101:4090101:5040101:5050101:5090101|1|100#1|1030101:1070101:2040101:2060101:3050101:3070101:4040101:4060101:5030101:5070101|1|100 | R16: 72|1010101:1020101:1040101:2010101:2030101:2080101:3010101:3020101:3080101:4010101:4020101:4030101:5010101:5020101:5060101|1|100#21|1050101:1080101:1090101:2020101:2070101:2090101:3040101:3060101:3090101:4050101:4070101:4090101:5040101:5050101:5090101|1|100#1|1030101:1070101:2040101:2060101:3050101:3070101:4040101:4060101:5030101:5070101|1|100 | S16: 120|1010101:1020101:1040101:2010101:2030101:2080101:3010101:3020101:3080101:4010101:4020101:4030101:5010101:5020101:5060101|1|100#36|1050101:1080101:1090101:2020101:2070101:2090101:3040101:3060101:3090101:4050101:4070101:4090101:5040101:5050101:5090101|1|100#2|1030101:1070101:2040101:2060101:3050101:3070101:4040101:4060101:5030101:5070101|1|100 | T16: 0 | U16: 3 | V16: 1:9|2:2|3:0 | W16: 1:2:3:4:5 | X16: 1:12:32 | Y16: MapBingXue | Z16: 2 | AA16: =AA8+2 -> 1 | AB16: =F16+AA16+Z16 -> 16 | AC16: =AB16+15 -> 31 | AD16: 250 | AE16: =AE8+1 -> 16 | AF16: =AF15 -> 15000 | AG16: =AG15 -> 28000 | AH16: =出怪成长!C14 -> 9 | AI16: =出怪成长!D14 -> 3#30001#1|7#30002#1|9#30001,30004#1 | AJ16: =出怪数量!Z15 -> 1:3:1|1:5:1|2:9:1|2:14:1|3:20:1|3:26:1|1:32:1|2:38:1|3:44:1 | AK16: =出怪成长!E14 -> 1:10020,10021|2:10025,10026,10028|3:10025,10026,10028 | AL16: =出怪成长!F14 -> 4#1#1|7#2#1.6|9#3#2 | AM16: =每波成长!G17 -> 31#8#5 | AN16: 1:11:50#2:25:500|1:11:100#2:25:500#3:26:500 | AO16: 0 | AP16: 200#40001:2;40002:1|500#40002:3 | AQ16: 2 | AR16: 13 | AS16: 1:40021#1|2:40022#1 | AT16: 1:90001#1|2:90003#1 | AU16: 1:133 | AV16: 1+1+1+1+5+3+9|1+1+1+1+9+3+8|1+1+1+1+4+19|51 | AW16: 0 | AX16: 3 | AY16: 700:12:30|100:11:2|90:1:1|10:4:1 | AZ16: 与北方之地接壤，兽人的领地 | BA16: 这里兽族高机动部队。我们需要防止他们逃离。 | BB16: 0 | BC16: 2.7 | BD16: 27 | BE16: 0 | BF16: 3106+2.4 | BG16: 0 | BH16: 3 | BI16: MapBingXue13 | BJ16: =BJ15 -> MapCandy | BL16: 11 | BM16: 3106 | BN16: 3003 | BO16: 0
A17: 24 | B17: 0 | C17: 贪婪之祸14 | D17: img_shenyuan2 | E17: =A18 -> 25 | F17: 14 | G17: =F17+20 -> 34 | H17: 24 | I17: 24 | J17: 24 | K17: 760 | L17: 1520 | M17: 2280 | N17: 1:12:160#1:12:160#1:12:3000|1:13:6#1:11:100|1:10000001:216|1:10000002:64|1:10000003:7 | O17: 1:12:240#1:12:2250#1:12:4500|1:13:6#1:11:150|1:10000001:324|1:10000002:97|1:10000003:7 | P17: 1:12:400#1:12:3000#1:12:6000|1:13:6#1:11:200|1:10000001:432|1:10000002:129|1:10000003:8 | Q17: 48|1010101:1020101:1040101:2010101:2030101:2080101:3010101:3020101:3080101:4010101:4020101:4030101:5010101:5020101:5060101|1|100#14|1050101:1080101:1090101:2020101:2070101:2090101:3040101:3060101:3090101:4050101:4070101:4090101:5040101:5050101:5090101|1|100#2|1030101:1070101:2040101:2060101:3050101:3070101:4040101:4060101:5030101:5070101|1|100 | R17: 72|1010101:1020101:1040101:2010101:2030101:2080101:3010101:3020101:3080101:4010101:4020101:4030101:5010101:5020101:5060101|1|100#21|1050101:1080101:1090101:2020101:2070101:2090101:3040101:3060101:3090101:4050101:4070101:4090101:5040101:5050101:5090101|1|100#3|1030101:1070101:2040101:2060101:3050101:3070101:4040101:4060101:5030101:5070101|1|100 | S17: 120|1010101:1020101:1040101:2010101:2030101:2080101:3010101:3020101:3080101:4010101:4020101:4030101:5010101:5020101:5060101|1|100#36|1050101:1080101:1090101:2020101:2070101:2090101:3040101:3060101:3090101:4050101:4070101:4090101:5040101:5050101:5090101|1|100#6|1030101:1070101:2040101:2060101:3050101:3070101:4040101:4060101:5030101:5070101|1|100 | T17: 0 | U17: 3 | V17: 1:9|2:2|3:0 | W17: 1:2:3:4:5 | X17: 1:12:32 | Y17: MapBingXue | Z17: 2 | AA17: =AA9+2 -> 2 | AB17: =F17+AA17+Z17 -> 18 | AC17: =AB17+15 -> 33 | AD17: 250 | AE17: =AE9+1 -> 16 | AF17: =AF16 -> 15000 | AG17: =AG16 -> 28000 | AH17: =出怪成长!C15 -> 9 | AI17: =出怪成长!D15 -> 3#30001#1|7#30002#1|9#30001,30004#1 | AJ17: =出怪数量!Z16 -> 1:3:1|1:5:1|2:9:1|2:14:1|1:20:1|2:26:1|1:32:1|2:38:1|2:44:1 | AK17: =出怪成长!E15 -> 1:10025,10026|2:10025,10026,10028|3:10025,10026,10028 | AL17: =出怪成长!F15 -> 4#1#1|7#2#1.6|9#3#2 | AM17: =每波成长!G18 -> 33#9#6 | AN17: 1:11:50#2:25:500#3:26:500|1:11:50#2:25:500#4:50011 | AO17: 0 | AP17: 200#40001:2;40002:1|500#40002:3 | AQ17: 2 | AR17: 14 | AS17: 1:40021#1|2:40022#1 | AT17: 1:90003#1|2:90002#1 | AU17: 309:-74 | AV17: 1+1+1+1+3+9|1+1+1+1+19+5|1+1+1+1+4+9|52 | AW17: 0 | AX17: 3 | AY17: 700:12:30|100:11:2|90:1:1|10:4:1 | AZ17: 与北方之地接壤，兽人的领地 | BA17: 终于，我们来到了兽族大本营。兽族决战。 | BB17: 0 | BC17: 3 | BD17: 30 | BE17: 9002+4.5 | BF17: 3107+2.5 | BG17: 0 | BH17: 3 | BI17: MapBingXue14 | BJ17: =BJ16 -> MapCandy | BL17: 12 | BM17: 3107 | BN17: 3003 | BO17: 3004 | BR17: |3:158:1
A18: 25 | B18: 0 | C18: 贪婪之祸15 | D18: img_shenyuan3 | E18: =A19 -> 26 | F18: 15 | G18: =F18+20 -> 35 | H18: 24 | I18: 24 | J18: 24 | K18: 820 | L18: 1640 | M18: 2460 | N18: 1:12:170#1:12:170#1:12:3200|1:13:6#1:11:100|1:10000001:228|1:10000002:68|1:10000003:7 | O18: 1:12:255#1:12:2400#1:12:4800|1:13:6#1:11:150|1:10000001:342|1:10000002:100|1:10000003:8 | P18: 1:12:425#1:12:3200#1:12:6400|1:13:6#1:11:200|1:10000001:456|1:10000002:136|1:10000003:9 | Q18: 48|1010101:1020101:1040101:2010101:2030101:2080101:3010101:3020101:3080101:4010101:4020101:4030101:5010101:5020101:5060101|1|100#14|1050101:1080101:1090101:2020101:2070101:2090101:3040101:3060101:3090101:4050101:4070101:4090101:5040101:5050101:5090101|1|100#2|1030101:1070101:2040101:2060101:3050101:3070101:4040101:4060101:5030101:5070101|1|100 | R18: 72|1010101:1020101:1040101:2010101:2030101:2080101:3010101:3020101:3080101:4010101:4020101:4030101:5010101:5020101:5060101|1|100#21|1050101:1080101:1090101:2020101:2070101:2090101:3040101:3060101:3090101:4050101:4070101:4090101:5040101:5050101:5090101|1|100#3|1030101:1070101:2040101:2060101:3050101:3070101:4040101:4060101:5030101:5070101|1|100 | S18: 120|1010101:1020101:1040101:2010101:2030101:2080101:3010101:3020101:3080101:4010101:4020101:4030101:5010101:5020101:5060101|1|100#36|1050101:1080101:1090101:2020101:2070101:2090101:3040101:3060101:3090101:4050101:4070101:4090101:5040101:5050101:5090101|1|100#6|1030101:1070101:2040101:2060101:3050101:3070101:4040101:4060101:5030101:5070101|1|100 | T18: 0 | U18: 3 | V18: 1:9|2:2|3:0 | W18: 1:2:3:4:5 | X18: 1:12:34 | Y18: MapBingXue | Z18: 2 | AA18: =AA10+2 -> 3 | AB18: =F18+AA18+Z18 -> 20 | AC18: =AB18+15 -> 35 | AD18: 250 | AE18: =AE10+1 -> 16 | AF18: =AF17 -> 15000 | AG18: =AG17 -> 28000 | AH18: =出怪成长!C16 -> 9 | AI18: =出怪成长!D16 -> 3#30001#1|7#30002#1|9#30001,30004#1 | AJ18: =出怪数量!Z17 -> 1:3:1|1:5:1|2:9:1|2:14:1|3:20:1|3:26:1|1:32:1|2:38:1|1:44:1 | AK18: =出怪成长!E16 -> 1:10025,10026|2:10025,10026,10028|3:10030,10031,10032 | AL18: =出怪成长!F16 -> 4#1#1|7#2#1.6|9#3#2 | AM18: =每波成长!G19 -> 34#9#6 | AN18: 1:11:50#2:25:500#3:26:500|1:11:50#2:25:500#4:50011 | AO18: 0 | AP18: 200#40001:2;40002:1|500#40002:3 | AQ18: 2 | AR18: 15 | AS18: 1:40021#1|2:40022#1 | AT18: 1:90003#1|2:90002#1 | AU18: 550:0 | AV18: 1+1+1+1+5+3+9|1+1+1+1+9+3+8|1+1+1+1+4+19|51 | AW18: 0 | AX18: 3 | AY18: 700:12:30|100:11:2|90:1:1|10:4:1 | AZ18: 与北方之地接壤，兽人的领地 | BA18: 这里兽族高机动部队。我们需要防止他们逃离。 | BB18: 0 | BC18: 2.7 | BD18: 27 | BE18: 0 | BF18: 3106+2.4 | BG18: 0 | BH18: 3 | BI18: MapBingXue15 | BJ18: =BJ17 -> MapCandy | BL18: 11 | BM18: 3106 | BN18: 3003 | BO18: 0
A19: 26 | B19: 0 | C19: 贪婪之祸16 | D19: img_shenyuan4 | E19: =A20 -> 27 | F19: 16 | G19: =F19+20 -> 36 | H19: 24 | I19: 24 | J19: 24 | K19: 1100 | L19: 2200 | M19: 3300 | N19: 1:12:170#1:12:170#1:12:3400|1:13:6#1:11:100|1:10000001:240|1:10000002:72|1:10000003:8 | O19: 1:12:255#1:12:2550#1:12:5100|1:13:6#1:11:150|1:10000001:360|1:10000002:108|1:10000003:9 | P19: 1:12:425#1:12:3400#1:12:6800|1:13:6#1:11:200|1:10000001:480|1:10000002:144|1:10000003:12 | Q19: 48|1010101:1020101:1040101:2010101:2030101:2080101:3010101:3020101:3080101:4010101:4020101:4030101:5010101:5020101:5060101|1|100#14|1050101:1080101:1090101:2020101:2070101:2090101:3040101:3060101:3090101:4050101:4070101:4090101:5040101:5050101:5090101|1|100#2|1030101:1070101:2040101:2060101:3050101:3070101:4040101:4060101:5030101:5070101|1|100 | R19: 72|1010101:1020101:1040101:2010101:2030101:2080101:3010101:3020101:3080101:4010101:4020101:4030101:5010101:5020101:5060101|1|100#21|1050101:1080101:1090101:2020101:2070101:2090101:3040101:3060101:3090101:4050101:4070101:4090101:5040101:5050101:5090101|1|100#3|1030101:1070101:2040101:2060101:3050101:3070101:4040101:4060101:5030101:5070101|1|100 | S19: 120|1010101:1020101:1040101:2010101:2030101:2080101:3010101:3020101:3080101:4010101:4020101:4030101:5010101:5020101:5060101|1|100#36|1050101:1080101:1090101:2020101:2070101:2090101:3040101:3060101:3090101:4050101:4070101:4090101:5040101:5050101:5090101|1|100#6|1030101:1070101:2040101:2060101:3050101:3070101:4040101:4060101:5030101:5070101|1|100 | T19: 0 | U19: 3 | V19: 1:9|2:2|3:0 | W19: 1:2:3:4:5 | X19: 1:12:34 | Y19: MapBingXue | Z19: 2 | AA19: =AA11+2 -> 4 | AB19: =F19+AA19+Z19 -> 22 | AC19: =AB19+15 -> 37 | AD19: 250 | AE19: =AE11+1 -> 16 | AF19: =AF18 -> 15000 | AG19: =AG18 -> 28000 | AH19: =出怪成长!C17 -> 10 | AI19: =出怪成长!D17 -> 4#30001#1|8#30002#1|10#30001,30004#1 | AJ19: =出怪数量!Z18 -> 1:3:1|1:5:1|2:9:1|2:14:1|3:20:1|3:26:1|1:32:1|2:38:1|1:44:1|2:50:1 | AK19: =出怪成长!E17 -> 1:10025,10026|2:10030,10031,10032|3:10031,10028,10034 | AL19: =出怪成长!F17 -> 5#1#1.1|8#2#1.8|10#3#2.3 | AM19: =每波成长!G20 -> 36#10#7 | AN19: 1:11:50#2:25:500#3:26:500|1:11:50#2:25:500#4:50011 | AO19: 0 | AP19: 200#40001:2;40002:1|500#40002:3 | AQ19: 2 | AR19: 16 | AS19: 1:40021#1|2:40022#1 | AT19: 1:90003#1|2:90002#1 | AU19: 433:192 | AV19: 1+1+1+1+3+9|1+1+1+1+19+5|1+1+1+1+4+9|52 | AW19: 0 | AX19: 3 | AY19: 700:12:30|100:11:2|90:1:1|10:4:1 | AZ19: 与北方之地接壤，兽人的领地 | BA19: 终于，我们来到了兽族大本营。兽族决战。 | BB19: 0 | BC19: 3 | BD19: 30 | BE19: 9002+4.5 | BF19: 3107+2.5 | BG19: 0 | BH19: 3 | BI19: MapBingXue16 | BJ19: =BJ18 -> MapCandy | BL19: 12 | BM19: 3107 | BN19: 3003 | BO19: 3004 | BR19: |3:158:1
A20: 27 | B20: 0 | C20: 贪婪之祸17 | D20: img_shenyuan1 | E20: =A21 -> 28 | F20: 17 | G20: =F20+20 -> 37 | H20: 28 | I20: 28 | J20: 28 | K20: 1300 | L20: 2600 | M20: 3900 | N20: 1:12:180#1:12:180#1:12:3600|1:13:6#1:11:100|1:10000001:252|1:10000002:75|1:10000003:8 | O20: 1:12:270#1:12:2700#1:12:5400|1:13:6#1:11:150|1:10000001:378|1:10000002:111|1:10000003:9 | P20: 1:12:450#1:12:3600#1:12:7200|1:13:6#1:11:200|1:10000001:504|1:10000002:151|1:10000003:12 | Q20: 54|1010101:1020101:1040101:2010101:2030101:2080101:3010101:3020101:3080101:4010101:4020101:4030101:5010101:5020101:5060101|1|100#14|1050101:1080101:1090101:2020101:2070101:2090101:3040101:3060101:3090101:4050101:4070101:4090101:5040101:5050101:5090101|1|100#2|1030101:1070101:2040101:2060101:3050101:3070101:4040101:4060101:5030101:5070101|1|100 | R20: 78|1010101:1020101:1040101:2010101:2030101:2080101:3010101:3020101:3080101:4010101:4020101:4030101:5010101:5020101:5060101|1|100#21|1050101:1080101:1090101:2020101:2070101:2090101:3040101:3060101:3090101:4050101:4070101:4090101:5040101:5050101:5090101|1|100#3|1030101:1070101:2040101:2060101:3050101:3070101:4040101:4060101:5030101:5070101|1|100 | S20: 132|1010101:1020101:1040101:2010101:2030101:2080101:3010101:3020101:3080101:4010101:4020101:4030101:5010101:5020101:5060101|1|100#36|1050101:1080101:1090101:2020101:2070101:2090101:3040101:3060101:3090101:4050101:4070101:4090101:5040101:5050101:5090101|1|100#6|1030101:1070101:2040101:2060101:3050101:3070101:4040101:4060101:5030101:5070101|1|100 | T20: 0 | U20: 3 | V20: 1:10|2:2|3:0 | W20: 1:2:3:4:5 | X20: 1:12:36 | Y20: MapBingXue | Z20: 3 | AA20: =AA12+2 -> 4 | AB20: =F20+AA20+Z20 -> 24 | AC20: =AB20+15 -> 39 | AD20: 250 | AE20: =AE12+1 -> 17 | AF20: =AF19 -> 15000 | AG20: =AG19 -> 28000 | AH20: =出怪成长!C18 -> 8 | AI20: =出怪成长!D18 -> 3#30001#1|6#30002#1|8#30001,30004#1 | AJ20: =出怪数量!Z19 -> 1:2:1|1:5:1|2:10:1|2:5:1#2:5:1#3:5:1|3:4:1#2:4:1#3:4:1|3:5:1#2:5:1#3:5:1|1:6:1#2:6:1#3:6:1|2:7:1#2:7:1#3:7:1 | AK20: =出怪成长!E18 -> 1:10030,10031|2:10031,10028,10034|3:10031,10028,10027 | AL20: =出怪成长!F18 -> 3#1#1.1|6#2#1.8|8#3#2.3 | AM20: =每波成长!G21 -> 36#10#7 | AN20: 1:11:50#2:25:500|1:11:100#2:25:500#3:26:500 | AO20: 0 | AP20: 200#40001:2;40002:1|500#40002:3 | AQ20: 2 | AR20: 17 | AS20: 1:40021#1|2:40022#1 | AT20: 1:90001#1|2:90003#1 | AU20: -661:276 | AV20: 1+1+1+1+1+20+3+8+22|1+1+1+1+1+9|1+1+1+1+1+15+4+9|51 | AW20: 0 | AX20: 3 | AY20: 700:12:30|100:11:2|80:1:1|9:4:1 | AZ20: 守护家园，抵御精灵的阴谋 | BA20: 限时战争，规定时间内。打败西城领主 | BB20: 0 | BC20: 4 | BD20: 40 | BE20: 0 | BF20: 2102+9.6 | BG20: 0 | BH20: 3 | BI20: MapBingXue17 | BJ20: MapSenLin | BL20: 13 | BM20: 2102 | BN20: 2003 | BO20: 0
A21: 28 | B21: 0 | C21: 贪婪之祸18 | D21: img_shenyuan2 | E21: =A22 -> 29 | F21: 18 | G21: =F21+20 -> 38 | H21: 28 | I21: 28 | J21: 28 | K21: 1450 | L21: 2900 | M21: 4350 | N21: 1:12:180#1:12:180#1:12:3800|1:13:6#1:11:100|1:10000001:264|1:10000002:79|1:10000003:9 | O21: 1:12:270#1:12:2850#1:12:5700|1:13:6#1:11:150|1:10000001:396|1:10000002:118|1:10000003:10 | P21: 1:12:450#1:12:3800#1:12:7600|1:13:6#1:11:200|1:10000001:528|1:10000002:158|1:10000003:13 | Q21: 54|1010101:1020101:1040101:2010101:2030101:2080101:3010101:3020101:3080101:4010101:4020101:4030101:5010101:5020101:5060101|1|100#14|1050101:1080101:1090101:2020101:2070101:2090101:3040101:3060101:3090101:4050101:4070101:4090101:5040101:5050101:5090101|1|100#2|1030101:1070101:2040101:2060101:3050101:3070101:4040101:4060101:5030101:5070101|1|100 | R21: 78|1010101:1020101:1040101:2010101:2030101:2080101:3010101:3020101:3080101:4010101:4020101:4030101:5010101:5020101:5060101|1|100#21|1050101:1080101:1090101:2020101:2070101:2090101:3040101:3060101:3090101:4050101:4070101:4090101:5040101:5050101:5090101|1|100#3|1030101:1070101:2040101:2060101:3050101:3070101:4040101:4060101:5030101:5070101|1|100 | S21: 132|1010101:1020101:1040101:2010101:2030101:2080101:3010101:3020101:3080101:4010101:4020101:4030101:5010101:5020101:5060101|1|100#36|1050101:1080101:1090101:2020101:2070101:2090101:3040101:3060101:3090101:4050101:4070101:4090101:5040101:5050101:5090101|1|100#6|1030101:1070101:2040101:2060101:3050101:3070101:4040101:4060101:5030101:5070101|1|100 | T21: 0 | U21: 3 | V21: 1:10|2:2|3:0 | W21: 1:2:3:4:5 | X21: 1:12:36 | Y21: MapBingXue | Z21: 3 | AA21: =AA13+2 -> 3 | AB21: =F21+AA21+Z21 -> 24 | AC21: =AB21+15 -> 39 | AD21: 250 | AE21: =AE13+1 -> 17 | AF21: =AF20 -> 15000 | AG21: =AG20 -> 28000 | AH21: =出怪成长!C19 -> 8 | AI21: =出怪成长!D19 -> 3#30001#1|6#30002#1|8#30001,30004#1 | AJ21: =出怪数量!Z20 -> 1:2:1|1:5:1|2:10:1|2:5:1#2:5:1#3:5:1|3:4:1#2:4:1#3:4:1|3:5:1#2:5:1#3:5:1|1:6:1#2:6:1#3:6:1|2:7:1#2:7:1#3:7:1 | AK21: =出怪成长!E19 -> 1:10031,10028|2:10031,10028,10027|3:10031,10028,10027 | AL21: =出怪成长!F19 -> 3#1#1.1|6#2#1.8|8#3#2.3 | AM21: =每波成长!G22 -> 34#9#6 | AN21: 1:11:50#2:25:500#3:26:500|1:11:50#2:25:500#4:50011 | AO21: 0 | AP21: 200#40001:2;40002:1|500#40002:3 | AQ21: 2 | AR21: 18 | AS21: 1:40021#1|2:40022#1 | AT21: 1:90003#1|2:90002#1 | AU21: -327:151 | AV21: 1+1+1+1+1+8+9|1+1+1+1+1+20+15+4+22|1+1+1+1+1+10+9+4+8|52 | AW21: 0 | AX21: 3 | AY21: 700:12:30|100:11:2|80:1:1|9:4:1 | AZ21: 守护家园，抵御精灵的阴谋 | BA21: 限时战争，规定时间内，打败侯恩伯爵 | BB21: 0 | BC21: 5 | BD21: 50 | BE21: 9001+6 | BF21: 2103+10 | BG21: 0 | BH21: 3 | BI21: MapBingXue18 | BJ21: =BJ20 -> MapSenLin | BL21: 14 | BM21: 2103 | BN21: 2003 | BO21: 2004 | BR21: |3:170:1
A22: 29 | B22: 0 | C22: 贪婪之祸19 | D22: img_shenyuan3 | E22: =A23 -> 30 | F22: 19 | G22: =F22+20 -> 39 | H22: 28 | I22: 28 | J22: 28 | K22: 1570 | L22: 3140 | M22: 4710 | N22: 1:12:190#1:12:190#1:12:4000|1:13:6#1:11:100|1:10000001:276|1:10000002:82|1:10000003:9 | O22: 1:12:285#1:12:3000#1:12:6000|1:13:6#1:11:150|1:10000001:414|1:10000002:122|1:10000003:10 | P22: 1:12:475#1:12:4000#1:12:8000|1:13:6#1:11:200|1:10000001:552|1:10000002:165|1:10000003:13 | Q22: 54|1010101:1020101:1040101:2010101:2030101:2080101:3010101:3020101:3080101:4010101:4020101:4030101:5010101:5020101:5060101|1|100#18|1050101:1080101:1090101:2020101:2070101:2090101:3040101:3060101:3090101:4050101:4070101:4090101:5040101:5050101:5090101|1|100#2|1030101:1070101:2040101:2060101:3050101:3070101:4040101:4060101:5030101:5070101|1|100 | R22: 78|1010101:1020101:1040101:2010101:2030101:2080101:3010101:3020101:3080101:4010101:4020101:4030101:5010101:5020101:5060101|1|100#25|1050101:1080101:1090101:2020101:2070101:2090101:3040101:3060101:3090101:4050101:4070101:4090101:5040101:5050101:5090101|1|100#3|1030101:1070101:2040101:2060101:3050101:3070101:4040101:4060101:5030101:5070101|1|100 | S22: 132|1010101:1020101:1040101:2010101:2030101:2080101:3010101:3020101:3080101:4010101:4020101:4030101:5010101:5020101:5060101|1|100#43|1050101:1080101:1090101:2020101:2070101:2090101:3040101:3060101:3090101:4050101:4070101:4090101:5040101:5050101:5090101|1|100#6|1030101:1070101:2040101:2060101:3050101:3070101:4040101:4060101:5030101:5070101|1|100 | T22: 0 | U22: 3 | V22: 1:10|2:3|3:0 | W22: 1:2:3:4:5 | X22: 1:12:38 | Y22: MapBingXue | Z22: 3 | AA22: =AA14+2 -> 4 | AB22: =F22+AA22+Z22 -> 26 | AC22: =AB22+15 -> 41 | AD22: 250 | AE22: =AE14+1 -> 17 | AF22: =AF21 -> 15000 | AG22: =AG21 -> 28000 | AH22: =出怪成长!C20 -> 8 | AI22: =出怪成长!D20 -> 3#30001#1|6#30002#1|8#30001,30004#1 | AJ22: =出怪数量!Z21 -> 1:2:1|1:5:1|2:10:1|2:5:1#2:5:1#3:5:1|3:4:1#2:4:1#3:4:1|3:5:1#2:5:1#3:5:1|1:6:1#2:6:1#3:6:1|2:7:1#2:7:1#3:7:1 | AK22: =出怪成长!E20 -> 1:10031,10028|2:10031,10028,10027|3:10037,10038,10029 | AL22: =出怪成长!F20 -> 3#1#1.1|6#2#1.8|8#3#2.3 | AM22: =每波成长!G23 -> 36#10#7 | AN22: 1:11:50#2:25:500|1:11:100#2:25:500#3:26:500 | AO22: 0 | AP22: 200#40001:2;40002:1|500#40002:3 | AQ22: 2 | AR22: 19 | AS22: 1:40021#1|2:40022#1 | AT22: 1:90001#1|2:90003#1 | AU22: -344:-140 | AV22: 1+1+1+1+1+15+3+9|1+1+1+1+1+4+19+9|1+1+1+1+1+3+4+9|55 | AW22: 0 | AX22: 3 | AY22: 700:12:30|100:11:2|80:1:1|9:4:1 | AZ22: 守护家园，抵御精灵的阴谋 | BA22: 护送林德公爵 | BB22: 0 | BC22: 6 | BD22: 60 | BE22: 9002+7 | BF22: 2104+9 | BG22: 0 | BH22: 3 | BI22: MapBingXue19 | BJ22: =BJ21 -> MapSenLin | BL22: 15 | BM22: 2104 | BN22: 2003 | BO22: 0
A23: 30 | B23: 0 | C23: 贪婪之祸20 | D23: img_shenyuan4 | E23: =A24 -> 31 | F23: 20 | G23: =F23+20 -> 40 | H23: 28 | I23: 28 | J23: 28 | K23: 1780 | L23: 3560 | M23: 5340 | N23: 1:12:190#1:12:190#1:12:4200|1:13:6#1:11:100|1:10000001:288|1:10000002:86|1:10000003:10 | O23: 1:12:285#1:12:3150#1:12:6300|1:13:6#1:11:150|1:10000001:432|1:10000002:129|1:10000003:10 | P23: 1:12:475#1:12:4200#1:12:8400|1:13:6#1:11:200|1:10000001:576|1:10000002:172|1:10000003:13 | Q23: 54|1010101:1020101:1040101:2010101:2030101:2080101:3010101:3020101:3080101:4010101:4020101:4030101:5010101:5020101:5060101|1|100#18|1050101:1080101:1090101:2020101:2070101:2090101:3040101:3060101:3090101:4050101:4070101:4090101:5040101:5050101:5090101|1|100#2|1030101:1070101:2040101:2060101:3050101:3070101:4040101:4060101:5030101:5070101|1|100 | R23: 78|1010101:1020101:1040101:2010101:2030101:2080101:3010101:3020101:3080101:4010101:4020101:4030101:5010101:5020101:5060101|1|100#25|1050101:1080101:1090101:2020101:2070101:2090101:3040101:3060101:3090101:4050101:4070101:4090101:5040101:5050101:5090101|1|100#3|1030101:1070101:2040101:2060101:3050101:3070101:4040101:4060101:5030101:5070101|1|100 | S23: 132|1010101:1020101:1040101:2010101:2030101:2080101:3010101:3020101:3080101:4010101:4020101:4030101:5010101:5020101:5060101|1|100#43|1050101:1080101:1090101:2020101:2070101:2090101:3040101:3060101:3090101:4050101:4070101:4090101:5040101:5050101:5090101|1|100#6|1030101:1070101:2040101:2060101:3050101:3070101:4040101:4060101:5030101:5070101|1|100 | T23: 0 | U23: 3 | V23: 1:10|2:3|3:0 | W23: 1:2:3:4:5 | X23: 1:12:38 | Y23: MapBingXue | Z23: 3 | AA23: =AA15+2 -> 5 | AB23: =F23+AA23+Z23 -> 28 | AC23: =AB23+15 -> 43 | AD23: 250 | AE23: =AE15+1 -> 17 | AF23: =AF22 -> 15000 | AG23: =AG22 -> 28000 | AH23: =出怪成长!C21 -> 9 | AI23: =出怪成长!D21 -> 3#30001#1|7#30002#1|9#30001,30004#1 | AJ23: =出怪数量!Z22 -> 1:2:1|1:5:1|2:10:1|2:5:1#2:5:1#3:5:2|3:4:2#2:4:1#3:4:2|3:5:2#2:5:1#3:5:2|1:6:1#2:6:1#3:6:2|2:7:1#2:7:1#3:7:2|1:10:1#2:10:1#3:10:2 | AK23: =出怪成长!E21 -> 1:10031,10028|2:10037,10038,10029|3:10037,10038,10029 | AL23: =出怪成长!F21 -> 4#1#1.2|7#2#2|9#3#2.6 | AM23: =每波成长!G24 -> 37#10#7 | AN23: 1:11:50#2:25:500#3:26:500|1:11:50#2:25:500#4:50011 | AO23: 0 | AP23: 200#40001:2;40002:1|500#40002:3 | AQ23: 2 | AR23: 20 | AS23: 1:40021#1|2:40022#1 | AT23: 1:90003#1|2:90002#1 | AU23: -609:-288 | AV23: 1+1+1+1+1+8+9|1+1+1+1+1+20+15+4|1+1+1+1+1+9+4+8|53 | AW23: 0 | AX23: 3 | AY23: 700:12:30|100:11:2|80:1:1|9:4:1 | AZ23: 守护家园，抵御精灵的阴谋 | BA23: 守住城池 | BB23: 0 | BC23: 7 | BD23: 70 | BE23: 9001+8 | BF23: 2105+8.4 | BG23: 0 | BH23: 3 | BI23: MapBingXue20 | BJ23: =BJ22 -> MapSenLin | BL23: 16 | BM23: 2105 | BN23: 2003 | BO23: 0 | BR23: |3:169:1
A24: 31 | B24: 0 | C24: 贪婪之祸21 | D24: img_shenyuan1 | E24: =A25 -> 32 | F24: 21 | G24: =F24+20 -> 41 | H24: 32 | I24: 32 | J24: 32 | K24: 1980 | L24: 3960 | M24: 5940 | N24: 1:12:200#1:12:200#1:12:4400|1:13:6#1:11:100|1:10000001:300|1:10000002:90|1:10000003:10 | O24: 1:12:300#1:12:3300#1:12:6600|1:13:6#1:11:150|1:10000001:450|1:10000002:133|1:10000003:12 | P24: 1:12:500#1:12:4400#1:12:8800|1:13:6#1:11:200|1:10000001:600|1:10000002:180|1:10000003:14 | Q24: 60|1010101:1020101:1040101:2010101:2030101:2080101:3010101:3020101:3080101:4010101:4020101:4030101:5010101:5020101:5060101|1|100#18|1050101:1080101:1090101:2020101:2070101:2090101:3040101:3060101:3090101:4050101:4070101:4090101:5040101:5050101:5090101|1|100#2|1030101:1070101:2040101:2060101:3050101:3070101:4040101:4060101:5030101:5070101|1|100 | R24: 90|1010101:1020101:1040101:2010101:2030101:2080101:3010101:3020101:3080101:4010101:4020101:4030101:5010101:5020101:5060101|1|100#25|1050101:1080101:1090101:2020101:2070101:2090101:3040101:3060101:3090101:4050101:4070101:4090101:5040101:5050101:5090101|1|100#3|1030101:1070101:2040101:2060101:3050101:3070101:4040101:4060101:5030101:5070101|1|100 | S24: 150|1010101:1020101:1040101:2010101:2030101:2080101:3010101:3020101:3080101:4010101:4020101:4030101:5010101:5020101:5060101|1|100#43|1050101:1080101:1090101:2020101:2070101:2090101:3040101:3060101:3090101:4050101:4070101:4090101:5040101:5050101:5090101|1|100#6|1030101:1070101:2040101:2060101:3050101:3070101:4040101:4060101:5030101:5070101|1|100 | T24: 0 | U24: 3 | V24: 1:12|2:3|3:0 | W24: 1:2:3:4:5 | X24: 1:12:40 | Y24: MapBingXue | Z24: 3 | AA24: =AA16+2 -> 3 | AB24: =F24+AA24+Z24 -> 27 | AC24: =AB24+15 -> 42 | AD24: 250 | AE24: =AE16+1 -> 17 | AF24: =AF23 -> 15000 | AG24: =AG23 -> 28000 | AH24: =出怪成长!C22 -> 8 | AI24: =出怪成长!D22 -> 3#30001#1|6#30002#1|8#30001,30004#1 | AJ24: =出怪数量!Z23 -> 1:3:1|1:6:1|2:11:1|2:5:1#2:5:1#3:5:2|3:4:2#2:4:1#3:4:2|3:5:2#2:5:1#3:5:2|1:6:1#2:6:1#3:6:2|2:7:1#2:7:1#3:7:2 | AK24: =出怪成长!E22 -> 1:10037,10038|2:10037,10038,10029|3:10037,10038,10036 | AL24: =出怪成长!F22 -> 3#1#1.2|6#2#2|8#3#2.6 | AM24: =每波成长!G25 -> 34#9#6 | AN24: 1:11:50#2:25:500|1:11:100#2:25:500#3:26:500 | AO24: 0 | AP24: 200#40001:2;40002:1|500#40002:3 | AQ24: 2 | AR24: 21 | AS24: 1:40021#1|2:40022#1 | AT24: 1:90001#1|2:90003#1 | AU24: -66:-322 | AV24: 1+1+1+1+1+20+5+9|1+1+1+1+1+9+4+8|1+1+1+1+1+9+4+19|54 | AW24: 0 | AX24: 3 | AY24: 700:12:30|100:11:2|80:1:1|9:4:1 | AZ24: 守护家园，抵御精灵的阴谋 | BA24: 人族与兽族及精灵的大规模战争 | BB24: 0 | BC24: 8 | BD24: 80 | BE24: 1005+7 | BF24: 2106+7.3 | BG24: 0 | BH24: 3 | BI24: MapBingXue21 | BJ24: =BJ23 -> MapSenLin | BL24: 17 | BM24: 2106 | BN24: 2004 | BO24: 0
A25: 32 | B25: 0 | C25: 贪婪之祸22 | D25: img_shenyuan2 | E25: =A26 -> 33 | F25: 22 | G25: =F25+20 -> 42 | H25: 32 | I25: 32 | J25: 32 | K25: 2200 | L25: 4400 | M25: 6600 | N25: 1:12:200#1:12:200#1:12:4600|1:13:6#1:11:100|1:10000001:312|1:10000002:93|1:10000003:12 | O25: 1:12:300#1:12:3450#1:12:6900|1:13:6#1:11:150|1:10000001:468|1:10000002:140|1:10000003:12 | P25: 1:12:500#1:12:4600#1:12:9200|1:13:6#1:11:200|1:10000001:624|1:10000002:187|1:10000003:14 | Q25: 60|1010101:1020101:1040101:2010101:2030101:2080101:3010101:3020101:3080101:4010101:4020101:4030101:5010101:5020101:5060101|1|100#18|1050101:1080101:1090101:2020101:2070101:2090101:3040101:3060101:3090101:4050101:4070101:4090101:5040101:5050101:5090101|1|100#2|1030101:1070101:2040101:2060101:3050101:3070101:4040101:4060101:5030101:5070101|1|100 | R25: 90|1010101:1020101:1040101:2010101:2030101:2080101:3010101:3020101:3080101:4010101:4020101:4030101:5010101:5020101:5060101|1|100#25|1050101:1080101:1090101:2020101:2070101:2090101:3040101:3060101:3090101:4050101:4070101:4090101:5040101:5050101:5090101|1|100#3|1030101:1070101:2040101:2060101:3050101:3070101:4040101:4060101:5030101:5070101|1|100 | S25: 150|1010101:1020101:1040101:2010101:2030101:2080101:3010101:3020101:3080101:4010101:4020101:4030101:5010101:5020101:5060101|1|100#43|1050101:1080101:1090101:2020101:2070101:2090101:3040101:3060101:3090101:4050101:4070101:4090101:5040101:5050101:5090101|1|100#6|1030101:1070101:2040101:2060101:3050101:3070101:4040101:4060101:5030101:5070101|1|100 | T25: 0 | U25: 3 | V25: 1:12|2:3|3:0 | W25: 1:2:3:4:5 | X25: 1:12:40 | Y25: MapBingXue | Z25: 3 | AA25: =AA17+2 -> 4 | AB25: =F25+AA25+Z25 -> 29 | AC25: =AB25+15 -> 44 | AD25: 250 | AE25: =AE17+1 -> 17 | AF25: =AF24 -> 15000 | AG25: =AG24 -> 28000 | AH25: =出怪成长!C23 -> 8 | AI25: =出怪成长!D23 -> 3#30001#1|6#30002#1|8#30001,30004#1 | AJ25: =出怪数量!Z24 -> 1:3:1|1:6:1|2:11:1|2:5:1#2:5:1#3:5:2|3:4:2#2:4:1#3:4:2|3:5:2#2:5:1#3:5:2|1:6:1#2:6:1#3:6:2|2:7:1#2:7:1#3:7:2 | AK25: =出怪成长!E23 -> 1:10037,10038|2:10037,10038,10036|3:10040,10041,10036 | AL25: =出怪成长!F23 -> 3#1#1.2|6#2#2|8#3#2.6 | AM25: =每波成长!G26 -> 36#10#7 | AN25: 1:11:50#2:25:500#3:26:500|1:11:50#2:25:500#4:50011 | AO25: 0 | AP25: 200#40001:2;40002:1|500#40002:3 | AQ25: 2 | AR25: 22 | AS25: 1:40021#1|2:40022#1 | AT25: 1:90003#1|2:90002#1 | AU25: 332:-177 | AV25: 1+1+1+1+1+9+6+8|1+1+1+1+1+5+9|1+1+1+1+1+20+4+9|52 | AW25: 0 | AX25: 3 | AY25: 700:12:30|100:11:2|80:1:1|9:4:1 | AZ25: 守护家园，抵御精灵的阴谋 | BA25: 攻打精灵城 | BB25: 0 | BC25: 9 | BD25: 90 | BE25: 9001+10 | BF25: 2107+7.7 | BG25: 0 | BH25: 3 | BI25: MapBingXue22 | BJ25: =BJ24 -> MapSenLin | BL25: 18 | BM25: 2107 | BN25: 2004 | BO25: 2005 | BR25: |3:123:1
A26: 33 | B26: 0 | C26: 贪婪之祸23 | D26: img_shenyuan3 | E26: =A27 -> 34 | F26: 23 | G26: =F26+20 -> 43 | H26: 32 | I26: 32 | J26: 32 | K26: 2380 | L26: 4760 | M26: 7140 | N26: 1:12:210#1:12:210#1:12:4800|1:13:6#1:11:100|1:10000001:324|1:10000002:97|1:10000003:12 | O26: 1:12:315#1:12:3600#1:12:7200|1:13:6#1:11:150|1:10000001:486|1:10000002:144|1:10000003:12 | P26: 1:12:525#1:12:4800#1:12:9600|1:13:6#1:11:200|1:10000001:648|1:10000002:194|1:10000003:14 | Q26: 60|1010101:1020101:1040101:2010101:2030101:2080101:3010101:3020101:3080101:4010101:4020101:4030101:5010101:5020101:5060101|1|100#18|1050101:1080101:1090101:2020101:2070101:2090101:3040101:3060101:3090101:4050101:4070101:4090101:5040101:5050101:5090101|1|100#2|1030101:1070101:2040101:2060101:3050101:3070101:4040101:4060101:5030101:5070101|1|100 | R26: 90|1010101:1020101:1040101:2010101:2030101:2080101:3010101:3020101:3080101:4010101:4020101:4030101:5010101:5020101:5060101|1|100#25|1050101:1080101:1090101:2020101:2070101:2090101:3040101:3060101:3090101:4050101:4070101:4090101:5040101:5050101:5090101|1|100#3|1030101:1070101:2040101:2060101:3050101:3070101:4040101:4060101:5030101:5070101|1|100 | S26: 150|1010101:1020101:1040101:2010101:2030101:2080101:3010101:3020101:3080101:4010101:4020101:4030101:5010101:5020101:5060101|1|100#43|1050101:1080101:1090101:2020101:2070101:2090101:3040101:3060101:3090101:4050101:4070101:4090101:5040101:5050101:5090101|1|100#6|1030101:1070101:2040101:2060101:3050101:3070101:4040101:4060101:5030101:5070101|1|100 | T26: 0 | U26: 3 | V26: 1:12|2:3|3:0 | W26: 1:2:3:4:5 | X26: 1:12:42 | Y26: MapBingXue | Z26: 3 | AA26: =AA18+2 -> 5 | AB26: =F26+AA26+Z26 -> 31 | AC26: 55 | AD26: 250 | AE26: =AE18+1 -> 17 | AF26: =AF25 -> 15000 | AG26: =AG25 -> 28000 | AH26: =出怪成长!C24 -> 9 | AI26: =出怪成长!D24 -> 3#30001#1|7#30002#1|9#30001,30004#1 | AJ26: =出怪数量!Z25 -> 1:3:1|1:6:1|2:11:1|2:5:1#2:5:1#3:5:2|3:4:2#2:4:1#3:4:2|3:5:2#2:5:1#3:5:2|4:6:2#2:6:1#3:6:2|4:7:2#2:7:1#3:7:2|1:10:1#2:10:1#3:10:2 | AK26: =出怪成长!E24 -> 1:10037,10038|2:10040,10041,10036|3:10040,10041,10036 | AL26: =出怪成长!F24 -> 4#1#1.2|7#2#2|9#3#2.6 | AM26: =每波成长!G27 -> 37#10#7 | AN26: 1:11:50#2:25:500#3:26:500|1:11:50#2:25:500#4:50011 | AO26: 0 | AP26: 200#40001:2;40002:1|500#40002:3 | AQ26: 2 | AR26: 23 | AS26: 1:40021#1|2:40022#1 | AT26: 1:90003#1|2:90002#1 | AU26: 368:115 | AV26: 1+1+1+1+1+20+5+9|1+1+1+1+1+9+4+8|1+1+1+1+1+9+4+19|54 | AW26: 0 | AX26: 3 | AY26: 700:12:30|100:11:2|80:1:1|9:4:1 | AZ26: 守护家园，抵御精灵的阴谋 | BA26: 人族与兽族及精灵的大规模战争 | BB26: 0 | BC26: 8 | BD26: 80 | BE26: 1005+7 | BF26: 2106+7.3 | BG26: 0 | BH26: 3 | BI26: MapBingXue23 | BJ26: =BJ25 -> MapSenLin | BL26: 17 | BM26: 2106 | BN26: 2004 | BO26: 0
A27: 34 | B27: 0 | C27: 贪婪之祸24 | D27: img_shenyuan4 | E27: =A28 -> 35 | F27: 24 | G27: =F27+20 -> 44 | H27: 32 | I27: 32 | J27: 32 | K27: 2560 | L27: 5120 | M27: 7680 | N27: 1:12:210#1:12:210#1:12:5000|1:13:6#1:11:100|1:10000001:336|1:10000002:100|1:10000003:13 | O27: 1:12:315#1:12:3750#1:12:7500|1:13:6#1:11:150|1:10000001:504|1:10000002:151|1:10000003:13 | P27: 1:12:525#1:12:5000#1:12:10000|1:13:6#1:11:200|1:10000001:672|1:10000002:201|1:10000003:15 | Q27: 60|1010101:1020101:1040101:2010101:2030101:2080101:3010101:3020101:3080101:4010101:4020101:4030101:5010101:5020101:5060101|1|100#18|1050101:1080101:1090101:2020101:2070101:2090101:3040101:3060101:3090101:4050101:4070101:4090101:5040101:5050101:5090101|1|100#3|1030101:1070101:2040101:2060101:3050101:3070101:4040101:4060101:5030101:5070101|1|100 | R27: 90|1010101:1020101:1040101:2010101:2030101:2080101:3010101:3020101:3080101:4010101:4020101:4030101:5010101:5020101:5060101|1|100#25|1050101:1080101:1090101:2020101:2070101:2090101:3040101:3060101:3090101:4050101:4070101:4090101:5040101:5050101:5090101|1|100#4|1030101:1070101:2040101:2060101:3050101:3070101:4040101:4060101:5030101:5070101|1|100 | S27: 150|1010101:1020101:1040101:2010101:2030101:2080101:3010101:3020101:3080101:4010101:4020101:4030101:5010101:5020101:5060101|1|100#43|1050101:1080101:1090101:2020101:2070101:2090101:3040101:3060101:3090101:4050101:4070101:4090101:5040101:5050101:5090101|1|100#8|1030101:1070101:2040101:2060101:3050101:3070101:4040101:4060101:5030101:5070101|1|100 | T27: 0 | U27: 3 | V27: 1:12|2:3|3:1 | W27: 1:2:3:4:5 | X27: 1:12:42 | Y27: MapBingXue | Z27: 3 | AA27: =AA19+2 -> 6 | AB27: 40 | AC27: 65 | AD27: 250 | AE27: =AE19+1 -> 17 | AF27: =AF26 -> 15000 | AG27: =AG26 -> 28000 | AH27: =出怪成长!C25 -> 10 | AI27: =出怪成长!D25 -> 4#30001#1|8#30002#1|10#30001,30004#1 | AJ27: =出怪数量!Z26 -> 1:3:1|1:6:1|2:11:1|2:5:1#2:5:1#3:5:2|3:4:2#2:4:1#3:4:2|3:5:2#2:5:1#3:5:2|4:6:2#2:6:1#3:6:2|4:7:2#2:7:1#3:7:2|1:10:1#2:10:1#3:10:2|2:18:1#2:12:1#3:18:2 | AK27: =出怪成长!E25 -> 1:10040,10041|2:10040,10041,10036|3:10043,10044,10036 | AL27: =出怪成长!F25 -> 5#1#1.3|8#2#2.2|10#3#2.9 | AM27: =每波成长!G28 -> 39#11#8 | AN27: 1:11:50#2:25:500#3:26:500|1:11:50#2:25:500#4:50011 | AO27: 0 | AP27: 200#40001:2;40002:1|500#40002:3 | AQ27: 2 | AR27: 24 | AS27: 1:40021#1|2:40022#1 | AT27: 1:90003#1|2:90002#1 | AU27: 629:287 | AV27: 1+1+1+1+1+9+6+8|1+1+1+1+1+5+9|1+1+1+1+1+20+4+9|52 | AW27: 0 | AX27: 3 | AY27: 700:12:30|100:11:2|80:1:1|9:4:1 | AZ27: 守护家园，抵御精灵的阴谋 | BA27: 攻打精灵城 | BB27: 0 | BC27: 9 | BD27: 90 | BE27: 9001+10 | BF27: 2107+7.7 | BG27: 0 | BH27: 3 | BI27: MapBingXue24 | BJ27: =BJ26 -> MapSenLin | BL27: 18 | BM27: 2107 | BN27: 2004 | BO27: 2005 | BR27: |3:123:1
A28: 35 | B28: 0 | C28: 贪婪之祸25 | D28: img_shenyuan1 | E28: =A29 -> 36 | F28: 25 | G28: =F28+20 -> 45 | H28: 33 | I28: 33 | J28: 33 | K28: 2760 | L28: 5520 | M28: 8280 | N28: 1:12:220#1:12:220#1:12:5200|1:13:6#1:11:100|1:10000001:348|1:10000002:104|1:10000003:13 | O28: 1:12:330#1:12:3900#1:12:7800|1:13:6#1:11:150|1:10000001:522|1:10000002:154|1:10000003:14 | P28: 1:12:550#1:12:5200#1:12:10400|1:13:6#1:11:200|1:10000001:696|1:10000002:208|1:10000003:18 | Q28: 66|1010101:1020101:1040101:2010101:2030101:2080101:3010101:3020101:3080101:4010101:4020101:4030101:5010101:5020101:5060101|1|100#21|1050101:1080101:1090101:2020101:2070101:2090101:3040101:3060101:3090101:4050101:4070101:4090101:5040101:5050101:5090101|1|100#3|1030101:1070101:2040101:2060101:3050101:3070101:4040101:4060101:5030101:5070101|1|100 | R28: 96|1010101:1020101:1040101:2010101:2030101:2080101:3010101:3020101:3080101:4010101:4020101:4030101:5010101:5020101:5060101|1|100#32|1050101:1080101:1090101:2020101:2070101:2090101:3040101:3060101:3090101:4050101:4070101:4090101:5040101:5050101:5090101|1|100#4|1030101:1070101:2040101:2060101:3050101:3070101:4040101:4060101:5030101:5070101|1|100 | S28: 162|1010101:1020101:1040101:2010101:2030101:2080101:3010101:3020101:3080101:4010101:4020101:4030101:5010101:5020101:5060101|1|100#54|1050101:1080101:1090101:2020101:2070101:2090101:3040101:3060101:3090101:4050101:4070101:4090101:5040101:5050101:5090101|1|100#8|1030101:1070101:2040101:2060101:3050101:3070101:4040101:4060101:5030101:5070101|1|100 | T28: 0 | U28: 3 | V28: 1:13|2:4|3:1 | W28: 1:2:3:4:5 | X28: 1:12:44 | Y28: MapBingXue | Z28: 4 | AA28: =AA20+2 -> 6 | AB28: =F28+AA28+Z28 -> 35 | AC28: =AB28+15 -> 50 | AD28: 250 | AE28: =AE20+1 -> 18 | AF28: =AF27 -> 15000 | AG28: =AG27 -> 28000 | AH28: =出怪成长!C26 -> 15 | AI28: =出怪成长!D26 -> 6#30001#1|12#30002#1|15#30001,30004#1 | AJ28: =出怪数量!Z27 -> 1:2:1|1:5:1|2:10:1|2:5:1#2:5:1#3:5:2|3:5:2#2:5:1#3:5:2|3:6:2#2:6:1#3:6:2|4:7:2#2:7:1#3:7:2|4:9:2#2:9:1#3:9:2|1:12:1#2:12:1#3:12:2|2:21:1#2:14:1#3:21:2 | AK28: 1:10005,10002|2:10008|3:10005,10006,10007 | AL28: 1#1#0.6|4#2#0.8|5#3#0.9 | AM28: =每波成长!G29 -> 39#11#8 | AN28: 1#1:500|2#2:500 | AO28: 0 | AP28: 200#40001:2;40002:1|500#40002:3 | AQ28: 2 | AR28: 25 | AS28: 0 | AT28: 0 | AU28: -584:203 | AV28: 1+1+1+1+1+15+3+9|1+1+1+1+1+9+3+8|1+1+1+1+1+4+9|51 | AW28: 0 | AX28: 3 | AY28: 700:12:30|100:11:2|70:1:1|9:4:1 | AZ28: 我们找到奇迹之门并发现了秘境 | BA28: 我们找到一个传送门,穿过传送门，我们发现一个神奇的秘境 | BB28: 0 | BC28: 11 | BD28: 110 | BE28: 0 | BF28: 5102+26.4 | BG28: 0 | BH28: 3 | BI28: MapDead | BJ28: MapDead | BL28: 19 | BM28: 5102 | BN28: 5004 | BO28: 0
A29: 36 | B29: 0 | C29: 贪婪之祸26 | D29: img_shenyuan2 | E29: =A30 -> 37 | F29: 26 | G29: =F29+20 -> 46 | H29: 33 | I29: 33 | J29: 33 | K29: 2990 | L29: 5980 | M29: 8970 | N29: 1:12:220#1:12:220#1:12:5400|1:13:6#1:11:100|1:10000001:360|1:10000002:108|1:10000003:14 | O29: 1:12:330#1:12:4050#1:12:8100|1:13:6#1:11:150|1:10000001:540|1:10000002:162|1:10000003:14 | P29: 1:12:550#1:12:5400#1:12:10800|1:13:6#1:11:200|1:10000001:720|1:10000002:216|1:10000003:18 | Q29: 66|1010101:1020101:1040101:2010101:2030101:2080101:3010101:3020101:3080101:4010101:4020101:4030101:5010101:5020101:5060101|1|100#21|1050101:1080101:1090101:2020101:2070101:2090101:3040101:3060101:3090101:4050101:4070101:4090101:5040101:5050101:5090101|1|100#3|1030101:1070101:2040101:2060101:3050101:3070101:4040101:4060101:5030101:5070101|1|100 | R29: 96|1010101:1020101:1040101:2010101:2030101:2080101:3010101:3020101:3080101:4010101:4020101:4030101:5010101:5020101:5060101|1|100#32|1050101:1080101:1090101:2020101:2070101:2090101:3040101:3060101:3090101:4050101:4070101:4090101:5040101:5050101:5090101|1|100#4|1030101:1070101:2040101:2060101:3050101:3070101:4040101:4060101:5030101:5070101|1|100 | S29: 162|1010101:1020101:1040101:2010101:2030101:2080101:3010101:3020101:3080101:4010101:4020101:4030101:5010101:5020101:5060101|1|100#54|1050101:1080101:1090101:2020101:2070101:2090101:3040101:3060101:3090101:4050101:4070101:4090101:5040101:5050101:5090101|1|100#8|1030101:1070101:2040101:2060101:3050101:3070101:4040101:4060101:5030101:5070101|1|100 | T29: 0 | U29: 3 | V29: 1:13|2:4|3:1 | W29: 1:2:3:4:5 | X29: 1:12:44 | Y29: MapBingXue | Z29: 4 | AA29: =AA21+2 -> 5 | AB29: =F29+AA29+Z29 -> 35 | AC29: =AB29+15 -> 50 | AD29: 250 | AE29: =AE21+1 -> 18 | AF29: =AF28 -> 15000 | AG29: =AG28 -> 28000 | AH29: =出怪成长!C27 -> 15 | AI29: =出怪成长!D27 -> 6#30001#1|12#30002#1|15#30001,30004#1 | AJ29: =出怪数量!Z28 -> 1:2:1|1:5:1|2:10:1|2:5:1#2:5:1#3:5:2|3:5:2#2:5:1#3:5:2|3:6:2#2:6:1#3:6:2|4:7:2#2:7:1#3:7:2|4:9:2#2:9:1#3:9:2|1:12:1#2:12:1#3:12:2|2:21:1#2:14:1#3:21:2 | AK29: 1:10005,10002|2:10008|3:10005,10006,10007 | AL29: 1#1#0.6|4#2#0.8|5#3#0.9 | AM29: =每波成长!G30 -> 37#10#7 | AN29: 1#1:500|2#2:500 | AO29: 0 | AP29: 200#40001:2;40002:1|500#40002:3 | AQ29: 2 | AR29: 26 | AS29: 0 | AT29: 0 | AU29: -86:165 | AV29: 1+1+1+1+1+5+3+9|1+1+1+1+1+20+3+9|1+1+1+1+1+9+4|54 | AW29: 0 | AX29: 3 | AY29: 700:12:30|100:11:2|70:1:1|9:4:1 | AZ29: 我们找到奇迹之门并发现了秘境 | BA29: 路遇糖果世界小兵被攻击，救援他们 | BB29: 0 | BC29: 12 | BD29: 120 | BE29: 1005+9 | BF29: 5103+24 | BG29: 0 | BH29: 3 | BI29: =BI28 -> MapDead | BJ29: =BJ28 -> MapDead | BL29: 20 | BM29: 5103 | BN29: 5004 | BO29: 0 | BR29: |3:103:1
A30: 37 | B30: 0 | C30: 贪婪之祸27 | D30: img_shenyuan3 | E30: =A31 -> 38 | F30: 27 | G30: =F30+20 -> 47 | H30: 33 | I30: 33 | J30: 33 | K30: 3200 | L30: 6400 | M30: 9600 | N30: 1:12:230#1:12:230#1:12:5600|1:13:6#1:11:100|1:10000001:372|1:10000002:111|1:10000003:14 | O30: 1:12:345#1:12:4200#1:12:8400|1:13:6#1:11:150|1:10000001:558|1:10000002:165|1:10000003:15 | P30: 1:12:575#1:12:5600#1:12:11200|1:13:6#1:11:200|1:10000001:744|1:10000002:223|1:10000003:19 | Q30: 66|1010101:1020101:1040101:2010101:2030101:2080101:3010101:3020101:3080101:4010101:4020101:4030101:5010101:5020101:5060101|1|100#21|1050101:1080101:1090101:2020101:2070101:2090101:3040101:3060101:3090101:4050101:4070101:4090101:5040101:5050101:5090101|1|100#3|1030101:1070101:2040101:2060101:3050101:3070101:4040101:4060101:5030101:5070101|1|100 | R30: 96|1010101:1020101:1040101:2010101:2030101:2080101:3010101:3020101:3080101:4010101:4020101:4030101:5010101:5020101:5060101|1|100#32|1050101:1080101:1090101:2020101:2070101:2090101:3040101:3060101:3090101:4050101:4070101:4090101:5040101:5050101:5090101|1|100#4|1030101:1070101:2040101:2060101:3050101:3070101:4040101:4060101:5030101:5070101|1|100 | S30: 162|1010101:1020101:1040101:2010101:2030101:2080101:3010101:3020101:3080101:4010101:4020101:4030101:5010101:5020101:5060101|1|100#54|1050101:1080101:1090101:2020101:2070101:2090101:3040101:3060101:3090101:4050101:4070101:4090101:5040101:5050101:5090101|1|100#8|1030101:1070101:2040101:2060101:3050101:3070101:4040101:4060101:5030101:5070101|1|100 | T30: 0 | U30: 3 | V30: 1:13|2:4|3:1 | W30: 1:2:3:4:5 | X30: 1:12:46 | Y30: MapBingXue | Z30: 4 | AA30: =AA22+2 -> 6 | AB30: =F30+AA30+Z30 -> 37 | AC30: =AB30+15 -> 52 | AD30: 250 | AE30: =AE22+1 -> 18 | AF30: =AF29 -> 15000 | AG30: =AG29 -> 28000 | AH30: =出怪成长!C28 -> 15 | AI30: =出怪成长!D28 -> 6#30001#1|12#30002#1|15#30001,30004#1 | AJ30: =出怪数量!Z29 -> 1:2:1|1:5:1|2:10:1|2:5:1#2:5:1#3:5:2|3:5:2#2:5:1#3:5:2|3:6:2#2:6:1#3:6:2|4:7:2#2:7:1#3:7:2|4:9:2#2:9:1#3:9:2|1:12:1#2:12:1#3:12:2|2:21:1#2:14:1#3:21:2 | AK30: 1:10005,10002|2:10008|3:10005,10006,10007 | AL30: 1#1#0.6|4#2#0.8|5#3#0.9 | AM30: =每波成长!G31 -> 39#11#8 | AN30: 1#1:500|2#2:500 | AO30: 0 | AP30: 200#40001:2;40002:1|500#40002:3 | AQ30: 2 | AR30: 27 | AS30: 0 | AT30: 0 | AU30: -247:0 | AV30: 1+1+1+1+1+22+3+9|1+1+1+1+1+4+19+9|1+1+1+1+1+8+4+9|55 | AW30: 0 | AX30: 3 | AY30: 700:12:30|100:11:2|70:1:1|9:4:1 | AZ30: 我们找到奇迹之门并发现了秘境 | BA30: 解救糖果世界的公主 | BB30: 0 | BC30: 13 | BD30: 130 | BE30: 9002+13 | BF30: 5104+19.5 | BG30: 0 | BH30: 3 | BI30: =BI29 -> MapDead | BJ30: =BJ29 -> MapDead | BL30: 21 | BM30: 5104 | BN30: 5004 | BO30: 0
A31: 38 | B31: 0 | C31: 贪婪之祸28 | D31: img_shenyuan4 | E31: =A32 -> 39 | F31: 28 | G31: =F31+20 -> 48 | H31: 33 | I31: 33 | J31: 33 | K31: 3450 | L31: 6900 | M31: 10350 | N31: 1:12:230#1:12:230#1:12:5800|1:13:6#1:11:100|1:10000001:384|1:10000002:115|1:10000003:15 | O31: 1:12:345#1:12:4350#1:12:8700|1:13:6#1:11:150|1:10000001:576|1:10000002:172|1:10000003:15 | P31: 1:12:575#1:12:5800#1:12:11600|1:13:6#1:11:200|1:10000001:768|1:10000002:230|1:10000003:19 | Q31: 66|1010101:1020101:1040101:2010101:2030101:2080101:3010101:3020101:3080101:4010101:4020101:4030101:5010101:5020101:5060101|1|100#21|1050101:1080101:1090101:2020101:2070101:2090101:3040101:3060101:3090101:4050101:4070101:4090101:5040101:5050101:5090101|1|100#3|1030101:1070101:2040101:2060101:3050101:3070101:4040101:4060101:5030101:5070101|1|100 | R31: 96|1010101:1020101:1040101:2010101:2030101:2080101:3010101:3020101:3080101:4010101:4020101:4030101:5010101:5020101:5060101|1|100#32|1050101:1080101:1090101:2020101:2070101:2090101:3040101:3060101:3090101:4050101:4070101:4090101:5040101:5050101:5090101|1|100#4|1030101:1070101:2040101:2060101:3050101:3070101:4040101:4060101:5030101:5070101|1|100 | S31: 162|1010101:1020101:1040101:2010101:2030101:2080101:3010101:3020101:3080101:4010101:4020101:4030101:5010101:5020101:5060101|1|100#54|1050101:1080101:1090101:2020101:2070101:2090101:3040101:3060101:3090101:4050101:4070101:4090101:5040101:5050101:5090101|1|100#8|1030101:1070101:2040101:2060101:3050101:3070101:4040101:4060101:5030101:5070101|1|100 | T31: 0 | U31: 3 | V31: 1:13|2:4|3:1 | W31: 1:2:3:4:5 | X31: 1:12:46 | Y31: MapBingXue | Z31: 4 | AA31: =AA23+2 -> 7 | AB31: =F31+AA31+Z31 -> 39 | AC31: =AB31+15 -> 54 | AD31: 250 | AE31: =AE23+1 -> 18 | AF31: =AF30 -> 15000 | AG31: =AG30 -> 28000 | AH31: =出怪成长!C29 -> 15 | AI31: =出怪成长!D29 -> 6#30001#1|12#30002#1|15#30001,30004#1 | AJ31: =出怪数量!Z30 -> 1:2:1|1:5:1|2:10:1|2:5:1#2:5:1#3:5:2|3:5:2#2:5:1#3:5:2|3:6:2#2:6:1#3:6:2|4:7:2#2:7:1#3:7:2|4:9:2#2:9:1#3:9:2|1:12:1#2:12:1#3:12:2|2:21:1#2:14:1#3:21:2 | AK31: 1:10005,10002|2:10008|3:10005,10006,10007 | AL31: 1#1#0.6|4#2#0.8|5#3#0.9 | AM31: =每波成长!G32 -> 40#12#9 | AN31: 1#1:500|2#2:500 | AO31: 0 | AP31: 200#40001:2;40002:1|500#40002:3 | AQ31: 2 | AR31: 28 | AS31: 0 | AT31: 0 | AU31: -333:-262 | AV31: 1+1+1+1+1+15+3+9|1+1+1+1+1+22+3+19|1+1+1+1+1+4+9|53 | AW31: 0 | AX31: 3 | AY31: 700:12:30|100:11:2|70:1:1|9:4:1 | AZ31: 我们找到奇迹之门并发现了秘境 | BA31: 被地狱族围攻糖果城堡 | BB31: 0 | BC31: 14 | BD31: 140 | BE31: 9001+14 | BF31: 5105+16.8 | BG31: 0 | BH31: 3 | BI31: =BI30 -> MapDead | BJ31: =BJ30 -> MapDead | BL31: 22 | BM31: 5105 | BN31: 5004 | BO31: 0 | BR31: |3:904:1
A32: 39 | B32: 0 | C32: 贪婪之祸29 | D32: img_shenyuan1 | E32: =A33 -> 40 | F32: 29 | G32: =F32+20 -> 49 | H32: 38 | I32: 38 | J32: 38 | K32: 3720 | L32: 7440 | M32: 11160 | N32: 1:12:240#1:12:240#1:12:6000|1:13:6#1:11:100|1:10000001:396|1:10000002:118|1:10000003:15 | O32: 1:12:360#1:12:4500#1:12:9000|1:13:6#1:11:150|1:10000001:594|1:10000002:176|1:10000003:15 | P32: 1:12:600#1:12:6000#1:12:12000|1:13:6#1:11:200|1:10000001:792|1:10000002:237|1:10000003:19 | Q32: 66|1010101:1020101:1040101:2010101:2030101:2080101:3010101:3020101:3080101:4010101:4020101:4030101:5010101:5020101:5060101|1|100#21|1050101:1080101:1090101:2020101:2070101:2090101:3040101:3060101:3090101:4050101:4070101:4090101:5040101:5050101:5090101|1|100#3|1030101:1070101:2040101:2060101:3050101:3070101:4040101:4060101:5030101:5070101|1|100 | R32: 96|1010101:1020101:1040101:2010101:2030101:2080101:3010101:3020101:3080101:4010101:4020101:4030101:5010101:5020101:5060101|1|100#32|1050101:1080101:1090101:2020101:2070101:2090101:3040101:3060101:3090101:4050101:4070101:4090101:5040101:5050101:5090101|1|100#4|1030101:1070101:2040101:2060101:3050101:3070101:4040101:4060101:5030101:5070101|1|100 | S32: 162|1010101:1020101:1040101:2010101:2030101:2080101:3010101:3020101:3080101:4010101:4020101:4030101:5010101:5020101:5060101|1|100#54|1050101:1080101:1090101:2020101:2070101:2090101:3040101:3060101:3090101:4050101:4070101:4090101:5040101:5050101:5090101|1|100#8|1030101:1070101:2040101:2060101:3050101:3070101:4040101:4060101:5030101:5070101|1|100 | T32: 0 | U32: 3 | V32: 1:14|2:4|3:1 | W32: 1:2:3:4:5 | X32: 1:12:48 | Y32: MapBingXue | Z32: 4 | AA32: =AA24+2 -> 5 | AB32: =F32+AA32+Z32 -> 38 | AC32: =AB32+15 -> 53 | AD32: 250 | AE32: =AE24+1 -> 18 | AF32: =AF31 -> 15000 | AG32: =AG31 -> 28000 | AH32: =出怪成长!C30 -> 15 | AI32: =出怪成长!D30 -> 6#30001#1|12#30002#1|15#30001,30004#1 | AJ32: =出怪数量!Z31 -> 1:3:1|1:6:1|2:11:1|2:6:1#2:6:1#3:6:1|3:5:1#2:5:1#3:5:1|3:6:1#2:6:1#3:6:1|4:7:1#2:7:1#3:7:1|4:9:1#2:9:1#3:9:1|1:12:1#2:12:1#3:12:1|2:21:1#2:14:1#3:21:1 | AK32: 1:10005,10002|2:10008|3:10005,10006,10007 | AL32: 1#1#0.6|4#2#0.8|5#3#0.9 | AM32: =每波成长!G33 -> 37#10#7 | AN32: 1#1:500|2#2:500 | AO32: 0 | AP32: 200#40001:2;40002:1|500#40002:3 | AQ32: 2 | AR32: 29 | AS32: 0 | AT32: 0 | AU32: 76:-279 | AV32: 1+1+1+1+1+3+9|1+1+1+1+1+15+3+8|1+1+1+1+1+4+19|51 | AW32: 0 | AX32: 3 | AY32: 700:12:30|100:11:2|70:1:1|9:4:1 | AZ32: 我们找到奇迹之门并发现了秘境 | BA32: 寻找糖果公主的父母 | BB32: 0 | BC32: 15 | BD32: 150 | BE32: 0 | BF32: 5106+13.8 | BG32: 0 | BH32: 3 | BI32: =BI31 -> MapDead | BJ32: =BJ31 -> MapDead | BL32: 23 | BM32: 5106 | BN32: 5005 | BO32: 0
A33: 40 | B33: 0 | C33: 贪婪之祸30 | D33: img_shenyuan2 | E33: =A34 -> 41 | F33: 30 | G33: =F33+20 -> 50 | H33: 38 | I33: 38 | J33: 38 | K33: 4000 | L33: 8000 | M33: 12000 | N33: 1:12:240#1:12:240#1:12:6200|1:13:6#1:11:100|1:10000001:408|1:10000002:122|1:10000003:16 | O33: 1:12:360#1:12:4650#1:12:9300|1:13:6#1:11:150|1:10000001:612|1:10000002:183|1:10000003:16 | P33: 1:12:600#1:12:6200#1:12:12400|1:13:6#1:11:200|1:10000001:816|1:10000002:244|1:10000003:20 | Q33: 66|1010101:1020101:1040101:2010101:2030101:2080101:3010101:3020101:3080101:4010101:4020101:4030101:5010101:5020101:5060101|1|100#21|1050101:1080101:1090101:2020101:2070101:2090101:3040101:3060101:3090101:4050101:4070101:4090101:5040101:5050101:5090101|1|100#3|1030101:1070101:2040101:2060101:3050101:3070101:4040101:4060101:5030101:5070101|1|100 | R33: 96|1010101:1020101:1040101:2010101:2030101:2080101:3010101:3020101:3080101:4010101:4020101:4030101:5010101:5020101:5060101|1|100#32|1050101:1080101:1090101:2020101:2070101:2090101:3040101:3060101:3090101:4050101:4070101:4090101:5040101:5050101:5090101|1|100#4|1030101:1070101:2040101:2060101:3050101:3070101:4040101:4060101:5030101:5070101|1|100 | S33: 162|1010101:1020101:1040101:2010101:2030101:2080101:3010101:3020101:3080101:4010101:4020101:4030101:5010101:5020101:5060101|1|100#54|1050101:1080101:1090101:2020101:2070101:2090101:3040101:3060101:3090101:4050101:4070101:4090101:5040101:5050101:5090101|1|100#8|1030101:1070101:2040101:2060101:3050101:3070101:4040101:4060101:5030101:5070101|1|100 | T33: 0 | U33: 3 | V33: 1:14|2:4|3:1 | W33: 1:2:3:4:5 | X33: 1:12:48 | Y33: MapBingXue | Z33: 4 | AA33: =AA25+2 -> 6 | AB33: =F33+AA33+Z33 -> 40 | AC33: =AB33+15 -> 55 | AD33: 250 | AE33: =AE25+1 -> 18 | AF33: =AF32 -> 15000 | AG33: =AG32 -> 28000 | AH33: =出怪成长!C31 -> 15 | AI33: =出怪成长!D31 -> 6#30001#1|12#30002#1|15#30001,30004#1 | AJ33: =出怪数量!Z32 -> 1:3:1|1:6:1|2:11:1|2:6:1#2:6:1#3:6:2|3:5:2#2:5:1#3:5:2|3:6:2#2:6:1#3:6:2|4:7:2#2:7:1#3:7:2|4:9:2#2:9:1#3:9:2|1:12:1#2:12:1#3:12:2|2:21:1#2:14:1#3:21:2 | AK33: 1:10005,10002|2:10008|3:10005,10006,10007 | AL33: 1#1#0.6|4#2#0.8|5#3#0.9 | AM33: =每波成长!G34 -> 39#11#8 | AN33: 1#1:500|2#2:500 | AO33: 0 | AP33: 200#40001:2;40002:1|500#40002:3 | AQ33: 2 | AR33: 30 | AS33: 0 | AT33: 0 | AU33: 450:-179 | AV33: 1+1+1+1+1+3+9|1+1+1+1+1+19+5|1+1+1+1+1+20+4+9|51 | AW33: 0 | AX33: 3 | AY33: 700:12:30|100:11:2|70:1:1|9:4:1 | AZ33: 我们找到奇迹之门并发现了秘境 | BA33: 解救糖果公主的父母。 | BB33: 0 | BC33: 16 | BD33: 160 | BE33: 0 | BF33: 5107+13.7 | BG33: 0 | BH33: 3 | BI33: =BI32 -> MapDead | BJ33: =BJ32 -> MapDead | BL33: 24 | BM33: 5107 | BN33: 5005 | BO33: 0 | BR33: |3:907:1
A34: 41 | B34: 0 | C34: 贪婪之祸31 | D34: img_shenyuan3 | E34: =A35 -> 42 | F34: 31 | G34: =F34+20 -> 51 | H34: 38 | I34: 38 | J34: 38 | K34: 4260 | L34: 8520 | M34: 12780 | N34: 1:12:250#1:12:250#1:12:6400|1:13:6#1:11:100|1:10000001:420|1:10000002:126|1:10000003:16 | O34: 1:12:375#1:12:4800#1:12:9600|1:13:6#1:11:150|1:10000001:630|1:10000002:187|1:10000003:16 | P34: 1:12:625#1:12:6400#1:12:12800|1:13:6#1:11:200|1:10000001:840|1:10000002:252|1:10000003:20 | Q34: 66|1010101:1020101:1040101:2010101:2030101:2080101:3010101:3020101:3080101:4010101:4020101:4030101:5010101:5020101:5060101|1|100#21|1050101:1080101:1090101:2020101:2070101:2090101:3040101:3060101:3090101:4050101:4070101:4090101:5040101:5050101:5090101|1|100#3|1030101:1070101:2040101:2060101:3050101:3070101:4040101:4060101:5030101:5070101|1|100 | R34: 96|1010101:1020101:1040101:2010101:2030101:2080101:3010101:3020101:3080101:4010101:4020101:4030101:5010101:5020101:5060101|1|100#32|1050101:1080101:1090101:2020101:2070101:2090101:3040101:3060101:3090101:4050101:4070101:4090101:5040101:5050101:5090101|1|100#4|1030101:1070101:2040101:2060101:3050101:3070101:4040101:4060101:5030101:5070101|1|100 | S34: 162|1010101:1020101:1040101:2010101:2030101:2080101:3010101:3020101:3080101:4010101:4020101:4030101:5010101:5020101:5060101|1|100#54|1050101:1080101:1090101:2020101:2070101:2090101:3040101:3060101:3090101:4050101:4070101:4090101:5040101:5050101:5090101|1|100#8|1030101:1070101:2040101:2060101:3050101:3070101:4040101:4060101:5030101:5070101|1|100 | T34: 0 | U34: 3 | V34: 1:14|2:5|3:1 | W34: 1:2:3:4:5 | X34: 1:12:50 | Y34: MapBingXue | Z34: 4 | AA34: =AA26+2 -> 7 | AB34: =F34+AA34+Z34 -> 42 | AC34: =AB34+15 -> 57 | AD34: 250 | AE34: =AE26+1 -> 18 | AF34: =AF33 -> 15000 | AG34: =AG33 -> 28000 | AH34: =出怪成长!C32 -> 15 | AI34: =出怪成长!D32 -> 6#30001#1|12#30002#1|15#30001,30004#1 | AJ34: =出怪数量!Z33 -> 1:3:1|1:6:1|2:11:1|2:6:1#2:6:1#3:6:2|3:5:2#2:5:1#3:5:2|3:6:2#2:6:1#3:6:2|4:7:2#2:7:1#3:7:2|4:9:2#2:9:1#3:9:2|1:12:1#2:12:1#3:12:2|2:21:1#2:14:1#3:21:2 | AK34: 1:10005,10002|2:10008|3:10005,10006,10007 | AL34: 1#1#0.6|4#2#0.8|5#3#0.9 | AM34: =每波成长!G35 -> 31#8#5 | AN34: 1#1:500|2#2:500 | AO34: 0 | AP34: 200#40001:2;40002:1|500#40002:3 | AQ34: 2 | AR34: 30 | AS34: 0 | AT34: 0 | AU34: 450:-179 | AV34: 1+1+1+1+1+3+9|1+1+1+1+1+19+5|1+1+1+1+1+20+4+9|51 | AW34: 0 | AX34: 3 | AY34: 700:12:30|100:11:2|70:1:1|9:4:1 | AZ34: 我们找到奇迹之门并发现了秘境 | BA34: 解救糖果公主的父母。 | BB34: 0 | BC34: 16 | BD34: 160 | BE34: 0 | BF34: 5107+13.7 | BG34: 0 | BH34: 3 | BI34: =BI33 -> MapDead | BJ34: =BJ33 -> MapDead
A35: 42 | B35: 0 | C35: 贪婪之祸32 | D35: img_shenyuan4 | E35: =A36 -> 43 | F35: 32 | G35: =F35+20 -> 52 | H35: 38 | I35: 38 | J35: 38 | K35: 4520 | L35: 9040 | M35: 13560 | N35: 1:12:250#1:12:250#1:12:6600|1:13:6#1:11:100|1:10000001:432|1:10000002:129|1:10000003:18 | O35: 1:12:375#1:12:4950#1:12:9900|1:13:6#1:11:150|1:10000001:648|1:10000002:194|1:10000003:16 | P35: 1:12:625#1:12:6600#1:12:13200|1:13:6#1:11:200|1:10000001:864|1:10000002:259|1:10000003:20 | Q35: 66|1010101:1020101:1040101:2010101:2030101:2080101:3010101:3020101:3080101:4010101:4020101:4030101:5010101:5020101:5060101|1|100#21|1050101:1080101:1090101:2020101:2070101:2090101:3040101:3060101:3090101:4050101:4070101:4090101:5040101:5050101:5090101|1|100#3|1030101:1070101:2040101:2060101:3050101:3070101:4040101:4060101:5030101:5070101|1|100 | R35: 96|1010101:1020101:1040101:2010101:2030101:2080101:3010101:3020101:3080101:4010101:4020101:4030101:5010101:5020101:5060101|1|100#32|1050101:1080101:1090101:2020101:2070101:2090101:3040101:3060101:3090101:4050101:4070101:4090101:5040101:5050101:5090101|1|100#4|1030101:1070101:2040101:2060101:3050101:3070101:4040101:4060101:5030101:5070101|1|100 | S35: 162|1010101:1020101:1040101:2010101:2030101:2080101:3010101:3020101:3080101:4010101:4020101:4030101:5010101:5020101:5060101|1|100#54|1050101:1080101:1090101:2020101:2070101:2090101:3040101:3060101:3090101:4050101:4070101:4090101:5040101:5050101:5090101|1|100#8|1030101:1070101:2040101:2060101:3050101:3070101:4040101:4060101:5030101:5070101|1|100 | T35: 0 | U35: 3 | V35: 1:14|2:5|3:1 | W35: 1:2:3:4:5 | X35: 1:12:50 | Y35: MapBingXue | Z35: 4 | AA35: =AA27+2 -> 8 | AB35: =F35+AA35+Z35 -> 44 | AC35: =AB35+15 -> 59 | AD35: 250 | AE35: =AE27+1 -> 18 | AF35: =AF34 -> 15000 | AG35: =AG34 -> 28000 | AH35: =出怪成长!C33 -> 15 | AI35: =出怪成长!D33 -> 6#30001#1|12#30002#1|15#30001,30004#1 | AJ35: =出怪数量!Z34 -> 1:3:1|1:6:1|2:11:1|2:6:1#2:6:1#3:6:1|3:5:1#2:5:1#3:5:1|3:6:1#2:6:1#3:6:1|4:7:2#2:7:1#3:7:1|4:9:2#2:9:1#3:9:1|1:12:1#2:12:1#3:12:1|2:21:1#2:14:1#3:21:1 | AK35: 1:10005,10002|2:10008|3:10005,10006,10007 | AL35: 1#1#0.6|4#2#0.8|5#3#0.9 | AM35: =每波成长!G36 -> 33#9#6 | AN35: 1#1:500|2#2:500 | AO35: 0 | AP35: 200#40001:2;40002:1|500#40002:3 | AQ35: 2 | AR35: 30 | AS35: 0 | AT35: 0 | AU35: 450:-179 | AV35: 1+1+1+1+1+3+9|1+1+1+1+1+19+5|1+1+1+1+1+20+4+9|51 | AW35: 0 | AX35: 3 | AY35: 700:12:30|100:11:2|70:1:1|9:4:1 | AZ35: 我们找到奇迹之门并发现了秘境 | BA35: 解救糖果公主的父母。 | BB35: 0 | BC35: 16 | BD35: 160 | BE35: 0 | BF35: 5107+13.7 | BG35: 0 | BH35: 3 | BI35: =BI34 -> MapDead | BJ35: =BJ34 -> MapDead
A36: 43 | B36: 0 | C36: 贪婪之祸33 | D36: img_shenyuan1 | E36: =A37 -> 44 | F36: 33 | G36: =F36+20 -> 53 | H36: 44 | I36: 44 | J36: 44 | K36: 4780 | L36: 9560 | M36: 14340 | N36: 1:12:260#1:12:260#1:12:6800|1:13:6#1:11:100|1:10000001:444|1:10000002:133|1:10000003:18 | O36: 1:12:390#1:12:5100#1:12:10200|1:13:6#1:11:150|1:10000001:666|1:10000002:198|1:10000003:18 | P36: 1:12:650#1:12:6800#1:12:13600|1:13:6#1:11:200|1:10000001:888|1:10000002:266|1:10000003:21 | Q36: 66|1010101:1020101:1040101:2010101:2030101:2080101:3010101:3020101:3080101:4010101:4020101:4030101:5010101:5020101:5060101|1|100#21|1050101:1080101:1090101:2020101:2070101:2090101:3040101:3060101:3090101:4050101:4070101:4090101:5040101:5050101:5090101|1|100#3|1030101:1070101:2040101:2060101:3050101:3070101:4040101:4060101:5030101:5070101|1|100 | R36: 96|1010101:1020101:1040101:2010101:2030101:2080101:3010101:3020101:3080101:4010101:4020101:4030101:5010101:5020101:5060101|1|100#32|1050101:1080101:1090101:2020101:2070101:2090101:3040101:3060101:3090101:4050101:4070101:4090101:5040101:5050101:5090101|1|100#4|1030101:1070101:2040101:2060101:3050101:3070101:4040101:4060101:5030101:5070101|1|100 | S36: 162|1010101:1020101:1040101:2010101:2030101:2080101:3010101:3020101:3080101:4010101:4020101:4030101:5010101:5020101:5060101|1|100#54|1050101:1080101:1090101:2020101:2070101:2090101:3040101:3060101:3090101:4050101:4070101:4090101:5040101:5050101:5090101|1|100#8|1030101:1070101:2040101:2060101:3050101:3070101:4040101:4060101:5030101:5070101|1|100 | T36: 0 | U36: 3 | V36: 1:15|2:5|3:1 | W36: 1:2:3:4:5 | X36: 1:12:52 | Y36: MapBingXue | Z36: 4 | AA36: =AA28+2 -> 8 | AB36: =F36+AA36+Z36 -> 45 | AC36: =AB36+15 -> 60 | AD36: 250 | AE36: =AE28+1 -> 19 | AF36: =AF35 -> 15000 | AG36: =AG35 -> 28000 | AH36: =出怪成长!C34 -> 15 | AI36: =出怪成长!D34 -> 6#30001#1|12#30002#1|15#30001,30004#1 | AJ36: =出怪数量!Z35 -> 1:2:1|1:6:1|2:12:1|2:6:1#2:6:1#3:6:1|3:6:1#2:6:1#3:6:1|3:7:1#2:7:1#3:7:1|4:9:1#2:9:1#3:9:1|4:11:1#2:11:1#3:11:1|1:14:1#2:14:1#3:14:1|2:25:1#2:16:1#3:25:1 | AK36: 1:10005,10002|2:10008|3:10005,10006,10007 | AL36: 1#1#0.6|4#2#0.8|5#3#0.9 | AM36: =每波成长!G37 -> 34#9#6 | AN36: 1#1:500|2#2:500 | AO36: 0 | AP36: 200#40001:2;40002:1|500#40002:3 | AQ36: 2 | AR36: 30 | AS36: 0 | AT36: 0 | AU36: 450:-179 | AV36: 1+1+1+1+1+3+9|1+1+1+1+1+19+5|1+1+1+1+1+20+4+9|51 | AW36: 0 | AX36: 3 | AY36: 700:12:30|100:11:2|70:1:1|9:4:1 | AZ36: 我们找到奇迹之门并发现了秘境 | BA36: 解救糖果公主的父母。 | BB36: 0 | BC36: 16 | BD36: 160 | BE36: 0 | BF36: 5107+13.7 | BG36: 0 | BH36: 3 | BI36: =BI35 -> MapDead | BJ36: =BJ35 -> MapDead
A37: 44 | B37: 0 | C37: 贪婪之祸34 | D37: img_shenyuan2 | E37: =A38 -> 45 | F37: 34 | G37: =F37+20 -> 54 | H37: 44 | I37: 44 | J37: 44 | K37: 5040 | L37: 10080 | M37: 15120 | N37: 1:12:260#1:12:260#1:12:7000|1:13:6#1:11:100|1:10000001:456|1:10000002:136|1:10000003:19 | O37: 1:12:390#1:12:5250#1:12:10500|1:13:6#1:11:150|1:10000001:684|1:10000002:205|1:10000003:18 | P37: 1:12:650#1:12:7000#1:12:14000|1:13:6#1:11:200|1:10000001:912|1:10000002:273|1:10000003:21 | Q37: 66|1010101:1020101:1040101:2010101:2030101:2080101:3010101:3020101:3080101:4010101:4020101:4030101:5010101:5020101:5060101|1|100#21|1050101:1080101:1090101:2020101:2070101:2090101:3040101:3060101:3090101:4050101:4070101:4090101:5040101:5050101:5090101|1|100#3|1030101:1070101:2040101:2060101:3050101:3070101:4040101:4060101:5030101:5070101|1|100 | R37: 96|1010101:1020101:1040101:2010101:2030101:2080101:3010101:3020101:3080101:4010101:4020101:4030101:5010101:5020101:5060101|1|100#32|1050101:1080101:1090101:2020101:2070101:2090101:3040101:3060101:3090101:4050101:4070101:4090101:5040101:5050101:5090101|1|100#4|1030101:1070101:2040101:2060101:3050101:3070101:4040101:4060101:5030101:5070101|1|100 | S37: 162|1010101:1020101:1040101:2010101:2030101:2080101:3010101:3020101:3080101:4010101:4020101:4030101:5010101:5020101:5060101|1|100#54|1050101:1080101:1090101:2020101:2070101:2090101:3040101:3060101:3090101:4050101:4070101:4090101:5040101:5050101:5090101|1|100#8|1030101:1070101:2040101:2060101:3050101:3070101:4040101:4060101:5030101:5070101|1|100 | T37: 0 | U37: 3 | V37: 1:15|2:5|3:1 | W37: 1:2:3:4:5 | X37: 1:12:52 | Y37: MapBingXue | Z37: 4 | AA37: =AA29+2 -> 7 | AB37: =F37+AA37+Z37 -> 45 | AC37: =AB37+15 -> 60 | AD37: 250 | AE37: =AE29+1 -> 19 | AF37: =AF36 -> 15000 | AG37: =AG36 -> 28000 | AH37: =出怪成长!C35 -> 15 | AI37: =出怪成长!D35 -> 6#30001#1|12#30002#1|15#30001,30004#1 | AJ37: =出怪数量!Z36 -> 1:2:1|1:6:1|2:12:1|2:6:1#2:6:1#3:6:1|3:6:1#2:6:1#3:6:1|3:7:1#2:7:1#3:7:1|4:9:2#2:9:1#3:9:1|4:11:2#2:11:1#3:11:1|1:14:1#2:14:1#3:14:1|2:25:1#2:16:1#3:25:1 | AK37: 1:10005,10002|2:10008|3:10005,10006,10007 | AL37: 1#1#0.6|4#2#0.8|5#3#0.9 | AM37: =每波成长!G38 -> 36#10#7 | AN37: 1#1:500|2#2:500 | AO37: 0 | AP37: 200#40001:2;40002:1|500#40002:3 | AQ37: 2 | AR37: 30 | AS37: 0 | AT37: 0 | AU37: 450:-179 | AV37: 1+1+1+1+1+3+9|1+1+1+1+1+19+5|1+1+1+1+1+20+4+9|51 | AW37: 0 | AX37: 3 | AY37: 700:12:30|100:11:2|70:1:1|9:4:1 | AZ37: 我们找到奇迹之门并发现了秘境 | BA37: 解救糖果公主的父母。 | BB37: 0 | BC37: 16 | BD37: 160 | BE37: 0 | BF37: 5107+13.7 | BG37: 0 | BH37: 3 | BI37: =BI36 -> MapDead | BJ37: =BJ36 -> MapDead
A38: 45 | B38: 0 | C38: 贪婪之祸35 | D38: img_shenyuan3 | E38: =A39 -> 46 | F38: 35 | G38: =F38+20 -> 55 | H38: 44 | I38: 44 | J38: 44 | K38: 5300 | L38: 10600 | M38: 15900 | N38: 1:12:270#1:12:270#1:12:7200|1:13:6#1:11:100|1:10000001:468|1:10000002:140|1:10000003:19 | O38: 1:12:405#1:12:5400#1:12:10800|1:13:6#1:11:150|1:10000001:702|1:10000002:208|1:10000003:18 | P38: 1:12:675#1:12:7200#1:12:14400|1:13:6#1:11:200|1:10000001:936|1:10000002:280|1:10000003:21 | Q38: 66|1010101:1020101:1040101:2010101:2030101:2080101:3010101:3020101:3080101:4010101:4020101:4030101:5010101:5020101:5060101|1|100#21|1050101:1080101:1090101:2020101:2070101:2090101:3040101:3060101:3090101:4050101:4070101:4090101:5040101:5050101:5090101|1|100#3|1030101:1070101:2040101:2060101:3050101:3070101:4040101:4060101:5030101:5070101|1|100 | R38: 96|1010101:1020101:1040101:2010101:2030101:2080101:3010101:3020101:3080101:4010101:4020101:4030101:5010101:5020101:5060101|1|100#32|1050101:1080101:1090101:2020101:2070101:2090101:3040101:3060101:3090101:4050101:4070101:4090101:5040101:5050101:5090101|1|100#4|1030101:1070101:2040101:2060101:3050101:3070101:4040101:4060101:5030101:5070101|1|100 | S38: 162|1010101:1020101:1040101:2010101:2030101:2080101:3010101:3020101:3080101:4010101:4020101:4030101:5010101:5020101:5060101|1|100#54|1050101:1080101:1090101:2020101:2070101:2090101:3040101:3060101:3090101:4050101:4070101:4090101:5040101:5050101:5090101|1|100#8|1030101:1070101:2040101:2060101:3050101:3070101:4040101:4060101:5030101:5070101|1|100 | T38: 0 | U38: 3 | V38: 1:15|2:5|3:1 | W38: 1:2:3:4:5 | X38: 1:12:54 | Y38: MapBingXue | Z38: 4 | AA38: =AA30+2 -> 8 | AB38: =F38+AA38+Z38 -> 47 | AC38: =AB38+15 -> 62 | AD38: 250 | AE38: =AE30+1 -> 19 | AF38: =AF37 -> 15000 | AG38: =AG37 -> 28000 | AH38: =出怪成长!C36 -> 15 | AI38: =出怪成长!D36 -> 6#30001#1|12#30002#1|15#30001,30004#1 | AJ38: =出怪数量!Z37 -> 1:2:1|1:6:1|2:12:1|2:6:1#2:6:1#3:6:1|3:6:1#2:6:1#3:6:1|3:7:1#2:7:1#3:7:1|4:9:2#2:9:1#3:9:1|4:11:2#2:11:1#3:11:1|1:14:1#2:14:1#3:14:1|2:25:1#2:16:1#3:25:1 | AK38: 1:10005,10002|2:10008|3:10005,10006,10007 | AL38: 1#1#0.6|4#2#0.8|5#3#0.9 | AM38: =每波成长!G39 -> 37#10#7 | AN38: 1#1:500|2#2:500 | AO38: 0 | AP38: 200#40001:2;40002:1|500#40002:3 | AQ38: 2 | AR38: 30 | AS38: 0 | AT38: 0 | AU38: 450:-179 | AV38: 1+1+1+1+1+3+9|1+1+1+1+1+19+5|1+1+1+1+1+20+4+9|51 | AW38: 0 | AX38: 3 | AY38: 700:12:30|100:11:2|70:1:1|9:4:1 | AZ38: 我们找到奇迹之门并发现了秘境 | BA38: 解救糖果公主的父母。 | BB38: 0 | BC38: 16 | BD38: 160 | BE38: 0 | BF38: 5107+13.7 | BG38: 0 | BH38: 3 | BI38: =BI37 -> MapDead | BJ38: =BJ37 -> MapDead
A39: 46 | B39: 0 | C39: 贪婪之祸36 | D39: img_shenyuan4 | E39: =A40 -> 47 | F39: 36 | G39: =F39+20 -> 56 | H39: 44 | I39: 44 | J39: 44 | K39: 5560 | L39: 11120 | M39: 16680 | N39: 1:12:270#1:12:270#1:12:7400|1:13:6#1:11:100|1:10000001:480|1:10000002:144|1:10000003:20 | O39: 1:12:405#1:12:5550#1:12:11100|1:13:6#1:11:150|1:10000001:720|1:10000002:216|1:10000003:20 | P39: 1:12:675#1:12:7400#1:12:14800|1:13:6#1:11:200|1:10000001:960|1:10000002:288|1:10000003:25 | Q39: 66|1010101:1020101:1040101:2010101:2030101:2080101:3010101:3020101:3080101:4010101:4020101:4030101:5010101:5020101:5060101|1|100#21|1050101:1080101:1090101:2020101:2070101:2090101:3040101:3060101:3090101:4050101:4070101:4090101:5040101:5050101:5090101|1|100#3|1030101:1070101:2040101:2060101:3050101:3070101:4040101:4060101:5030101:5070101|1|100 | R39: 96|1010101:1020101:1040101:2010101:2030101:2080101:3010101:3020101:3080101:4010101:4020101:4030101:5010101:5020101:5060101|1|100#32|1050101:1080101:1090101:2020101:2070101:2090101:3040101:3060101:3090101:4050101:4070101:4090101:5040101:5050101:5090101|1|100#4|1030101:1070101:2040101:2060101:3050101:3070101:4040101:4060101:5030101:5070101|1|100 | S39: 162|1010101:1020101:1040101:2010101:2030101:2080101:3010101:3020101:3080101:4010101:4020101:4030101:5010101:5020101:5060101|1|100#54|1050101:1080101:1090101:2020101:2070101:2090101:3040101:3060101:3090101:4050101:4070101:4090101:5040101:5050101:5090101|1|100#8|1030101:1070101:2040101:2060101:3050101:3070101:4040101:4060101:5030101:5070101|1|100 | T39: 0 | U39: 3 | V39: 1:15|2:5|3:1 | W39: 1:2:3:4:5 | X39: 1:12:54 | Y39: MapBingXue | Z39: 4 | AA39: =AA31+2 -> 9 | AB39: =F39+AA39+Z39 -> 49 | AC39: =AB39+15 -> 64 | AD39: 250 | AE39: =AE31+1 -> 19 | AF39: =AF38 -> 15000 | AG39: =AG38 -> 28000 | AH39: =出怪成长!C37 -> 15 | AI39: =出怪成长!D37 -> 6#30001#1|12#30002#1|15#30001,30004#1 | AJ39: =出怪数量!Z38 -> 1:2:1|1:6:1|2:12:1|2:6:1#2:6:1#3:6:1|3:6:1#2:6:1#3:6:1|3:7:1#2:7:1#3:7:1|4:9:1#2:9:1#3:9:1|4:11:1#2:11:1#3:11:1|1:14:1#2:14:1#3:14:1|2:25:1#2:16:1#3:25:1 | AK39: 1:10005,10002|2:10008|3:10005,10006,10007 | AL39: 1#1#0.6|4#2#0.8|5#3#0.9 | AM39: =每波成长!G40 -> 39#11#8 | AN39: 1#1:500|2#2:500 | AO39: 0 | AP39: 200#40001:2;40002:1|500#40002:3 | AQ39: 2 | AR39: 30 | AS39: 0 | AT39: 0 | AU39: 450:-179 | AV39: 1+1+1+1+1+3+9|1+1+1+1+1+19+5|1+1+1+1+1+20+4+9|51 | AW39: 0 | AX39: 3 | AY39: 700:12:30|100:11:2|70:1:1|9:4:1 | AZ39: 我们找到奇迹之门并发现了秘境 | BA39: 解救糖果公主的父母。 | BB39: 0 | BC39: 16 | BD39: 160 | BE39: 0 | BF39: 5107+13.7 | BG39: 0 | BH39: 3 | BI39: =BI38 -> MapDead | BJ39: =BJ38 -> MapDead
A40: 47 | B40: 0 | C40: 贪婪之祸37 | D40: img_shenyuan1 | E40: =A41 -> 48 | F40: 37 | G40: =F40+20 -> 57 | H40: 50 | I40: 50 | J40: 50 | K40: 5820 | L40: 11640 | M40: 17460 | N40: 1:12:280#1:12:280#1:12:7600|1:13:6#1:11:100|1:10000001:492|1:10000002:147|1:10000003:20 | O40: 1:12:420#1:12:5700#1:12:11400|1:13:6#1:11:150|1:10000001:738|1:10000002:219|1:10000003:20 | P40: 1:12:700#1:12:7600#1:12:15200|1:13:6#1:11:200|1:10000001:984|1:10000002:295|1:10000003:25 | Q40: 66|1010101:1020101:1040101:2010101:2030101:2080101:3010101:3020101:3080101:4010101:4020101:4030101:5010101:5020101:5060101|1|100#21|1050101:1080101:1090101:2020101:2070101:2090101:3040101:3060101:3090101:4050101:4070101:4090101:5040101:5050101:5090101|1|100#3|1030101:1070101:2040101:2060101:3050101:3070101:4040101:4060101:5030101:5070101|1|100 | R40: 96|1010101:1020101:1040101:2010101:2030101:2080101:3010101:3020101:3080101:4010101:4020101:4030101:5010101:5020101:5060101|1|100#32|1050101:1080101:1090101:2020101:2070101:2090101:3040101:3060101:3090101:4050101:4070101:4090101:5040101:5050101:5090101|1|100#4|1030101:1070101:2040101:2060101:3050101:3070101:4040101:4060101:5030101:5070101|1|100 | S40: 162|1010101:1020101:1040101:2010101:2030101:2080101:3010101:3020101:3080101:4010101:4020101:4030101:5010101:5020101:5060101|1|100#54|1050101:1080101:1090101:2020101:2070101:2090101:3040101:3060101:3090101:4050101:4070101:4090101:5040101:5050101:5090101|1|100#8|1030101:1070101:2040101:2060101:3050101:3070101:4040101:4060101:5030101:5070101|1|100 | T40: 0 | U40: 3 | V40: 1:16|2:5|3:1 | W40: 1:2:3:4:5 | X40: 1:12:56 | Y40: MapBingXue | Z40: 4 | AA40: =AA32+2 -> 7 | AB40: =F40+AA40+Z40 -> 48 | AC40: =AB40+15 -> 63 | AD40: 250 | AE40: =AE32+1 -> 19 | AF40: =AF39 -> 15000 | AG40: =AG39 -> 28000 | AH40: =出怪成长!C38 -> 15 | AI40: =出怪成长!D38 -> 6#30001#1|12#30002#1|15#30001,30004#1 | AJ40: =出怪数量!Z39 -> 1:3:1|1:7:1|2:13:1|2:7:1#2:7:1#3:7:1|3:6:1#2:6:1#3:6:1|3:7:1#2:7:1#3:7:1|4:9:2#2:9:1#3:9:1|4:11:2#2:11:1#3:11:1|1:14:1#2:14:1#3:14:1|2:25:1#2:16:1#3:25:1 | AK40: 1:10005,10002|2:10008|3:10005,10006,10007 | AL40: 1#1#0.6|4#2#0.8|5#3#0.9 | AM40: =每波成长!G41 -> 40#12#9 | AN40: 1#1:500|2#2:500 | AO40: 0 | AP40: 200#40001:2;40002:1|500#40002:3 | AQ40: 2 | AR40: 30 | AS40: 0 | AT40: 0 | AU40: 450:-179 | AV40: 1+1+1+1+1+3+9|1+1+1+1+1+19+5|1+1+1+1+1+20+4+9|51 | AW40: 0 | AX40: 3 | AY40: 700:12:30|100:11:2|70:1:1|9:4:1 | AZ40: 我们找到奇迹之门并发现了秘境 | BA40: 解救糖果公主的父母。 | BB40: 0 | BC40: 16 | BD40: 160 | BE40: 0 | BF40: 5107+13.7 | BG40: 0 | BH40: 3 | BI40: =BI39 -> MapDead | BJ40: =BJ39 -> MapDead
A41: 48 | B41: 0 | C41: 贪婪之祸38 | D41: img_shenyuan2 | E41: =A42 -> 49 | F41: 38 | G41: =F41+20 -> 58 | H41: 50 | I41: 50 | J41: 50 | K41: 6080 | L41: 12160 | M41: 18240 | N41: 1:12:280#1:12:280#1:12:7800|1:13:6#1:11:100|1:10000001:504|1:10000002:151|1:10000003:21 | O41: 1:12:420#1:12:5850#1:12:11700|1:13:6#1:11:150|1:10000001:756|1:10000002:226|1:10000003:20 | P41: 1:12:700#1:12:7800#1:12:15600|1:13:6#1:11:200|1:10000001:1008|1:10000002:302|1:10000003:25 | Q41: 66|1010101:1020101:1040101:2010101:2030101:2080101:3010101:3020101:3080101:4010101:4020101:4030101:5010101:5020101:5060101|1|100#21|1050101:1080101:1090101:2020101:2070101:2090101:3040101:3060101:3090101:4050101:4070101:4090101:5040101:5050101:5090101|1|100#3|1030101:1070101:2040101:2060101:3050101:3070101:4040101:4060101:5030101:5070101|1|100 | R41: 96|1010101:1020101:1040101:2010101:2030101:2080101:3010101:3020101:3080101:4010101:4020101:4030101:5010101:5020101:5060101|1|100#32|1050101:1080101:1090101:2020101:2070101:2090101:3040101:3060101:3090101:4050101:4070101:4090101:5040101:5050101:5090101|1|100#4|1030101:1070101:2040101:2060101:3050101:3070101:4040101:4060101:5030101:5070101|1|100 | S41: 162|1010101:1020101:1040101:2010101:2030101:2080101:3010101:3020101:3080101:4010101:4020101:4030101:5010101:5020101:5060101|1|100#54|1050101:1080101:1090101:2020101:2070101:2090101:3040101:3060101:3090101:4050101:4070101:4090101:5040101:5050101:5090101|1|100#8|1030101:1070101:2040101:2060101:3050101:3070101:4040101:4060101:5030101:5070101|1|100 | T41: 0 | U41: 3 | V41: 1:16|2:5|3:1 | W41: 1:2:3:4:5 | X41: 1:12:56 | Y41: MapBingXue | Z41: 4 | AA41: =AA33+2 -> 8 | AB41: =F41+AA41+Z41 -> 50 | AC41: =AB41+15 -> 65 | AD41: 250 | AE41: =AE33+1 -> 19 | AF41: =AF40 -> 15000 | AG41: =AG40 -> 28000 | AH41: =出怪成长!C39 -> 15 | AI41: =出怪成长!D39 -> 6#30001#1|12#30002#1|15#30001,30004#1 | AJ41: =出怪数量!Z40 -> 1:3:1|1:7:1|2:13:1|2:7:1#2:7:1#3:7:1|3:6:1#2:6:1#3:6:1|3:7:1#2:7:1#3:7:1|4:9:2#2:9:1#3:9:1|4:11:2#2:11:1#3:11:1|1:14:1#2:14:1#3:14:1|2:25:1#2:16:1#3:25:1 | AK41: 1:10005,10002|2:10008|3:10005,10006,10007 | AL41: 1#1#0.6|4#2#0.8|5#3#0.9 | AM41: =每波成长!G42 -> 42#12#9 | AN41: 1#1:500|2#2:500 | AO41: 0 | AP41: 200#40001:2;40002:1|500#40002:3 | AQ41: 2 | AR41: 30 | AS41: 0 | AT41: 0 | AU41: 450:-179 | AV41: 1+1+1+1+1+3+9|1+1+1+1+1+19+5|1+1+1+1+1+20+4+9|51 | AW41: 0 | AX41: 3 | AY41: 700:12:30|100:11:2|70:1:1|9:4:1 | AZ41: 我们找到奇迹之门并发现了秘境 | BA41: 解救糖果公主的父母。 | BB41: 0 | BC41: 16 | BD41: 160 | BE41: 0 | BF41: 5107+13.7 | BG41: 0 | BH41: 3 | BI41: =BI40 -> MapDead | BJ41: =BJ40 -> MapDead
A42: 49 | B42: 0 | C42: 贪婪之祸39 | D42: img_shenyuan3 | E42: =A43 -> 50 | F42: 39 | G42: =F42+20 -> 59 | H42: 50 | I42: 50 | J42: 50 | K42: 6340 | L42: 12680 | M42: 19020 | N42: 1:12:290#1:12:290#1:12:8000|1:13:6#1:11:100|1:10000001:516|1:10000002:154|1:10000003:21 | O42: 1:12:435#1:12:6000#1:12:12000|1:13:6#1:11:150|1:10000001:774|1:10000002:230|1:10000003:21 | P42: 1:12:725#1:12:8000#1:12:16000|1:13:6#1:11:200|1:10000001:1032|1:10000002:309|1:10000003:26 | Q42: 66|1010101:1020101:1040101:2010101:2030101:2080101:3010101:3020101:3080101:4010101:4020101:4030101:5010101:5020101:5060101|1|100#21|1050101:1080101:1090101:2020101:2070101:2090101:3040101:3060101:3090101:4050101:4070101:4090101:5040101:5050101:5090101|1|100#3|1030101:1070101:2040101:2060101:3050101:3070101:4040101:4060101:5030101:5070101|1|100 | R42: 96|1010101:1020101:1040101:2010101:2030101:2080101:3010101:3020101:3080101:4010101:4020101:4030101:5010101:5020101:5060101|1|100#32|1050101:1080101:1090101:2020101:2070101:2090101:3040101:3060101:3090101:4050101:4070101:4090101:5040101:5050101:5090101|1|100#4|1030101:1070101:2040101:2060101:3050101:3070101:4040101:4060101:5030101:5070101|1|100 | S42: 162|1010101:1020101:1040101:2010101:2030101:2080101:3010101:3020101:3080101:4010101:4020101:4030101:5010101:5020101:5060101|1|100#54|1050101:1080101:1090101:2020101:2070101:2090101:3040101:3060101:3090101:4050101:4070101:4090101:5040101:5050101:5090101|1|100#8|1030101:1070101:2040101:2060101:3050101:3070101:4040101:4060101:5030101:5070101|1|100 | T42: 0 | U42: 3 | V42: 1:16|2:5|3:1 | W42: 1:2:3:4:5 | X42: 1:12:58 | Y42: MapBingXue | Z42: 4 | AA42: =AA34+2 -> 9 | AB42: =F42+AA42+Z42 -> 52 | AC42: =AB42+15 -> 67 | AD42: 250 | AE42: =AE34+1 -> 19 | AF42: =AF41 -> 15000 | AG42: =AG41 -> 28000 | AH42: =出怪成长!C40 -> 15 | AI42: =出怪成长!D40 -> 6#30001#1|12#30002#1|15#30001,30004#1 | AJ42: =出怪数量!Z41 -> 1:3:1|1:7:1|2:13:1|2:7:1#2:7:1#3:7:1|3:6:1#2:6:1#3:6:1|3:7:1#2:7:1#3:7:1|4:9:2#2:9:1#3:9:1|4:11:2#2:11:1#3:11:1|1:14:1#2:14:1#3:14:1|2:25:1#2:16:1#3:25:1 | AK42: 1:10005,10002|2:10008|3:10005,10006,10007 | AL42: 1#1#0.6|4#2#0.8|5#3#0.9 | AM42: =每波成长!G43 -> 43#13#10 | AN42: 1#1:500|2#2:500 | AO42: 0 | AP42: 200#40001:2;40002:1|500#40002:3 | AQ42: 2 | AR42: 30 | AS42: 0 | AT42: 0 | AU42: 450:-179 | AV42: 1+1+1+1+1+3+9|1+1+1+1+1+19+5|1+1+1+1+1+20+4+9|51 | AW42: 0 | AX42: 3 | AY42: 700:12:30|100:11:2|70:1:1|9:4:1 | AZ42: 我们找到奇迹之门并发现了秘境 | BA42: 解救糖果公主的父母。 | BB42: 0 | BC42: 16 | BD42: 160 | BE42: 0 | BF42: 5107+13.7 | BG42: 0 | BH42: 3 | BI42: =BI41 -> MapDead | BJ42: =BJ41 -> MapDead
A43: 50 | B43: 0 | C43: 贪婪之祸40 | D43: img_shenyuan4 | E43: =A44 -> 51 | F43: 40 | G43: =F43+20 -> 60 | H43: 50 | I43: 50 | J43: 50 | K43: 6600 | L43: 13200 | M43: 19800 | N43: 1:12:290#1:12:290#1:12:8200|1:13:6#1:11:100|1:10000001:528|1:10000002:158|1:10000003:22 | O43: 1:12:435#1:12:6150#1:12:12300|1:13:6#1:11:150|1:10000001:792|1:10000002:237|1:10000003:21 | P43: 1:12:725#1:12:8200#1:12:16400|1:13:6#1:11:200|1:10000001:1056|1:10000002:316|1:10000003:26 | Q43: 66|1010101:1020101:1040101:2010101:2030101:2080101:3010101:3020101:3080101:4010101:4020101:4030101:5010101:5020101:5060101|1|100#21|1050101:1080101:1090101:2020101:2070101:2090101:3040101:3060101:3090101:4050101:4070101:4090101:5040101:5050101:5090101|1|100#3|1030101:1070101:2040101:2060101:3050101:3070101:4040101:4060101:5030101:5070101|1|100 | R43: 96|1010101:1020101:1040101:2010101:2030101:2080101:3010101:3020101:3080101:4010101:4020101:4030101:5010101:5020101:5060101|1|100#32|1050101:1080101:1090101:2020101:2070101:2090101:3040101:3060101:3090101:4050101:4070101:4090101:5040101:5050101:5090101|1|100#4|1030101:1070101:2040101:2060101:3050101:3070101:4040101:4060101:5030101:5070101|1|100 | S43: 162|1010101:1020101:1040101:2010101:2030101:2080101:3010101:3020101:3080101:4010101:4020101:4030101:5010101:5020101:5060101|1|100#54|1050101:1080101:1090101:2020101:2070101:2090101:3040101:3060101:3090101:4050101:4070101:4090101:5040101:5050101:5090101|1|100#8|1030101:1070101:2040101:2060101:3050101:3070101:4040101:4060101:5030101:5070101|1|100 | T43: 0 | U43: 3 | V43: 1:16|2:5|3:1 | W43: 1:2:3:4:5 | X43: 1:12:58 | Y43: MapBingXue | Z43: 4 | AA43: =AA35+2 -> 10 | AB43: =F43+AA43+Z43 -> 54 | AC43: =AB43+15 -> 69 | AD43: 250 | AE43: =AE35+1 -> 19 | AF43: =AF42 -> 15000 | AG43: =AG42 -> 28000 | AH43: =出怪成长!C41 -> 15 | AI43: =出怪成长!D41 -> 6#30001#1|12#30002#1|15#30001,30004#1 | AJ43: =出怪数量!Z42 -> 1:3:1|1:7:1|2:13:1|2:7:1#2:7:1#3:7:1|3:6:1#2:6:1#3:6:1|3:7:1#2:7:1#3:7:1|4:9:2#2:9:1#3:9:1|4:11:2#2:11:1#3:11:1|1:14:1#2:14:1#3:14:1|2:25:1#2:16:1#3:25:1 | AK43: 1:10005,10002|2:10008|3:10005,10006,10007 | AL43: 1#1#0.6|4#2#0.8|5#3#0.9 | AM43: =每波成长!G44 -> 45#13#10 | AN43: 1#1:500|2#2:500 | AO43: 0 | AP43: 200#40001:2;40002:1|500#40002:3 | AQ43: 2 | AR43: 30 | AS43: 0 | AT43: 0 | AU43: 450:-179 | AV43: 1+1+1+1+1+3+9|1+1+1+1+1+19+5|1+1+1+1+1+20+4+9|51 | AW43: 0 | AX43: 3 | AY43: 700:12:30|100:11:2|70:1:1|9:4:1 | AZ43: 我们找到奇迹之门并发现了秘境 | BA43: 解救糖果公主的父母。 | BB43: 0 | BC43: 16 | BD43: 160 | BE43: 0 | BF43: 5107+13.7 | BG43: 0 | BH43: 3 | BI43: =BI42 -> MapDead | BJ43: =BJ42 -> MapDead
A44: 51 | B44: 0 | C44: 贪婪之祸41 | D44: img_shenyuan1 | E44: =A45 -> 52 | F44: 41 | G44: =F44+20 -> 61 | H44: 58 | I44: 58 | J44: 58 | K44: 6860 | L44: 13720 | M44: 20580 | N44: 1:12:300#1:12:300#1:12:8400|1:13:6#1:11:100|1:10000001:540|1:10000002:162|1:10000003:22 | O44: 1:12:450#1:12:6300#1:12:12600|1:13:6#1:11:150|1:10000001:810|1:10000002:241|1:10000003:21 | P44: 1:12:750#1:12:8400#1:12:16800|1:13:6#1:11:200|1:10000001:1080|1:10000002:324|1:10000003:26 | Q44: 66|1010101:1020101:1040101:2010101:2030101:2080101:3010101:3020101:3080101:4010101:4020101:4030101:5010101:5020101:5060101|1|100#21|1050101:1080101:1090101:2020101:2070101:2090101:3040101:3060101:3090101:4050101:4070101:4090101:5040101:5050101:5090101|1|100#3|1030101:1070101:2040101:2060101:3050101:3070101:4040101:4060101:5030101:5070101|1|100 | R44: 96|1010101:1020101:1040101:2010101:2030101:2080101:3010101:3020101:3080101:4010101:4020101:4030101:5010101:5020101:5060101|1|100#32|1050101:1080101:1090101:2020101:2070101:2090101:3040101:3060101:3090101:4050101:4070101:4090101:5040101:5050101:5090101|1|100#4|1030101:1070101:2040101:2060101:3050101:3070101:4040101:4060101:5030101:5070101|1|100 | S44: 162|1010101:1020101:1040101:2010101:2030101:2080101:3010101:3020101:3080101:4010101:4020101:4030101:5010101:5020101:5060101|1|100#54|1050101:1080101:1090101:2020101:2070101:2090101:3040101:3060101:3090101:4050101:4070101:4090101:5040101:5050101:5090101|1|100#8|1030101:1070101:2040101:2060101:3050101:3070101:4040101:4060101:5030101:5070101|1|100 | T44: 0 | U44: 3 | V44: 1:18|2:5|3:1 | W44: 1:2:3:4:5 | X44: 1:12:60 | Y44: MapBingXue | Z44: 4 | AA44: =AA36+2 -> 10 | AB44: =F44+AA44+Z44 -> 55 | AC44: =AB44+15 -> 70 | AD44: 250 | AE44: =AE36+1 -> 20 | AF44: =AF43 -> 15000 | AG44: =AG43 -> 28000 | AH44: =出怪成长!C42 -> 15 | AI44: =出怪成长!D42 -> 6#30001#1|12#30002#1|15#30001,30004#1 | AJ44: =出怪数量!Z43 -> 1:2:1|1:6:1|2:12:1|2:7:1#2:7:1#3:7:1|3:6:1#2:6:1#3:6:1|3:8:1#2:8:1#3:8:1|4:10:2#2:10:1#3:10:1|4:12:2#2:12:1#3:12:1|1:16:1#2:16:1#3:16:1|2:28:1#2:19:1#3:28:1 | AK44: 1:10005,10002|2:10008|3:10005,10006,10007 | AL44: 1#1#0.6|4#2#0.8|5#3#0.9 | AM44: =每波成长!G45 -> 46#14#11 | AN44: 1#1:500|2#2:500 | AO44: 0 | AP44: 200#40001:2;40002:1|500#40002:3 | AQ44: 2 | AR44: 30 | AS44: 0 | AT44: 0 | AU44: 450:-179 | AV44: 1+1+1+1+1+3+9|1+1+1+1+1+19+5|1+1+1+1+1+20+4+9|51 | AW44: 0 | AX44: 3 | AY44: 700:12:30|100:11:2|70:1:1|9:4:1 | AZ44: 我们找到奇迹之门并发现了秘境 | BA44: 解救糖果公主的父母。 | BB44: 0 | BC44: 16 | BD44: 160 | BE44: 0 | BF44: 5107+13.7 | BG44: 0 | BH44: 3 | BI44: =BI43 -> MapDead | BJ44: =BJ43 -> MapDead
A45: 52 | B45: 0 | C45: 贪婪之祸42 | D45: img_shenyuan2 | E45: =A46 -> 53 | F45: 42 | G45: =F45+20 -> 62 | H45: 58 | I45: 58 | J45: 58 | K45: 7120 | L45: 14240 | M45: 21360 | N45: 1:12:300#1:12:300#1:12:8600|1:13:6#1:11:100|1:10000001:552|1:10000002:165|1:10000003:24 | O45: 1:12:450#1:12:6450#1:12:12900|1:13:6#1:11:150|1:10000001:828|1:10000002:248|1:10000003:22 | P45: 1:12:750#1:12:8600#1:12:17200|1:13:6#1:11:200|1:10000001:1104|1:10000002:331|1:10000003:27 | Q45: 66|1010101:1020101:1040101:2010101:2030101:2080101:3010101:3020101:3080101:4010101:4020101:4030101:5010101:5020101:5060101|1|100#21|1050101:1080101:1090101:2020101:2070101:2090101:3040101:3060101:3090101:4050101:4070101:4090101:5040101:5050101:5090101|1|100#3|1030101:1070101:2040101:2060101:3050101:3070101:4040101:4060101:5030101:5070101|1|100 | R45: 96|1010101:1020101:1040101:2010101:2030101:2080101:3010101:3020101:3080101:4010101:4020101:4030101:5010101:5020101:5060101|1|100#32|1050101:1080101:1090101:2020101:2070101:2090101:3040101:3060101:3090101:4050101:4070101:4090101:5040101:5050101:5090101|1|100#4|1030101:1070101:2040101:2060101:3050101:3070101:4040101:4060101:5030101:5070101|1|100 | S45: 162|1010101:1020101:1040101:2010101:2030101:2080101:3010101:3020101:3080101:4010101:4020101:4030101:5010101:5020101:5060101|1|100#54|1050101:1080101:1090101:2020101:2070101:2090101:3040101:3060101:3090101:4050101:4070101:4090101:5040101:5050101:5090101|1|100#8|1030101:1070101:2040101:2060101:3050101:3070101:4040101:4060101:5030101:5070101|1|100 | T45: 0 | U45: 3 | V45: 1:18|2:5|3:1 | W45: 1:2:3:4:5 | X45: 1:12:60 | Y45: MapBingXue | Z45: 4 | AA45: =AA37+2 -> 9 | AB45: =F45+AA45+Z45 -> 55 | AC45: =AB45+15 -> 70 | AD45: 250 | AE45: =AE37+1 -> 20 | AF45: =AF44 -> 15000 | AG45: =AG44 -> 28000 | AH45: =出怪成长!C43 -> 15 | AI45: =出怪成长!D43 -> 6#30001#1|12#30002#1|15#30001,30004#1 | AJ45: =出怪数量!Z44 -> 1:2:1|1:6:1|2:12:1|2:7:1#2:7:1#3:7:1|3:6:1#2:6:1#3:6:1|3:8:1#2:8:1#3:8:1|4:10:2#2:10:1#3:10:1|4:12:2#2:12:1#3:12:1|1:16:1#2:16:1#3:16:1|2:28:1#2:19:1#3:28:1 | AK45: 1:10005,10002|2:10008|3:10005,10006,10007 | AL45: 1#1#0.6|4#2#0.8|5#3#0.9 | AM45: =每波成长!G46 -> 48#15#12 | AN45: 1#1:500|2#2:500 | AO45: 0 | AP45: 200#40001:2;40002:1|500#40002:3 | AQ45: 2 | AR45: 30 | AS45: 0 | AT45: 0 | AU45: 450:-179 | AV45: 1+1+1+1+1+3+9|1+1+1+1+1+19+5|1+1+1+1+1+20+4+9|51 | AW45: 0 | AX45: 3 | AY45: 700:12:30|100:11:2|70:1:1|9:4:1 | AZ45: 我们找到奇迹之门并发现了秘境 | BA45: 解救糖果公主的父母。 | BB45: 0 | BC45: 16 | BD45: 160 | BE45: 0 | BF45: 5107+13.7 | BG45: 0 | BH45: 3 | BI45: =BI44 -> MapDead | BJ45: =BJ44 -> MapDead
... A52: 59 | B52: 0 | C52: 贪婪之祸49 | D52: img_shenyuan1 | E52: =A53 -> 60 | F52: 49 | G52: =F52+20 -> 69 | H52: 66 | I52: 66 | J52: 66 | K52: 8940 | L52: 17880 | M52: 26820 | N52: 1:12:340#1:12:340#1:12:10000|1:13:6#1:11:100|1:10000001:636|1:10000002:190|1:10000003:27 | O52: 1:12:510#1:12:7500#1:12:15000|1:13:6#1:11:150|1:10000001:954|1:10000002:284|1:10000003:26 | P52: 1:12:850#1:12:10000#1:12:20000|1:13:6#1:11:200|1:10000001:1272|1:10000002:381|1:10000003:32 | Q52: 66|1010101:1020101:1040101:2010101:2030101:2080101:3010101:3020101:3080101:4010101:4020101:4030101:5010101:5020101:5060101|1|100#21|1050101:1080101:1090101:2020101:2070101:2090101:3040101:3060101:3090101:4050101:4070101:4090101:5040101:5050101:5090101|1|100#3|1030101:1070101:2040101:2060101:3050101:3070101:4040101:4060101:5030101:5070101|1|100 | R52: 96|1010101:1020101:1040101:2010101:2030101:2080101:3010101:3020101:3080101:4010101:4020101:4030101:5010101:5020101:5060101|1|100#32|1050101:1080101:1090101:2020101:2070101:2090101:3040101:3060101:3090101:4050101:4070101:4090101:5040101:5050101:5090101|1|100#4|1030101:1070101:2040101:2060101:3050101:3070101:4040101:4060101:5030101:5070101|1|100 | S52: 162|1010101:1020101:1040101:2010101:2030101:2080101:3010101:3020101:3080101:4010101:4020101:4030101:5010101:5020101:5060101|1|100#54|1050101:1080101:1090101:2020101:2070101:2090101:3040101:3060101:3090101:4050101:4070101:4090101:5040101:5050101:5090101|1|100#8|1030101:1070101:2040101:2060101:3050101:3070101:4040101:4060101:5030101:5070101|1|100 | T52: 0 | U52: 3 | V52: 1:20|2:7|3:1 | W52: 1:2:3:4:5 | X52: 1:12:68 | Y52: MapBingXue | Z52: 4 | AA52: =AA44+2 -> 12 | AB52: =F52+AA52+Z52 -> 65 | AC52: =AB52+15 -> 80 | AD52: 250 | AE52: =AE44+1 -> 21 | AF52: =AF51 -> 15000 | AG52: =AG51 -> 28000 | AH52: =出怪成长!C50 -> 15 | AI52: =出怪成长!D50 -> 6#30001#1|12#30002#1|15#30001,30004#1 | AJ52: =出怪数量!Z51 -> 1:2:1|1:3:1|2:10:1|2:6:1#2:6:1#3:6:1|3:6:1#2:6:1#3:6:1|3:9:1#2:9:1#3:9:1|4:11:1#2:11:1#3:11:1|4:13:1#2:13:1#3:13:1|1:18:1#2:18:1#3:18:1|2:32:1#2:21:1#3:32:1 | AK52: 1:10005,10002|2:10008|3:10005,10006,10007 | AL52: 1#1#0.6|4#2#0.8|5#3#0.9 | AM52: =每波成长!G53 -> 39#11#8 | AN52: 1#1:500|2#2:500 | AO52: 0 | AP52: 200#40001:2;40002:1|500#40002:3 | AQ52: 2 | AR52: 30 | AS52: 0 | AT52: 0 | AU52: 450:-179 | AV52: 1+1+1+1+1+3+9|1+1+1+1+1+19+5|1+1+1+1+1+20+4+9|51 | AW52: 0 | AX52: 3 | AY52: 700:12:30|100:11:2|70:1:1|9:4:1 | AZ52: 我们找到奇迹之门并发现了秘境 | BA52: 解救糖果公主的父母。 | BB52: 0 | BC52: 16 | BD52: 160 | BE52: 0 | BF52: 5107+13.7 | BG52: 0 | BH52: 3 | BI52: =BI51 -> MapDead | BJ52: =BJ51 -> MapDead
A53: 60 | B53: 0 | C53: 贪婪之祸50 | D53: img_shenyuan2 | E53: 0 | F53: 50 | G53: =F53+20 -> 70 | H53: 66 | I53: 66 | J53: 66 | K53: 9200 | L53: 18400 | M53: 27600 | N53: 1:12:340#1:12:340#1:12:10200|1:13:6#1:11:100|1:10000001:648|1:10000002:194|1:10000003:28 | O53: 1:12:510#1:12:7650#1:12:15300|1:13:6#1:11:150|1:10000001:972|1:10000002:291|1:10000003:26 | P53: 1:12:850#1:12:10200#1:12:20400|1:13:6#1:11:200|1:10000001:1296|1:10000002:388|1:10000003:32 | Q53: 66|1010101:1020101:1040101:2010101:2030101:2080101:3010101:3020101:3080101:4010101:4020101:4030101:5010101:5020101:5060101|1|100#21|1050101:1080101:1090101:2020101:2070101:2090101:3040101:3060101:3090101:4050101:4070101:4090101:5040101:5050101:5090101|1|100#3|1030101:1070101:2040101:2060101:3050101:3070101:4040101:4060101:5030101:5070101|1|100 | R53: 96|1010101:1020101:1040101:2010101:2030101:2080101:3010101:3020101:3080101:4010101:4020101:4030101:5010101:5020101:5060101|1|100#32|1050101:1080101:1090101:2020101:2070101:2090101:3040101:3060101:3090101:4050101:4070101:4090101:5040101:5050101:5090101|1|100#4|1030101:1070101:2040101:2060101:3050101:3070101:4040101:4060101:5030101:5070101|1|100 | S53: 162|1010101:1020101:1040101:2010101:2030101:2080101:3010101:3020101:3080101:4010101:4020101:4030101:5010101:5020101:5060101|1|100#54|1050101:1080101:1090101:2020101:2070101:2090101:3040101:3060101:3090101:4050101:4070101:4090101:5040101:5050101:5090101|1|100#8|1030101:1070101:2040101:2060101:3050101:3070101:4040101:4060101:5030101:5070101|1|100 | T53: 0 | U53: 3 | V53: 1:20|2:7|3:1 | W53: 1:2:3:4:5 | X53: 1:12:68 | Y53: MapBingXue | Z53: 4 | AA53: =AA45+2 -> 11 | AB53: =F53+AA53+Z53 -> 65 | AC53: =AB53+15 -> 80 | AD53: 250 | AE53: =AE45+1 -> 21 | AF53: =AF52 -> 15000 | AG53: =AG52 -> 28000 | AH53: =出怪成长!C51 -> 15 | AI53: =出怪成长!D51 -> 6#30001#1|12#30002#1|15#30001,30004#1 | AJ53: =出怪数量!Z52 -> 1:2:1|1:3:1|2:10:1|2:6:1#2:6:1#3:6:1|3:6:1#2:6:1#3:6:1|3:9:1#2:9:1#3:9:1|4:11:1#2:11:1#3:11:1|4:13:1#2:13:1#3:13:1|1:18:1#2:18:1#3:18:1|2:32:1#2:21:1#3:32:1 | AK53: 1:10005,10002|2:10008|3:10005,10006,10007 | AL53: 1#1#0.6|4#2#0.8|5#3#0.9 | AM53: =每波成长!G54 -> 40#12#9 | AN53: 1#1:500|2#2:500 | AO53: 0 | AP53: 200#40001:2;40002:1|500#40002:3 | AQ53: 2 | AR53: 30 | AS53: 0 | AT53: 0 | AU53: 450:-179 | AV53: 1+1+1+1+1+3+9|1+1+1+1+1+19+5|1+1+1+1+1+20+4+9|51 | AW53: 0 | AX53: 3 | AY53: 700:12:30|100:11:2|70:1:1|9:4:1 | AZ53: 我们找到奇迹之门并发现了秘境 | BA53: 解救糖果公主的父母。 | BB53: 0 | BC53: 16 | BD53: 160 | BE53: 0 | BF53: 5107+13.7 | BG53: 0 | BH53: 3 | BI53: =BI52 -> MapDead | BJ53: =BJ52 -> MapDead
A54: 401 | B54: 3 | C54: 攻城战 | D54: jingyanfuben | E54: 402 | F54: 10 | G54: =F54+20 -> 30 | H54: 0 | I54: 0 | J54: 0 | K54: 0 | L54: 0 | M54: 0 | N54: 1:20001:50 | O54: 0 | P54: 0 | Q54: 0 | R54: 0 | S54: 0 | T54: 0 | U54: 10 | Y54: MapBingXue | Z54: 0 | AA54: 1 | AB54: =F54+AA54+Z54 -> 11 | AC54: =AB54+15 -> 26 | AD54: 250 | AE54: 3 | AF54: 15000 | AG54: 20000 | AH54: 10 | AI54: =出怪成长!D98 -> 0 | AJ54: 1:5#2:5|1:10|2:10|0:10|0:10 | AK54: 1:10001|2:10002|3:10003 | AL54: 1#1#0.4|3#2#0.5|5#3#0.6 | AM54: 4#1#1 | AN54: 0 | AO54: 0 | AP54: 0 | AQ54: 0 | AR54: ="Lv"&AA54&"" -> Lv1 | AS54: 0 | AT54: 0 | AU54: -584.8:379 | AV54: 0 | AW54: 0 | AX54: 0 | AY54: 700:12:30|100:11:2|50:1:1|5:4:1 | AZ54: 奖励基础资源 | BA54: 打败所有敌人 | BB54: 0 | BC54: 1 | BD54: 10 | BE54: 9001+1 | BF54: 1001+3 | BG54: 0 | BH54: 0 | BI54: MapBingXue | BJ54: MapBingXue | BK54: 1 | BM54: =BK54*1000+INT(MIN(9,(AA54+1)/1.5))+INT((AA54-1)/6)*100 -> 1001 | BN54: =BM54 -> 1001
A55: 402 | B55: 3 | C55: 攻城战 | D55: jingyanfuben | E55: 403 | F55: 15 | G55: =F55+20 -> 35 | H55: 0 | I55: 0 | J55: 0 | K55: 0 | L55: 0 | M55: 0 | N55: 1:20001:75 | O55: 0 | P55: 0 | Q55: 0 | R55: 0 | S55: 0 | T55: 0 | U55: 10 | Y55: MapBingXue | Z55: 0 | AA55: 2 | AB55: =F55+AA55+Z55 -> 17 | AC55: =AB55+15 -> 32 | AD55: 250 | AE55: 3 | AF55: 15000 | AG55: 20000 | AH55: 10 | AI55: =出怪成长!D99 -> 0 | AJ55: 1:5#2:5|1:10|2:10|0:10|0:10 | AK55: 1:10001|2:10002|3:10003 | AL55: 1#1#0.4|3#2#0.5|5#3#0.6 | AM55: 8#2#2 | AN55: 0 | AO55: 0 | AP55: 0 | AQ55: 0 | AR55: ="Lv"&AA55&"" -> Lv2 | AS55: 0 | AT55: 0 | AU55: -584.8:380 | AV55: 0 | AW55: 0 | AX55: 0 | AY55: 700:12:30|100:11:2|50:1:1|5:4:1 | AZ55: 奖励基础资源 | BA55: 打败所有敌人 | BB55: 0 | BC55: 2.5 | BD55: 25 | BE55: 9001+2.5 | BF55: 3002+6 | BG55: 0 | BH55: 0 | BI55: MapBingXue | BJ55: MapShaMo | BK55: 3 | BM55: =BK55*1000+INT(MIN(9,(AA55+1)/1.5))+INT((AA55-1)/6)*100 -> 3002 | BN55: =BM55 -> 3002
A56: 403 | B56: 3 | C56: 攻城战 | D56: jingyanfuben | E56: 404 | F56: 20 | G56: =F56+20 -> 40 | H56: 0 | I56: 0 | J56: 0 | K56: 0 | L56: 0 | M56: 0 | N56: 1:20001:100 | O56: 0 | P56: 0 | Q56: 0 | R56: 0 | S56: 0 | T56: 0 | U56: 10 | Y56: MapBingXue | Z56: 0 | AA56: 3 | AB56: =F56+AA56+Z56 -> 23 | AC56: =AB56+15 -> 38 | AD56: 250 | AE56: 4 | AF56: 15000 | AG56: 20000 | AH56: 10 | AI56: =出怪成长!D100 -> 0 | AJ56: 1:5#2:5|1:10|2:10|0:10|0:10 | AK56: 1:10001|2:10002|3:10003 | AL56: 1#1#0.4|3#2#0.5|5#3#0.6 | AM56: 12#3#3 | AN56: 0 | AO56: 0 | AP56: 0 | AQ56: 0 | AR56: ="Lv"&AA56&"" -> Lv3 | AS56: 0 | AT56: 0 | AU56: -584.8:381 | AV56: 0 | AW56: 0 | AX56: 0 | AY56: 700:12:30|100:11:2|50:1:1|5:4:1 | AZ56: 奖励基础资源 | BA56: 打败所有敌人 | BB56: 0 | BC56: 8 | BD56: 80 | BE56: 9001+8 | BF56: 2002+19.2 | BG56: 0 | BH56: 0 | BI56: MapBingXue | BJ56: MapSenLin | BK56: 2 | BM56: =BK56*1000+INT(MIN(9,(AA56+1)/1.5))+INT((AA56-1)/6)*100 -> 2002 | BN56: =BM56 -> 2002
A57: 404 | B57: 3 | C57: 攻城战 | D57: jingyanfuben | E57: 405 | F57: 25 | G57: =F57+20 -> 45 | H57: 0 | I57: 0 | J57: 0 | K57: 0 | L57: 0 | M57: 0 | N57: 1:20001:125 | O57: 0 | P57: 0 | Q57: 0 | R57: 0 | S57: 0 | T57: 0 | U57: 10 | Y57: MapBingXue | Z57: 0 | AA57: 4 | AB57: =F57+AA57+Z57 -> 29 | AC57: =AB57+15 -> 44 | AD57: 250 | AE57: 4 | AF57: 15000 | AG57: 20000 | AH57: 10 | AI57: =出怪成长!D101 -> 0 | AJ57: 1:5#2:5|1:10|2:10|0:10|0:10 | AK57: 1:10001|2:10002|3:10003 | AL57: 1#1#0.4|3#2#0.5|5#3#0.6 | AM57: 16#4#4 | AN57: 0 | AO57: 0 | AP57: 0 | AQ57: 0 | AR57: ="Lv"&AA57&"" -> Lv4 | AS57: 0 | AT57: 0 | AU57: -584.8:382 | AV57: 0 | AW57: 0 | AX57: 0 | AY57: 700:12:30|100:11:2|50:1:1|5:4:1 | AZ57: 奖励基础资源 | BA57: 打败所有敌人 | BB57: 0 | BC57: 14 | BD57: 140 | BE57: 9001+14 | BF57: 2003+28 | BG57: 0 | BH57: 0 | BI57: MapBingXue | BJ57: MapMagic | BK57: 2 | BM57: =BK57*1000+INT(MIN(9,(AA57+1)/1.5))+INT((AA57-1)/6)*100 -> 2003 | BN57: =BM57 -> 2003
A58: 405 | B58: 3 | C58: 攻城战 | D58: jingyanfuben | E58: 406 | F58: 30 | G58: =F58+20 -> 50 | H58: 0 | I58: 0 | J58: 0 | K58: 0 | L58: 0 | M58: 0 | N58: 1:20001:150 | O58: 0 | P58: 0 | Q58: 0 | R58: 0 | S58: 0 | T58: 0 | U58: 10 | Y58: MapBingXue | Z58: 0 | AA58: 5 | AB58: =F58+AA58+Z58 -> 35 | AC58: =AB58+15 -> 50 | AD58: 250 | AE58: 5 | AF58: 15000 | AG58: 20000 | AH58: 10 | AI58: =出怪成长!D102 -> 0 | AJ58: 1:5#2:5|1:10|2:10|0:10|0:10 | AK58: 1:10001|2:10002|3:10003 | AL58: 1#1#0.4|3#2#0.5|5#3#0.6 | AM58: 20#5#5 | AN58: 0 | AO58: 0 | AP58: 0 | AQ58: 0 | AR58: ="Lv"&AA58&"" -> Lv5 | AS58: 0 | AT58: 0 | AU58: -584.8:383 | AV58: 0 | AW58: 0 | AX58: 0 | AY58: 700:12:30|100:11:2|50:1:1|5:4:1 | AZ58: 奖励基础资源 | BA58: 打败所有敌人 | BB58: 0 | BC58: 18 | BD58: 180 | BE58: 9001+18 | BF58: 4004+27 | BG58: 0 | BH58: 0 | BI58: MapBingXue | BJ58: MapDragon | BK58: 4 | BM58: =BK58*1000+INT(MIN(9,(AA58+1)/1.5))+INT((AA58-1)/6)*100 -> 4004 | BN58: =BM58 -> 4004
A59: 406 | B59: 3 | C59: 攻城战 | D59: jingyanfuben | E59: 407 | F59: 35 | G59: =F59+20 -> 55 | H59: 0 | I59: 0 | J59: 0 | K59: 0 | L59: 0 | M59: 0 | N59: 1:20001:175 | O59: 0 | P59: 0 | Q59: 0 | R59: 0 | S59: 0 | T59: 0 | U59: 10 | Y59: MapBingXue | Z59: 0 | AA59: 6 | AB59: =F59+AA59+Z59 -> 41 | AC59: =AB59+15 -> 56 | AD59: 250 | AE59: 5 | AF59: 15000 | AG59: 20000 | AH59: 10 | AI59: =出怪成长!D103 -> 0 | AJ59: 1:5#2:5|1:10|2:10|0:10|0:10 | AK59: 1:10001|2:10002|3:10003 | AL59: 1#1#0.4|3#2#0.5|5#3#0.6 | AM59: 24#6#6 | AN59: 0 | AO59: 0 | AP59: 0 | AQ59: 0 | AR59: ="Lv"&AA59&"" -> Lv6 | AS59: 0 | AT59: 0 | AU59: -584.8:384 | AV59: 0 | AW59: 0 | AX59: 0 | AY59: 700:12:30|100:11:2|50:1:1|5:4:1 | AZ59: 奖励基础资源 | BA59: 打败所有敌人 | BB59: 0 | BC59: 22 | BD59: 220 | BE59: 9001+22 | BF59: 1004+33 | BG59: 0 | BH59: 0 | BI59: MapBingXue | BJ59: MapCandy | BK59: 1 | BM59: =BK59*1000+INT(MIN(9,(AA59+1)/1.5))+INT((AA59-1)/6)*100 -> 1004 | BN59: =BM59 -> 1004
A60: 407 | B60: 3 | C60: 攻城战 | D60: jingyanfuben | E60: 408 | F60: 40 | G60: =F60+20 -> 60 | H60: 0 | I60: 0 | J60: 0 | K60: 0 | L60: 0 | M60: 0 | N60: 1:20001:200 | O60: 0 | P60: 0 | Q60: 0 | R60: 0 | S60: 0 | T60: 0 | U60: 10 | Y60: MapBingXue | Z60: 0 | AA60: 7 | AB60: =F60+AA60+Z60 -> 47 | AC60: =AB60+15 -> 62 | AD60: 250 | AE60: 6 | AF60: 15000 | AG60: 20000 | AH60: 10 | AI60: =出怪成长!D104 -> 0 | AJ60: 1:5#2:5|1:10|2:10|0:10|0:10 | AK60: 1:10001|2:10002|3:10003 | AL60: 1#1#0.4|3#2#0.5|5#3#0.6 | AM60: 28#7#7 | AN60: 0 | AO60: 0 | AP60: 0 | AQ60: 0 | AR60: ="Lv"&AA60&"" -> Lv7 | AS60: 0 | AT60: 0 | AU60: -584.8:385 | AV60: 0 | AW60: 0 | AX60: 0 | AY60: 700:12:30|100:11:2|50:1:1|5:4:1 | AZ60: 奖励基础资源 | BA60: 打败所有敌人 | BB60: 0 | BC60: 26 | BD60: 260 | BE60: 9001+26 | BF60: 5105+31.2 | BG60: 0 | BH60: 0 | BI60: MapBingXue | BJ60: MapEvil | BK60: 5 | BM60: =BK60*1000+INT(MIN(9,(AA60+1)/1.5))+INT((AA60-1)/6)*100 -> 5105 | BN60: =BM60 -> 5105
A61: 408 | B61: 3 | C61: 攻城战 | D61: jingyanfuben | E61: 409 | F61: 45 | G61: =F61+20 -> 65 | H61: 0 | I61: 0 | J61: 0 | K61: 0 | L61: 0 | M61: 0 | N61: 1:20001:225 | O61: 0 | P61: 0 | Q61: 0 | R61: 0 | S61: 0 | T61: 0 | U61: 10 | Y61: MapBingXue | Z61: 0 | AA61: 8 | AB61: =F61+AA61+Z61 -> 53 | AC61: =AB61+15 -> 68 | AD61: 250 | AE61: 6 | AF61: 15000 | AG61: 20000 | AH61: 10 | AI61: =出怪成长!D105 -> 0 | AJ61: 1:5#2:5|1:10|2:10|0:10|0:10 | AK61: 1:10001|2:10002|3:10003 | AL61: 1#1#0.4|3#2#0.5|5#3#0.6 | AM61: 32#8#8 | AN61: 0 | AO61: 0 | AP61: 0 | AQ61: 0 | AR61: ="Lv"&AA61&"" -> Lv8 | AS61: 0 | AT61: 0 | AU61: -584.8:386 | AV61: 0 | AW61: 0 | AX61: 0 | AY61: 700:12:30|100:11:2|50:1:1|5:4:1 | AZ61: 奖励基础资源 | BA61: 打败所有敌人 | BB61: 0 | BC61: 30 | BD61: 300 | BE61: 9001+30 | BF61: 6106+27.6 | BG61: 0 | BH61: 0 | BI61: MapBingXue | BJ61: MapDead | BK61: 6 | BM61: =BK61*1000+INT(MIN(9,(AA61+1)/1.5))+INT((AA61-1)/6)*100 -> 6106 | BN61: =BM61 -> 6106
A62: 409 | B62: 3 | C62: 攻城战 | D62: jingyanfuben | E62: 410 | F62: 50 | G62: =F62+20 -> 70 | H62: 0 | I62: 0 | J62: 0 | K62: 0 | L62: 0 | M62: 0 | N62: 1:20001:250 | O62: 0 | P62: 0 | Q62: 0 | R62: 0 | S62: 0 | T62: 0 | U62: 10 | Y62: MapBingXue | Z62: 0 | AA62: 9 | AB62: =F62+AA62+Z62 -> 59 | AC62: =AB62+15 -> 74 | AD62: 250 | AE62: 7 | AF62: 15000 | AG62: 20000 | AH62: 10 | AI62: =出怪成长!D106 -> 0 | AJ62: 1:5#2:5|1:10|2:10|0:10|0:10 | AK62: 1:10001|2:10002|3:10003 | AL62: 1#1#0.4|3#2#0.5|5#3#0.6 | AM62: 36#9#9 | AN62: 0 | AO62: 0 | AP62: 0 | AQ62: 0 | AR62: ="Lv"&AA62&"" -> Lv9 | AS62: 0 | AT62: 0 | AU62: -584.8:387 | AV62: 0 | AW62: 0 | AX62: 0 | AY62: 700:12:30|100:11:2|50:1:1|5:4:1 | AZ62: 奖励基础资源 | BA62: 打败所有敌人 | BB62: 0 | BC62: 35 | BD62: 350 | BE62: 9001+35 | BF62: 5106+32.3 | BG62: 0 | BH62: 0 | BI62: MapBingXue | BJ62: MapEvil | BK62: 5 | BM62: =BK62*1000+INT(MIN(9,(AA62+1)/1.5))+INT((AA62-1)/6)*100 -> 5106 | BN62: =BM62 -> 5106
A63: 410 | B63: 3 | C63: 攻城战 | D63: jingyanfuben | E63: 411 | F63: 55 | G63: =F63+20 -> 75 | H63: 0 | I63: 0 | J63: 0 | K63: 0 | L63: 0 | M63: 0 | N63: 1:20001:275 | O63: 0 | P63: 0 | Q63: 0 | R63: 0 | S63: 0 | T63: 0 | U63: 10 | Y63: MapBingXue | Z63: 0 | AA63: 10 | AB63: =F63+AA63+Z63 -> 65 | AC63: =AB63+15 -> 80 | AD63: 250 | AE63: 7 | AF63: 15000 | AG63: 20000 | AH63: 10 | AI63: =出怪成长!D107 -> 0 | AJ63: 1:5#2:5|1:10|2:10|0:10|0:10 | AK63: 1:10001|2:10002|3:10003 | AL63: 1#1#0.4|3#2#0.5|5#3#0.6 | AM63: 40#10#10 | AN63: 0 | AO63: 0 | AP63: 0 | AQ63: 0 | AR63: ="Lv"&AA63&"" -> Lv10 | AS63: 0 | AT63: 0 | AU63: -584.8:388 | AV63: 0 | AW63: 0 | AX63: 0 | AY63: 700:12:30|100:11:2|50:1:1|5:4:1 | AZ63: 奖励基础资源 | BA63: 打败所有敌人 | BB63: 0 | BC63: 40 | BD63: 400 | BE63: 9001+40 | BF63: 4107+34.2 | BG63: 0 | BH63: 0 | BI63: MapBingXue | BJ63: MapDragon | BK63: 4 | BM63: =BK63*1000+INT(MIN(9,(AA63+1)/1.5))+INT((AA63-1)/6)*100 -> 4107 | BN63: =BM63 -> 4107
A64: 411 | B64: 3 | C64: 攻城战 | D64: jingyanfuben | E64: 412 | F64: 60 | G64: =F64+20 -> 80 | H64: 0 | I64: 0 | J64: 0 | K64: 0 | L64: 0 | M64: 0 | N64: 1:20001:300 | O64: 0 | P64: 0 | Q64: 0 | R64: 0 | S64: 0 | T64: 0 | U64: 10 | Y64: MapBingXue | Z64: 0 | AA64: 11 | AB64: =F64+AA64+Z64 -> 71 | AC64: =AB64+15 -> 86 | AD64: 250 | AE64: 8 | AF64: 15000 | AG64: 20000 | AH64: 10 | AI64: =出怪成长!D108 -> 0 | AJ64: 1:5#2:5|1:10|2:10|0:10|0:10 | AK64: 1:10001|2:10002|3:10003 | AL64: 1#1#0.4|3#2#0.5|5#3#0.6 | AM64: 44#11#11 | AN64: 0 | AO64: 0 | AP64: 0 | AQ64: 0 | AR64: ="Lv"&AA64&"" -> Lv11 | AS64: 0 | AT64: 0 | AU64: -584.8:389 | AV64: 0 | AW64: 0 | AX64: 0 | AY64: 700:12:30|100:11:2|50:1:1|5:4:1 | AZ64: 奖励基础资源 | BA64: 打败所有敌人 | BB64: 0 | BC64: 45 | BD64: 450 | BE64: 9001+45 | BF64: 4108+30 | BG64: 0 | BH64: 0 | BI64: MapBingXue | BJ64: MapDragon | BK64: 4 | BM64: =BK64*1000+INT(MIN(9,(AA64+1)/1.5))+INT((AA64-1)/6)*100 -> 4108 | BN64: =BM64 -> 4108
A65: 412 | B65: 3 | C65: 攻城战 | D65: jingyanfuben | E65: 413 | F65: 65 | G65: =F65+20 -> 85 | H65: 0 | I65: 0 | J65: 0 | K65: 0 | L65: 0 | M65: 0 | N65: 1:20001:325 | O65: 0 | P65: 0 | Q65: 0 | R65: 0 | S65: 0 | T65: 0 | U65: 10 | Y65: MapBingXue | Z65: 0 | AA65: 12 | AB65: =F65+AA65+Z65 -> 77 | AC65: =AB65+15 -> 92 | AD65: 250 | AE65: 8 | AF65: 15000 | AG65: 20000 | AH65: 10 | AI65: =出怪成长!D109 -> 0 | AJ65: 1:5#2:5|1:10|2:10|0:10|0:10 | AK65: 1:10001|2:10002|3:10003 | AL65: 1#1#0.4|3#2#0.5|5#3#0.6 | AM65: 48#12#12 | AN65: 0 | AO65: 0 | AP65: 0 | AQ65: 0 | AR65: ="Lv"&AA65&"" -> Lv12 | AS65: 0 | AT65: 0 | AU65: -584.8:390 | AV65: 0 | AW65: 0 | AX65: 0 | AY65: 700:12:30|100:11:2|50:1:1|5:4:1 | AZ65: 奖励基础资源 | BA65: 打败所有敌人 | BB65: 0 | BC65: 50 | BD65: 500 | BE65: 9001+45 | BF65: 4108+30 | BG65: 0 | BH65: 0 | BI65: MapBingXue | BJ65: MapDragon
A66: 413 | B66: 3 | C66: 攻城战 | D66: jingyanfuben | E66: 414 | F66: 70 | G66: =F66+20 -> 90 | H66: 0 | I66: 0 | J66: 0 | K66: 0 | L66: 0 | M66: 0 | N66: 1:20001:350 | O66: 0 | P66: 0 | Q66: 0 | R66: 0 | S66: 0 | T66: 0 | U66: 10 | Y66: MapBingXue | Z66: 0 | AA66: 13 | AB66: =F66+AA66+Z66 -> 83 | AC66: =AB66+15 -> 98 | AD66: 250 | AE66: 9 | AF66: 15000 | AG66: 20000 | AH66: 10 | AI66: =出怪成长!D110 -> 0 | AJ66: 1:5#2:5|1:10|2:10|0:10|0:10 | AK66: 1:10001|2:10002|3:10003 | AL66: 1#1#0.4|3#2#0.5|5#3#0.6 | AM66: 52#13#13 | AN66: 0 | AO66: 0 | AP66: 0 | AQ66: 0 | AR66: ="Lv"&AA66&"" -> Lv13 | AS66: 0 | AT66: 0 | AU66: -584.8:391 | AV66: 0 | AW66: 0 | AX66: 0 | AY66: 700:12:30|100:11:2|50:1:1|5:4:1 | AZ66: 奖励基础资源 | BA66: 打败所有敌人 | BB66: 0 | BC66: 50 | BD66: 500 | BE66: 9001+45 | BF66: 4108+30 | BG66: 0 | BH66: 0 | BI66: MapBingXue | BJ66: MapDragon
A67: 501 | B67: 4 | C67: 守护战 | D67: jinbifuben | E67: 502 | F67: 10 | G67: =F67+20 -> 30 | H67: 0 | I67: 0 | J67: 0 | K67: 0 | L67: 0 | M67: 0 | N67: 1:12:20000 | O67: 0 | P67: 0 | Q67: 0 | R67: 0 | S67: 0 | T67: 0 | U67: 10 | Y67: MapBingXue | Z67: 0 | AA67: 1 | AB67: =F67+AA67+Z67 -> 11 | AC67: =AB67+15 -> 26 | AD67: 250 | AE67: 3 | AF67: 15000 | AG67: 20000 | AH67: 10 | AI67: =出怪成长!D111 -> 0 | AJ67: 1:3#2:3|1:10|2:30 | AK67: 0 | AL67: 1#1#0.6|2#2#0.8|3#3#0.9 | AM67: 9#3#3 | AN67: 0 | AO67: 0 | AP67: 200#30001:2;30002:1|500#30002:3 | AQ67: 0 | AR67: ="Lv"&AA67&"" -> Lv1 | AS67: 0 | AT67: 0 | AU67: -584.8:392 | AV67: 0 | AW67: 0 | AX67: 0 | AY67: 700:12:30|100:11:2|50:1:1|5:4:1 | AZ67: 奖励技能点 | BA67: 守住2波攻击 | BB67: 0 | BC67: 1 | BD67: 10 | BE67: 9001+1 | BF67: 3001+3 | BG67: 0 | BH67: 3 | BI67: MapBingXue | BJ67: MapSenLin | BK67: 3 | BM67: =BK67*1000+INT(MIN(9,(AA67+1)/1.5))+INT((AA67-1)/6)*100 -> 3001 | BN67: =BM67 -> 3001
A68: 502 | B68: 4 | C68: 守护战 | D68: jinbifuben | E68: 503 | F68: 15 | G68: =F68+20 -> 35 | H68: 0 | I68: 0 | J68: 0 | K68: 0 | L68: 0 | M68: 0 | N68: 1:12:35000 | O68: 0 | P68: 0 | Q68: 0 | R68: 0 | S68: 0 | T68: 0 | U68: 10 | Y68: MapBingXue | Z68: 0 | AA68: 2 | AB68: =F68+AA68+Z68 -> 17 | AC68: =AB68+15 -> 32 | AD68: 250 | AE68: 3 | AF68: 15000 | AG68: 20000 | AH68: 10 | AI68: =出怪成长!D112 -> 0 | AJ68: 1:3#2:3|1:10|2:30 | AK68: 0 | AL68: 1#1#0.6|2#2#0.8|3#3#0.9 | AM68: 15#5#5 | AN68: 0 | AO68: 0 | AP68: 200#30001:2;30002:1|500#30002:3 | AQ68: 0 | AR68: ="Lv"&AA68&"" -> Lv2 | AS68: 0 | AT68: 0 | AU68: -584.8:393 | AV68: 0 | AW68: 0 | AX68: 0 | AY68: 700:12:30|100:11:2|50:1:1|5:4:1 | AZ68: 奖励技能点 | BA68: 守住2波攻击 | BB68: 0 | BC68: 2.5 | BD68: 25 | BE68: 9001+2.5 | BF68: 2002+6 | BG68: 0 | BH68: 3 | BI68: MapBingXue | BJ68: MapShaMo | BK68: 2 | BM68: =BK68*1000+INT(MIN(9,(AA68+1)/1.5))+INT((AA68-1)/6)*100 -> 2002 | BN68: =BM68 -> 2002
A69: 503 | B69: 4 | C69: 守护战 | D69: jinbifuben | E69: 504 | F69: 20 | G69: =F69+20 -> 40 | H69: 0 | I69: 0 | J69: 0 | K69: 0 | L69: 0 | M69: 0 | N69: 1:12:50000 | O69: 0 | P69: 0 | Q69: 0 | R69: 0 | S69: 0 | T69: 0 | U69: 10 | Y69: MapBingXue | Z69: 0 | AA69: 3 | AB69: =F69+AA69+Z69 -> 23 | AC69: =AB69+15 -> 38 | AD69: 250 | AE69: 4 | AF69: 15000 | AG69: 20000 | AH69: 10 | AI69: =出怪成长!D113 -> 0 | AJ69: 1:3#2:3|1:10|2:30 | AK69: 0 | AL69: 1#1#0.6|2#2#0.8|3#3#0.9 | AM69: 21#7#7 | AN69: 0 | AO69: 0 | AP69: 200#30001:2;30002:1|500#30002:3 | AQ69: 0 | AR69: ="Lv"&AA69&"" -> Lv3 | AS69: 0 | AT69: 0 | AU69: -584.8:394 | AV69: 0 | AW69: 0 | AX69: 0 | AY69: 700:12:30|100:11:2|50:1:1|5:4:1 | AZ69: 奖励技能点 | BA69: 守住2波攻击 | BB69: 0 | BC69: 8 | BD69: 80 | BE69: 9001+8 | BF69: 1002+19.2 | BG69: 0 | BH69: 4 | BI69: MapBingXue | BJ69: MapBingXue | BK69: 1 | BM69: =BK69*1000+INT(MIN(9,(AA69+1)/1.5))+INT((AA69-1)/6)*100 -> 1002 | BN69: =BM69 -> 1002
A70: 504 | B70: 4 | C70: 守护战 | D70: jinbifuben | E70: 505 | F70: 25 | G70: =F70+20 -> 45 | H70: 0 | I70: 0 | J70: 0 | K70: 0 | L70: 0 | M70: 0 | N70: 1:12:65000 | O70: 0 | P70: 0 | Q70: 0 | R70: 0 | S70: 0 | T70: 0 | U70: 10 | Y70: MapBingXue | Z70: 0 | AA70: 4 | AB70: =F70+AA70+Z70 -> 29 | AC70: =AB70+15 -> 44 | AD70: 250 | AE70: 4 | AF70: 15000 | AG70: 20000 | AH70: 10 | AI70: =出怪成长!D114 -> 0 | AJ70: 1:3#2:3|1:10|2:30 | AK70: 0 | AL70: 1#1#0.6|2#2#0.8|3#3#0.9 | AM70: 27#9#9 | AN70: 0 | AO70: 0 | AP70: 200#30001:2;30002:1|500#30002:3 | AQ70: 0 | AR70: ="Lv"&AA70&"" -> Lv4 | AS70: 0 | AT70: 0 | AU70: -584.8:395 | AV70: 0 | AW70: 0 | AX70: 0 | AY70: 700:12:30|100:11:2|50:1:1|5:4:1 | AZ70: 奖励技能点 | BA70: 守住2波攻击 | BB70: 0 | BC70: 14 | BD70: 140 | BE70: 9001+14 | BF70: 2003+28 | BG70: 0 | BH70: 4 | BI70: MapBingXue | BJ70: MapCandy | BK70: 2 | BM70: =BK70*1000+INT(MIN(9,(AA70+1)/1.5))+INT((AA70-1)/6)*100 -> 2003 | BN70: =BM70 -> 2003
A71: 505 | B71: 4 | C71: 守护战 | D71: jinbifuben | E71: 506 | F71: 30 | G71: =F71+20 -> 50 | H71: 0 | I71: 0 | J71: 0 | K71: 0 | L71: 0 | M71: 0 | N71: 1:12:80000 | O71: 0 | P71: 0 | Q71: 0 | R71: 0 | S71: 0 | T71: 0 | U71: 10 | Y71: MapBingXue | Z71: 0 | AA71: 5 | AB71: =F71+AA71+Z71 -> 35 | AC71: =AB71+15 -> 50 | AD71: 250 | AE71: 5 | AF71: 15000 | AG71: 20000 | AH71: 10 | AI71: =出怪成长!D115 -> 0 | AJ71: 1:3#2:3|1:10|2:30 | AK71: 0 | AL71: 1#1#0.6|2#2#0.8|3#3#0.9 | AM71: 33#11#11 | AN71: 0 | AO71: 0 | AP71: 200#30001:2;30002:1|500#30002:3 | AQ71: 0 | AR71: ="Lv"&AA71&"" -> Lv5 | AS71: 0 | AT71: 0 | AU71: -584.8:396 | AV71: 0 | AW71: 0 | AX71: 0 | AY71: 700:12:30|100:11:2|50:1:1|5:4:1 | AZ71: 奖励技能点 | BA71: 守住2波攻击 | BB71: 0 | BC71: 18 | BD71: 180 | BE71: 9001+18 | BF71: 5004+27 | BG71: 0 | BH71: 5 | BI71: MapBingXue | BJ71: MapEvil | BK71: 5 | BM71: =BK71*1000+INT(MIN(9,(AA71+1)/1.5))+INT((AA71-1)/6)*100 -> 5004 | BN71: =BM71 -> 5004
A72: 506 | B72: 4 | C72: 守护战 | D72: jinbifuben | E72: 507 | F72: 35 | G72: =F72+20 -> 55 | H72: 0 | I72: 0 | J72: 0 | K72: 0 | L72: 0 | M72: 0 | N72: 1:12:95000 | O72: 0 | P72: 0 | Q72: 0 | R72: 0 | S72: 0 | T72: 0 | U72: 10 | Y72: MapBingXue | Z72: 0 | AA72: 6 | AB72: =F72+AA72+Z72 -> 41 | AC72: =AB72+15 -> 56 | AD72: 250 | AE72: 5 | AF72: 15000 | AG72: 20000 | AH72: 10 | AI72: =出怪成长!D116 -> 0 | AJ72: 1:3#2:3|1:10|2:30 | AK72: 0 | AL72: 1#1#0.6|2#2#0.8|3#3#0.9 | AM72: 39#13#13 | AN72: 0 | AO72: 0 | AP72: 200#30001:2;30002:1|500#30002:3 | AQ72: 0 | AR72: ="Lv"&AA72&"" -> Lv6 | AS72: 0 | AT72: 0 | AU72: -584.8:397 | AV72: 0 | AW72: 0 | AX72: 0 | AY72: 700:12:30|100:11:2|50:1:1|5:4:1 | AZ72: 奖励技能点 | BA72: 守住2波攻击 | BB72: 0 | BC72: 22 | BD72: 220 | BE72: 9001+22 | BF72: 1004+33 | BG72: 0 | BH72: 5 | BI72: MapBingXue | BJ72: MapDead | BK72: 1 | BM72: =BK72*1000+INT(MIN(9,(AA72+1)/1.5))+INT((AA72-1)/6)*100 -> 1004 | BN72: =BM72 -> 1004
A73: 507 | B73: 4 | C73: 守护战 | D73: jinbifuben | E73: 508 | F73: 40 | G73: =F73+20 -> 60 | H73: 0 | I73: 0 | J73: 0 | K73: 0 | L73: 0 | M73: 0 | N73: 1:12:110000 | O73: 0 | P73: 0 | Q73: 0 | R73: 0 | S73: 0 | T73: 0 | U73: 10 | Y73: MapBingXue | Z73: 0 | AA73: 7 | AB73: =F73+AA73+Z73 -> 47 | AC73: =AB73+15 -> 62 | AD73: 250 | AE73: 6 | AF73: 15000 | AG73: 20000 | AH73: 10 | AI73: =出怪成长!D117 -> 0 | AJ73: 1:3#2:3|1:10|2:30 | AK73: 0 | AL73: 1#1#0.6|2#2#0.8|3#3#0.9 | AM73: 45#15#15 | AN73: 0 | AO73: 0 | AP73: 200#30001:2;30002:1|500#30002:3 | AQ73: 0 | AR73: ="Lv"&AA73&"" -> Lv7 | AS73: 0 | AT73: 0 | AU73: -584.8:398 | AV73: 0 | AW73: 0 | AX73: 0 | AY73: 700:12:30|100:11:2|50:1:1|5:4:1 | AZ73: 奖励技能点 | BA73: 守住2波攻击 | BB73: 0 | BC73: 26 | BD73: 260 | BE73: 9001+26 | BF73: 1105+31.2 | BG73: 0 | BH73: 6 | BI73: MapBingXue | BJ73: MapDragon | BK73: 1 | BM73: =BK73*1000+INT(MIN(9,(AA73+1)/1.5))+INT((AA73-1)/6)*100 -> 1105 | BN73: =BM73 -> 1105
A74: 508 | B74: 4 | C74: 守护战 | D74: jinbifuben | E74: 509 | F74: 45 | G74: =F74+20 -> 65 | H74: 0 | I74: 0 | J74: 0 | K74: 0 | L74: 0 | M74: 0 | N74: 1:12:125000 | O74: 0 | P74: 0 | Q74: 0 | R74: 0 | S74: 0 | T74: 0 | U74: 10 | Y74: MapBingXue | Z74: 0 | AA74: 8 | AB74: =F74+AA74+Z74 -> 53 | AC74: =AB74+15 -> 68 | AD74: 250 | AE74: 6 | AF74: 15000 | AG74: 20000 | AH74: 10 | AI74: =出怪成长!D118 -> 0 | AJ74: 1:3#2:3|1:10|2:30 | AK74: 0 | AL74: 1#1#0.6|2#2#0.8|3#3#0.9 | AM74: 51#17#17 | AN74: 0 | AO74: 0 | AP74: 200#30001:2;30002:1|500#30002:3 | AQ74: 0 | AR74: ="Lv"&AA74&"" -> Lv8 | AS74: 0 | AT74: 0 | AU74: -584.8:399 | AV74: 0 | AW74: 0 | AX74: 0 | AY74: 700:12:30|100:11:2|50:1:1|5:4:1 | AZ74: 奖励技能点 | BA74: 守住2波攻击 | BB74: 0 | BC74: 30 | BD74: 300 | BE74: 9001+30 | BF74: 5106+27.6 | BG74: 0 | BH74: 6 | BI74: MapBingXue | BJ74: MapShaMo | BK74: 5 | BM74: =BK74*1000+INT(MIN(9,(AA74+1)/1.5))+INT((AA74-1)/6)*100 -> 5106 | BN74: =BM74 -> 5106
A75: 509 | B75: 4 | C75: 守护战 | D75: jinbifuben | E75: 510 | F75: 50 | G75: =F75+20 -> 70 | H75: 0 | I75: 0 | J75: 0 | K75: 0 | L75: 0 | M75: 0 | N75: 1:12:140000 | O75: 0 | P75: 0 | Q75: 0 | R75: 0 | S75: 0 | T75: 0 | U75: 10 | Y75: MapBingXue | Z75: 0 | AA75: 9 | AB75: =F75+AA75+Z75 -> 59 | AC75: =AB75+15 -> 74 | AD75: 250 | AE75: 7 | AF75: 15000 | AG75: 20000 | AH75: 10 | AI75: =出怪成长!D119 -> 0 | AJ75: 1:3#2:3|1:10|2:30 | AK75: 0 | AL75: 1#1#0.6|2#2#0.8|3#3#0.9 | AM75: 57#19#19 | AN75: 0 | AO75: 0 | AP75: 200#30001:2;30002:1|500#30002:3 | AQ75: 0 | AR75: ="Lv"&AA75&"" -> Lv9 | AS75: 0 | AT75: 0 | AU75: -584.8:400 | AV75: 0 | AW75: 0 | AX75: 0 | AY75: 700:12:30|100:11:2|50:1:1|5:4:1 | AZ75: 奖励技能点 | BA75: 守住2波攻击 | BB75: 0 | BC75: 35 | BD75: 350 | BE75: 9001+35 | BF75: 4106+32.3 | BG75: 0 | BH75: 7 | BI75: MapBingXue | BJ75: MapMagic | BK75: 4 | BM75: =BK75*1000+INT(MIN(9,(AA75+1)/1.5))+INT((AA75-1)/6)*100 -> 4106 | BN75: =BM75 -> 4106
A76: 510 | B76: 4 | C76: 守护战 | D76: jinbifuben | E76: 511 | F76: 55 | G76: =F76+20 -> 75 | H76: 0 | I76: 0 | J76: 0 | K76: 0 | L76: 0 | M76: 0 | N76: 1:12:155000 | O76: 0 | P76: 0 | Q76: 0 | R76: 0 | S76: 0 | T76: 0 | U76: 10 | Y76: MapBingXue | Z76: 0 | AA76: 10 | AB76: =F76+AA76+Z76 -> 65 | AC76: =AB76+15 -> 80 | AD76: 250 | AE76: 7 | AF76: 15000 | AG76: 20000 | AH76: 10 | AI76: =出怪成长!D120 -> 0 | AJ76: 1:3#2:3|1:10|2:30 | AK76: 0 | AL76: 1#1#0.6|2#2#0.8|3#3#0.9 | AM76: 63#21#21 | AN76: 0 | AO76: 0 | AP76: 200#30001:2;30002:1|500#30002:3 | AQ76: 0 | AR76: ="Lv"&AA76&"" -> Lv10 | AS76: 0 | AT76: 0 | AU76: -584.8:401 | AV76: 0 | AW76: 0 | AX76: 0 | AY76: 700:12:30|100:11:2|50:1:1|5:4:1 | AZ76: 奖励技能点 | BA76: 守住2波攻击 | BB76: 0 | BC76: 40 | BD76: 400 | BE76: 9001+40 | BF76: 5107+34.2 | BG76: 0 | BH76: 7 | BI76: MapBingXue | BJ76: MapBingXue | BK76: 5 | BM76: =BK76*1000+INT(MIN(9,(AA76+1)/1.5))+INT((AA76-1)/6)*100 -> 5107 | BN76: =BM76 -> 5107
A77: 511 | B77: 4 | C77: 守护战 | D77: jinbifuben | E77: 512 | F77: 60 | G77: =F77+20 -> 80 | H77: 0 | I77: 0 | J77: 0 | K77: 0 | L77: 0 | M77: 0 | N77: 1:12:170000 | O77: 0 | P77: 0 | Q77: 0 | R77: 0 | S77: 0 | T77: 0 | U77: 10 | Y77: MapBingXue | Z77: 0 | AA77: 11 | AB77: =F77+AA77+Z77 -> 71 | AC77: =AB77+15 -> 86 | AD77: 250 | AE77: 8 | AF77: 15000 | AG77: 20000 | AH77: 10 | AI77: =出怪成长!D121 -> 0 | AJ77: 1:3#2:3|1:10|2:30 | AK77: 0 | AL77: 1#1#0.6|2#2#0.8|3#3#0.9 | AM77: 69#23#23 | AN77: 0 | AO77: 0 | AP77: 200#30001:2;30002:1|500#30002:3 | AQ77: 0 | AR77: ="Lv"&AA77&"" -> Lv11 | AS77: 0 | AT77: 0 | AU77: -584.8:402 | AV77: 0 | AW77: 0 | AX77: 0 | AY77: 700:12:30|100:11:2|50:1:1|5:4:1 | AZ77: 奖励技能点 | BA77: 守住2波攻击 | BB77: 0 | BC77: 45 | BD77: 450 | BE77: 9001+45 | BF77: 5108+30 | BG77: 0 | BH77: 7 | BI77: MapBingXue | BJ77: MapBingXue | BK77: 5 | BM77: =BK77*1000+INT(MIN(9,(AA77+1)/1.5))+INT((AA77-1)/6)*100 -> 5108 | BN77: =BM77 -> 5108
A78: 512 | B78: 4 | C78: 守护战 | D78: jinbifuben | E78: 513 | F78: 65 | G78: =F78+20 -> 85 | H78: 0 | I78: 0 | J78: 0 | K78: 0 | L78: 0 | M78: 0 | N78: 1:12:185000 | O78: 0 | P78: 0 | Q78: 0 | R78: 0 | S78: 0 | T78: 0 | U78: 10 | Y78: MapBingXue | Z78: 0 | AA78: 12 | AB78: =F78+AA78+Z78 -> 77 | AC78: =AB78+15 -> 92 | AD78: 250 | AE78: 9 | AF78: 15000 | AG78: 20000 | AH78: 10 | AI78: =出怪成长!D122 -> 0 | AJ78: 1:3#2:3|1:10|2:30 | AK78: 0 | AL78: 1#1#0.6|2#2#0.8|3#3#0.9 | AM78: 75#25#25 | AN78: 0 | AO78: 0 | AP78: 200#30001:2;30002:1|500#30002:3 | AQ78: 0 | AR78: ="Lv"&AA78&"" -> Lv12 | AS78: 0 | AT78: 0 | AU78: -584.8:403 | AV78: 0 | AW78: 0 | AX78: 0 | AY78: 700:12:30|100:11:2|50:1:1|5:4:1 | AZ78: 奖励技能点 | BA78: 守住2波攻击 | BB78: 0 | BC78: 50 | BD78: 500 | BE78: 9001+50 | BF78: 5108+33.3 | BG78: 0 | BH78: 7 | BI78: MapBingXue | BJ78: MapBingXue | BK78: 5 | BM78: =BK78*1000+INT(MIN(9,(AA78+1)/1.5))+INT((AA78-1)/6)*100 -> 5108 | BN78: =BM78 -> 5108
A79: 513 | B79: 4 | C79: 守护战 | D79: jinbifuben | E79: 514 | F79: 70 | G79: =F79+20 -> 90 | H79: 0 | I79: 0 | J79: 0 | K79: 0 | L79: 0 | M79: 0 | N79: 1:12:200000 | O79: 0 | P79: 0 | Q79: 0 | R79: 0 | S79: 0 | T79: 0 | U79: 10 | Y79: MapBingXue | Z79: 0 | AA79: 13 | AB79: =F79+AA79+Z79 -> 83 | AC79: =AB79+15 -> 98 | AD79: 250 | AE79: 10 | AF79: 15000 | AG79: 20000 | AH79: 10 | AI79: =出怪成长!D123 -> 0 | AJ79: 1:3#2:3|1:10|2:30 | AK79: 0 | AL79: 1#1#0.6|2#2#0.8|3#3#0.9 | AM79: 87#27#27 | AN79: 0 | AO79: 0 | AP79: 200#30001:2;30002:1|500#30002:3 | AQ79: 0 | AR79: ="Lv"&AA79&"" -> Lv13 | AS79: 0 | AT79: 0 | AU79: -584.8:404 | AV79: 0 | AW79: 0 | AX79: 0 | AY79: 700:12:30|100:11:2|50:1:1|5:4:1 | AZ79: 奖励技能点 | BA79: 守住2波攻击 | BB79: 0 | BC79: 60 | BD79: 600 | BE79: 9001+60 | BF79: 5209+30 | BG79: 0 | BH79: 7 | BI79: MapBingXue | BJ79: MapBingXue | BK79: 5 | BM79: =BK79*1000+INT(MIN(9,(AA79+1)/1.5))+INT((AA79-1)/6)*100 -> 5209 | BN79: =BM79 -> 5209
A80: 601 | B80: 5 | C80: 救援战 | D80: zhuangbeifuben | E80: 602 | F80: 10 | G80: =F80+20 -> 30 | H80: 0 | I80: 0 | J80: 0 | K80: 0 | L80: 0 | M80: 0 | N80: 1:17:400 | O80: 0 | P80: 0 | Q80: 0 | R80: 0 | S80: 0 | T80: 0 | U80: 10 | Y80: MapBingXue | Z80: 0 | AA80: 1 | AB80: =F80+AA80+Z80 -> 11 | AC80: =AB80+15 -> 26 | AD80: 250 | AE80: 3 | AF80: 15000 | AG80: 20000 | AH80: 10 | AI80: =出怪成长!D124 -> 0 | AJ80: 0 | AK80: 0 | AL80: 1#1#1 | AM80: 20#5#5 | AN80: 0 | AO80: 0 | AP80: 200#30001:2;30002:1|500#30002:3 | AQ80: 0 | AR80: ="Lv"&AA80&"" -> Lv1 | AS80: 0 | AT80: 0 | AU80: -584.8:405 | AV80: 0 | AW80: 0 | AX80: 0 | AY80: 700:12:30|100:11:2|50:1:1|5:4:1 | AZ80: 奖励大量经验 | BA80: 在队友被消灭前,打败所有敌人 | BB80: 0 | BC80: 1 | BD80: 10 | BE80: 1001+1.6 | BF80: 2001+3 | BG80: 0 | BH80: 3 | BI80: MapBingXue | BJ80: MapShaMo | BK80: 2 | BM80: =BK80*1000+INT(MIN(9,(AA80+1)/1.5))+INT((AA80-1)/6)*100 -> 2001 | BN80: =BM80 -> 2001 | BP80: =1000+INT(MIN(9,(AA80+1)/1.5))+INT((AA80-1)/6)*100 -> 1001
A81: 602 | B81: 5 | C81: 救援战 | D81: zhuangbeifuben | E81: 603 | F81: 15 | G81: =F81+20 -> 35 | H81: 0 | I81: 0 | J81: 0 | K81: 0 | L81: 0 | M81: 0 | N81: 1:17:480 | O81: 0 | P81: 0 | Q81: 0 | R81: 0 | S81: 0 | T81: 0 | U81: 10 | Y81: MapBingXue | Z81: 0 | AA81: 2 | AB81: =F81+AA81+Z81 -> 17 | AC81: =AB81+15 -> 32 | AD81: 250 | AE81: 3 | AF81: 15000 | AG81: 20000 | AH81: 10 | AI81: =出怪成长!D125 -> 0 | AJ81: 0 | AK81: 0 | AL81: 1#1#1 | AM81: 40#10#10 | AN81: 0 | AO81: 0 | AP81: 200#30001:2;30002:1|500#30002:3 | AQ81: 0 | AR81: ="Lv"&AA81&"" -> Lv2 | AS81: 0 | AT81: 0 | AU81: -584.8:406 | AV81: 0 | AW81: 0 | AX81: 0 | AY81: 700:12:30|100:11:2|50:1:1|5:4:1 | AZ81: 奖励大量经验 | BA81: 在队友被消灭前,打败所有敌人 | BB81: 0 | BC81: 2.5 | BD81: 25 | BE81: 1002+3.2 | BF81: 3002+6 | BG81: 0 | BH81: 3 | BI81: MapBingXue | BJ81: MapSenLin | BK81: 3 | BM81: =BK81*1000+INT(MIN(9,(AA81+1)/1.5))+INT((AA81-1)/6)*100 -> 3002 | BN81: =BM81 -> 3002 | BP81: =1000+INT(MIN(9,(AA81+1)/1.5))+INT((AA81-1)/6)*100 -> 1002
A82: 603 | B82: 5 | C82: 救援战 | D82: zhuangbeifuben | E82: 604 | F82: 20 | G82: =F82+20 -> 40 | H82: 0 | I82: 0 | J82: 0 | K82: 0 | L82: 0 | M82: 0 | N82: 1:17:560 | O82: 0 | P82: 0 | Q82: 0 | R82: 0 | S82: 0 | T82: 0 | U82: 10 | Y82: MapBingXue | Z82: 0 | AA82: 3 | AB82: =F82+AA82+Z82 -> 23 | AC82: =AB82+15 -> 38 | AD82: 250 | AE82: 4 | AF82: 15000 | AG82: 20000 | AH82: 10 | AI82: =出怪成长!D126 -> 0 | AJ82: 0 | AK82: 0 | AL82: 1#1#1 | AM82: 60#15#15 | AN82: 0 | AO82: 0 | AP82: 200#30001:2;30002:1|500#30002:3 | AQ82: 0 | AR82: ="Lv"&AA82&"" -> Lv3 | AS82: 0 | AT82: 0 | AU82: -584.8:407 | AV82: 0 | AW82: 0 | AX82: 0 | AY82: 700:12:30|100:11:2|50:1:1|5:4:1 | AZ82: 奖励大量经验 | BA82: 在队友被消灭前,打败所有敌人 | BB82: 0 | BC82: 8 | BD82: 80 | BE82: 1002+10.2 | BF82: 1002+19.2 | BG82: 0 | BH82: 4 | BI82: MapBingXue | BJ82: MapCandy | BK82: 1 | BM82: =BK82*1000+INT(MIN(9,(AA82+1)/1.5))+INT((AA82-1)/6)*100 -> 1002 | BN82: =BM82 -> 1002 | BP82: =1000+INT(MIN(9,(AA82+1)/1.5))+INT((AA82-1)/6)*100 -> 1002
A83: 604 | B83: 5 | C83: 救援战 | D83: zhuangbeifuben | E83: 605 | F83: 25 | G83: =F83+20 -> 45 | H83: 0 | I83: 0 | J83: 0 | K83: 0 | L83: 0 | M83: 0 | N83: 1:17:640 | O83: 0 | P83: 0 | Q83: 0 | R83: 0 | S83: 0 | T83: 0 | U83: 10 | Y83: MapBingXue | Z83: 0 | AA83: 4 | AB83: =F83+AA83+Z83 -> 29 | AC83: =AB83+15 -> 44 | AD83: 250 | AE83: 4 | AF83: 15000 | AG83: 20000 | AH83: 10 | AI83: =出怪成长!D127 -> 0 | AJ83: 0 | AK83: 0 | AL83: 1#1#1 | AM83: 80#20#20 | AN83: 0 | AO83: 0 | AP83: 200#30001:2;30002:1|500#30002:3 | AQ83: 0 | AR83: ="Lv"&AA83&"" -> Lv4 | AS83: 0 | AT83: 0 | AU83: -584.8:408 | AV83: 0 | AW83: 0 | AX83: 0 | AY83: 700:12:30|100:11:2|50:1:1|5:4:1 | AZ83: 奖励大量经验 | BA83: 在队友被消灭前,打败所有敌人 | BB83: 0 | BC83: 14 | BD83: 140 | BE83: 1003+14.9 | BF83: 1003+28 | BG83: 0 | BH83: 4 | BI83: MapBingXue | BJ83: MapSenLin | BK83: 1 | BM83: =BK83*1000+INT(MIN(9,(AA83+1)/1.5))+INT((AA83-1)/6)*100 -> 1003 | BN83: =BM83 -> 1003 | BP83: =1000+INT(MIN(9,(AA83+1)/1.5))+INT((AA83-1)/6)*100 -> 1003
A84: 605 | B84: 5 | C84: 救援战 | D84: zhuangbeifuben | E84: 606 | F84: 30 | G84: =F84+20 -> 50 | H84: 0 | I84: 0 | J84: 0 | K84: 0 | L84: 0 | M84: 0 | N84: 1:17:720 | O84: 0 | P84: 0 | Q84: 0 | R84: 0 | S84: 0 | T84: 0 | U84: 10 | Y84: MapBingXue | Z84: 0 | AA84: 5 | AB84: =F84+AA84+Z84 -> 35 | AC84: =AB84+15 -> 50 | AD84: 250 | AE84: 5 | AF84: 15000 | AG84: 20000 | AH84: 10 | AI84: =出怪成长!D128 -> 0 | AJ84: 0 | AK84: 0 | AL84: 1#1#1 | AM84: 100#25#25 | AN84: 0 | AO84: 0 | AP84: 200#30001:2;30002:1|500#30002:3 | AQ84: 0 | AR84: ="Lv"&AA84&"" -> Lv5 | AS84: 0 | AT84: 0 | AU84: -584.8:409 | AV84: 0 | AW84: 0 | AX84: 0 | AY84: 700:12:30|100:11:2|50:1:1|5:4:1 | AZ84: 奖励大量经验 | BA84: 在队友被消灭前,打败所有敌人 | BB84: 0 | BC84: 18 | BD84: 180 | BE84: 1004+14.4 | BF84: 5004+27 | BG84: 0 | BH84: 5 | BI84: MapBingXue | BJ84: MapEvil | BK84: 5 | BM84: =BK84*1000+INT(MIN(9,(AA84+1)/1.5))+INT((AA84-1)/6)*100 -> 5004 | BN84: =BM84 -> 5004 | BP84: =1000+INT(MIN(9,(AA84+1)/1.5))+INT((AA84-1)/6)*100 -> 1004
A85: 606 | B85: 5 | C85: 救援战 | D85: zhuangbeifuben | E85: 607 | F85: 35 | G85: =F85+20 -> 55 | H85: 0 | I85: 0 | J85: 0 | K85: 0 | L85: 0 | M85: 0 | N85: 1:17:800 | O85: 0 | P85: 0 | Q85: 0 | R85: 0 | S85: 0 | T85: 0 | U85: 10 | Y85: MapBingXue | Z85: 0 | AA85: 6 | AB85: =F85+AA85+Z85 -> 41 | AC85: =AB85+15 -> 56 | AD85: 250 | AE85: 5 | AF85: 15000 | AG85: 20000 | AH85: 10 | AI85: =出怪成长!D129 -> 0 | AJ85: 0 | AK85: 0 | AL85: 1#1#1 | AM85: 120#30#30 | AN85: 0 | AO85: 0 | AP85: 200#30001:2;30002:1|500#30002:3 | AQ85: 0 | AR85: ="Lv"&AA85&"" -> Lv6 | AS85: 0 | AT85: 0 | AU85: -584.8:410 | AV85: 0 | AW85: 0 | AX85: 0 | AY85: 700:12:30|100:11:2|50:1:1|5:4:1 | AZ85: 奖励大量经验 | BA85: 在队友被消灭前,打败所有敌人 | BB85: 0 | BC85: 22 | BD85: 220 | BE85: 1004+17.6 | BF85: 6004+33 | BG85: 0 | BH85: 5 | BI85: MapBingXue | BJ85: MapBingXue | BK85: 6 | BM85: =BK85*1000+INT(MIN(9,(AA85+1)/1.5))+INT((AA85-1)/6)*100 -> 6004 | BN85: =BM85 -> 6004 | BP85: =1000+INT(MIN(9,(AA85+1)/1.5))+INT((AA85-1)/6)*100 -> 1004
A86: 607 | B86: 5 | C86: 救援战 | D86: zhuangbeifuben | E86: 608 | F86: 40 | G86: =F86+20 -> 60 | H86: 0 | I86: 0 | J86: 0 | K86: 0 | L86: 0 | M86: 0 | N86: 1:17:880 | O86: 0 | P86: 0 | Q86: 0 | R86: 0 | S86: 0 | T86: 0 | U86: 10 | Y86: MapBingXue | Z86: 0 | AA86: 7 | AB86: =F86+AA86+Z86 -> 47 | AC86: =AB86+15 -> 62 | AD86: 250 | AE86: 6 | AF86: 15000 | AG86: 20000 | AH86: 10 | AI86: =出怪成长!D130 -> 0 | AJ86: 0 | AK86: 0 | AL86: 1#1#1 | AM86: 140#35#35 | AN86: 0 | AO86: 0 | AP86: 200#30001:2;30002:1|500#30002:3 | AQ86: 0 | AR86: ="Lv"&AA86&"" -> Lv7 | AS86: 0 | AT86: 0 | AU86: -584.8:411 | AV86: 0 | AW86: 0 | AX86: 0 | AY86: 700:12:30|100:11:2|50:1:1|5:4:1 | AZ86: 奖励大量经验 | BA86: 在队友被消灭前,打败所有敌人 | BB86: 0 | BC86: 26 | BD86: 260 | BE86: 1105+16.6 | BF86: 4105+31.2 | BG86: 0 | BH86: 6 | BI86: MapBingXue | BJ86: MapMagic | BK86: 4 | BM86: =BK86*1000+INT(MIN(9,(AA86+1)/1.5))+INT((AA86-1)/6)*100 -> 4105 | BN86: =BM86 -> 4105 | BP86: =1000+INT(MIN(9,(AA86+1)/1.5))+INT((AA86-1)/6)*100 -> 1105
A87: 608 | B87: 5 | C87: 救援战 | D87: zhuangbeifuben | E87: 609 | F87: 45 | G87: =F87+20 -> 65 | H87: 0 | I87: 0 | J87: 0 | K87: 0 | L87: 0 | M87: 0 | N87: 1:17:960 | O87: 0 | P87: 0 | Q87: 0 | R87: 0 | S87: 0 | T87: 0 | U87: 10 | Y87: MapBingXue | Z87: 0 | AA87: 8 | AB87: =F87+AA87+Z87 -> 53 | AC87: =AB87+15 -> 68 | AD87: 250 | AE87: 6 | AF87: 15000 | AG87: 20000 | AH87: 10 | AI87: =出怪成长!D131 -> 0 | AJ87: 0 | AK87: 0 | AL87: 1#1#1 | AM87: 160#40#40 | AN87: 0 | AO87: 0 | AP87: 200#30001:2;30002:1|500#30002:3 | AQ87: 0 | AR87: ="Lv"&AA87&"" -> Lv8 | AS87: 0 | AT87: 0 | AU87: -584.8:412 | AV87: 0 | AW87: 0 | AX87: 0 | AY87: 700:12:30|100:11:2|50:1:1|5:4:1 | AZ87: 奖励大量经验 | BA87: 在队友被消灭前,打败所有敌人 | BB87: 0 | BC87: 30 | BD87: 300 | BE87: 1106+14.7 | BF87: 3106+27.6 | BG87: 0 | BH87: 6 | BI87: MapBingXue | BJ87: MapEvil | BK87: 3 | BM87: =BK87*1000+INT(MIN(9,(AA87+1)/1.5))+INT((AA87-1)/6)*100 -> 3106 | BN87: =BM87 -> 3106 | BP87: =1000+INT(MIN(9,(AA87+1)/1.5))+INT((AA87-1)/6)*100 -> 1106
A88: 609 | B88: 5 | C88: 救援战 | D88: zhuangbeifuben | E88: 610 | F88: 50 | G88: =F88+20 -> 70 | H88: 0 | I88: 0 | J88: 0 | K88: 0 | L88: 0 | M88: 0 | N88: 1:17:1040 | O88: 0 | P88: 0 | Q88: 0 | R88: 0 | S88: 0 | T88: 0 | U88: 10 | Y88: MapBingXue | Z88: 0 | AA88: 9 | AB88: =F88+AA88+Z88 -> 59 | AC88: =AB88+15 -> 74 | AD88: 250 | AE88: 7 | AF88: 15000 | AG88: 20000 | AH88: 10 | AI88: =出怪成长!D132 -> 0 | AJ88: 0 | AK88: 0 | AL88: 1#1#1 | AM88: 180#45#45 | AN88: 0 | AO88: 0 | AP88: 200#30001:2;30002:1|500#30002:3 | AQ88: 0 | AR88: ="Lv"&AA88&"" -> Lv9 | AS88: 0 | AT88: 0 | AU88: -584.8:413 | AV88: 0 | AW88: 0 | AX88: 0 | AY88: 700:12:30|100:11:2|50:1:1|5:4:1 | AZ88: 奖励大量经验 | BA88: 在队友被消灭前,打败所有敌人 | BB88: 0 | BC88: 35 | BD88: 350 | BE88: 1106+17.2 | BF88: 1106+32.3 | BG88: 0 | BH88: 7 | BI88: MapBingXue | BJ88: MapDragon | BK88: 1 | BM88: =BK88*1000+INT(MIN(9,(AA88+1)/1.5))+INT((AA88-1)/6)*100 -> 1106 | BN88: =BM88 -> 1106 | BP88: =1000+INT(MIN(9,(AA88+1)/1.5))+INT((AA88-1)/6)*100 -> 1106
A89: 610 | B89: 5 | C89: 救援战 | D89: zhuangbeifuben | E89: 611 | F89: 55 | G89: =F89+20 -> 75 | H89: 0 | I89: 0 | J89: 0 | K89: 0 | L89: 0 | M89: 0 | N89: 1:17:1120 | O89: 0 | P89: 0 | Q89: 0 | R89: 0 | S89: 0 | T89: 0 | U89: 10 | Y89: MapBingXue | Z89: 0 | AA89: 10 | AB89: =F89+AA89+Z89 -> 65 | AC89: =AB89+15 -> 80 | AD89: 250 | AE89: 7 | AF89: 15000 | AG89: 20000 | AH89: 10 | AI89: =出怪成长!D133 -> 0 | AJ89: 0 | AK89: 0 | AL89: 1#1#1 | AM89: 200#50#50 | AN89: 0 | AO89: 0 | AP89: 200#30001:2;30002:1|500#30002:3 | AQ89: 0 | AR89: ="Lv"&AA89&"" -> Lv10 | AS89: 0 | AT89: 0 | AU89: -584.8:414 | AV89: 0 | AW89: 0 | AX89: 0 | AY89: 700:12:30|100:11:2|50:1:1|5:4:1 | AZ89: 奖励大量经验 | BA89: 在队友被消灭前,打败所有敌人 | BB89: 0 | BC89: 40 | BD89: 400 | BE89: 1107+18.2 | BF89: 4107+34.2 | BG89: 0 | BH89: 7 | BI89: MapBingXue | BJ89: MapEvil | BK89: 4 | BM89: =BK89*1000+INT(MIN(9,(AA89+1)/1.5))+INT((AA89-1)/6)*100 -> 4107 | BN89: =BM89 -> 4107 | BP89: =1000+INT(MIN(9,(AA89+1)/1.5))+INT((AA89-1)/6)*100 -> 1107
A90: 611 | B90: 5 | C90: 救援战 | D90: zhuangbeifuben | E90: 612 | F90: 60 | G90: =F90+20 -> 80 | H90: 0 | I90: 0 | J90: 0 | K90: 0 | L90: 0 | M90: 0 | N90: 1:17:1200 | O90: 0 | P90: 0 | Q90: 0 | R90: 0 | S90: 0 | T90: 0 | U90: 10 | Y90: MapBingXue | Z90: 0 | AA90: 11 | AB90: =F90+AA90+Z90 -> 71 | AC90: =AB90+15 -> 86 | AD90: 250 | AE90: 8 | AF90: 15000 | AG90: 20000 | AH90: 10 | AI90: =出怪成长!D134 -> 0 | AJ90: 0 | AK90: 0 | AL90: 1#1#1 | AM90: 220#55#55 | AN90: 0 | AO90: 0 | AP90: 200#30001:2;30002:1|500#30002:3 | AQ90: 0 | AR90: ="Lv"&AA90&"" -> Lv11 | AS90: 0 | AT90: 0 | AU90: -584.8:415 | AV90: 0 | AW90: 0 | AX90: 0 | AY90: 700:12:30|100:11:2|50:1:1|5:4:1 | AZ90: 奖励大量经验 | BA90: 在队友被消灭前,打败所有敌人 | BB90: 0 | BC90: 45 | BD90: 450 | BE90: 1108+16 | BF90: 4108+30 | BG90: 0 | BH90: 7 | BI90: MapBingXue | BJ90: MapEvil | BK90: 4 | BM90: =BK90*1000+INT(MIN(9,(AA90+1)/1.5))+INT((AA90-1)/6)*100 -> 4108 | BN90: =BM90 -> 4108 | BP90: =1000+INT(MIN(9,(AA90+1)/1.5))+INT((AA90-1)/6)*100 -> 1108
A91: 612 | B91: 5 | C91: 救援战 | D91: zhuangbeifuben | E91: 613 | F91: 65 | G91: =F91+20 -> 85 | H91: 0 | I91: 0 | J91: 0 | K91: 0 | L91: 0 | M91: 0 | N91: 1:17:1300 | O91: 0 | P91: 0 | Q91: 0 | R91: 0 | S91: 0 | T91: 0 | U91: 10 | Y91: MapBingXue | Z91: 0 | AA91: 12 | AB91: =F91+AA91+Z91 -> 77 | AC91: =AB91+15 -> 92 | AD91: 250 | AE91: 9 | AF91: 15000 | AG91: 20000 | AH91: 10 | AI91: =出怪成长!D135 -> 0 | AJ91: 0 | AK91: 0 | AL91: 1#1#1 | AM91: 240#60#60 | AN91: 0 | AO91: 0 | AP91: 200#30001:2;30002:1|500#30002:3 | AQ91: 0 | AR91: ="Lv"&AA91&"" -> Lv12 | AS91: 0 | AT91: 0 | AU91: -584.8:416 | AV91: 0 | AW91: 0 | AX91: 0 | AY91: 700:12:30|100:11:2|50:1:1|5:4:1 | AZ91: 奖励大量经验 | BA91: 在队友被消灭前,打败所有敌人 | BB91: 0 | BC91: 50 | BD91: 500 | BE91: 1108+17.7 | BF91: 4108+33.3 | BG91: 0 | BH91: 7 | BI91: MapBingXue | BJ91: MapEvil | BK91: 4 | BM91: =BK91*1000+INT(MIN(9,(AA91+1)/1.5))+INT((AA91-1)/6)*100 -> 4108 | BN91: =BM91 -> 4108 | BP91: =1000+INT(MIN(9,(AA91+1)/1.5))+INT((AA91-1)/6)*100 -> 1108
A92: 613 | B92: 5 | C92: 救援战 | D92: zhuangbeifuben | E92: 614 | F92: 70 | G92: =F92+20 -> 90 | H92: 0 | I92: 0 | J92: 0 | K92: 0 | L92: 0 | M92: 0 | N92: 1:17:1400 | O92: 0 | P92: 0 | Q92: 0 | R92: 0 | S92: 0 | T92: 0 | U92: 10 | Y92: MapBingXue | Z92: 0 | AA92: 13 | AB92: =F92+AA92+Z92 -> 83 | AC92: =AB92+15 -> 98 | AD92: 250 | AE92: 10 | AF92: 15000 | AG92: 20000 | AH92: 10 | AI92: =出怪成长!D136 -> 0 | AJ92: 0 | AK92: 0 | AL92: 1#1#1 | AM92: 260#65#65 | AN92: 0 | AO92: 0 | AP92: 200#30001:2;30002:1|500#30002:3 | AQ92: 0 | AR92: ="Lv"&AA92&"" -> Lv13 | AS92: 0 | AT92: 0 | AU92: -584.8:417 | AV92: 0 | AW92: 0 | AX92: 0 | AY92: 700:12:30|100:11:2|50:1:1|5:4:1 | AZ92: 奖励大量经验 | BA92: 在队友被消灭前,打败所有敌人 | BB92: 0 | BC92: 60 | BD92: 600 | BE92: 1209+16 | BF92: 4209+30 | BG92: 0 | BH92: 7 | BI92: MapBingXue | BJ92: MapEvil | BK92: 4 | BM92: =BK92*1000+INT(MIN(9,(AA92+1)/1.5))+INT((AA92-1)/6)*100 -> 4209 | BN92: =BM92 -> 4209 | BP92: =1000+INT(MIN(9,(AA92+1)/1.5))+INT((AA92-1)/6)*100 -> 1209
A93: 701 | B93: 6 | C93: 护送 | D93: husongzhan | E93: 702 | F93: 27 | G93: =F93+20 -> 47 | H93: 0 | I93: 0 | J93: 0 | K93: 0 | L93: 0 | M93: 0 | N93: 6:1:1|6:2:1 | O93: 0 | P93: 0 | Q93: 0 | R93: 0 | S93: 0 | T93: 0 | U93: 10 | Y93: MapBingXue | Z93: 0 | AA93: 1 | AB93: =F93+AA93+Z93 -> 28 | AC93: =AB93+15 -> 43 | AD93: 250 | AE93: 3 | AF93: 15000 | AG93: 20000 | AH93: 10 | AI93: =出怪成长!D137 -> 0 | AJ93: 1:10#2:10|1:10|2:10|0:10|0:10|0:10|0:10|0:10|0:10|0:10 | AK93: 0 | AL93: 1#1#0.6|4#2#0.8|5#3#0.9 | AM93: 20#5#5 | AN93: 0 | AO93: 0 | AP93: 200#30001:2;30002:1|500#30002:3 | AQ93: 0 | AR93: ="Lv"&AA93&"" -> Lv1 | AS93: 0 | AT93: 0 | AU93: -584.8:418 | AV93: 0 | AW93: 0 | AX93: 0 | AY93: 700:12:30|100:11:2|50:1:1|5:4:1 | AZ93: 奖励稀有装备 | BA93: =[1]BoxReward!AQ4 -> 0 | BB93: 0 | BC93: 1 | BD93: 10 | BE93: 9002+0.5 | BF93: 1001+3 | BG93: 0 | BH93: 3 | BI93: MapBingXue | BJ93: MapCandy | BK93: 1 | BM93: =BK93*1000+INT(MIN(9,(AA93+1)/1.5))+INT((AA93-1)/6)*100 -> 1001 | BN93: =BM93 -> 1001
A94: 702 | B94: 6 | C94: 护送 | D94: husongzhan | E94: 703 | F94: 28 | G94: =F94+20 -> 48 | H94: 0 | I94: 0 | J94: 0 | K94: 0 | L94: 0 | M94: 0 | N94: 6:1:1|6:2:1|6:3:1 | O94: 0 | P94: 0 | Q94: 0 | R94: 0 | S94: 0 | T94: 0 | U94: 10 | Y94: MapBingXue | Z94: 0 | AA94: 2 | AB94: =F94+AA94+Z94 -> 30 | AC94: =AB94+15 -> 45 | AD94: 250 | AE94: 3 | AF94: 15000 | AG94: 20000 | AH94: 10 | AI94: =出怪成长!D138 -> 0 | AJ94: 1:10#2:10|1:10|2:10|0:10|0:10|0:10|0:10|0:10|0:10|0:10 | AK94: 0 | AL94: 1#1#0.6|4#2#0.8|5#3#0.9 | AM94: 20#5#5 | AN94: 0 | AO94: 0 | AP94: 200#30001:2;30002:1|500#30002:3 | AQ94: 0 | AR94: ="Lv"&AA94&"" -> Lv2 | AS94: 0 | AT94: 0 | AU94: -584.8:419 | AV94: 0 | AW94: 0 | AX94: 0 | AY94: 700:12:30|100:11:2|50:1:1|5:4:1 | AZ94: 奖励稀有装备 | BA94: =[1]BoxReward!AQ5 -> 0 | BB94: 0 | BC94: 2.5 | BD94: 25 | BE94: 9002+1.25 | BF94: 2002+6 | BG94: 0 | BH94: 3 | BI94: MapBingXue | BJ94: MapSenLin | BK94: 2 | BM94: =BK94*1000+INT(MIN(9,(AA94+1)/1.5))+INT((AA94-1)/6)*100 -> 2002 | BN94: =BM94 -> 2002
A95: 703 | B95: 6 | C95: 护送 | D95: husongzhan | E95: 704 | F95: =F94+1 -> 29 | G95: =F95+20 -> 49 | H95: 0 | I95: 0 | J95: 0 | K95: 0 | L95: 0 | M95: 0 | N95: 6:2:1|6:3:1|6:4:1 | O95: 0 | P95: 0 | Q95: 0 | R95: 0 | S95: 0 | T95: 0 | U95: 10 | Y95: MapBingXue | Z95: 0 | AA95: 3 | AB95: =F95+AA95+Z95 -> 32 | AC95: =AB95+15 -> 47 | AD95: 250 | AE95: 4 | AF95: 15000 | AG95: 20000 | AH95: 10 | AI95: =出怪成长!D139 -> 0 | AJ95: 1:10#2:10|1:10|2:10|0:10|0:10|0:10|0:10|0:10|0:10|0:10 | AK95: 0 | AL95: 1#1#0.6|4#2#0.8|5#3#0.9 | AM95: 20#5#5 | AN95: 0 | AO95: 0 | AP95: 200#30001:2;30002:1|500#30002:3 | AQ95: 0 | AR95: ="Lv"&AA95&"" -> Lv3 | AS95: 0 | AT95: 0 | AU95: -584.8:420 | AV95: 0 | AW95: 0 | AX95: 0 | AY95: 700:12:30|100:11:2|50:1:1|5:4:1 | AZ95: 奖励稀有装备 | BA95: =[1]BoxReward!AQ6 -> 0 | BB95: 0 | BC95: 8 | BD95: 80 | BE95: 9002+4 | BF95: 6002+19.2 | BG95: 0 | BH95: 4 | BI95: MapBingXue | BJ95: MapDragon | BK95: 6 | BM95: =BK95*1000+INT(MIN(9,(AA95+1)/1.5))+INT((AA95-1)/6)*100 -> 6002 | BN95: =BM95 -> 6002
A96: 704 | B96: 6 | C96: 护送 | D96: husongzhan | E96: 705 | F96: 29 | G96: =F96+20 -> 49 | H96: 0 | I96: 0 | J96: 0 | K96: 0 | L96: 0 | M96: 0 | N96: 6:3:1|6:4:1|6:5:1 | O96: 0 | P96: 0 | Q96: 0 | R96: 0 | S96: 0 | T96: 0 | U96: 10 | Y96: MapBingXue | Z96: 0 | AA96: 4 | AB96: =F96+AA96+Z96 -> 33 | AC96: =AB96+15 -> 48 | AD96: 250 | AE96: 4 | AF96: 15000 | AG96: 20000 | AH96: 10 | AI96: =出怪成长!D140 -> 0 | AJ96: 1:10#2:10|1:10|2:10|0:10|0:10|0:10|0:10|0:10|0:10|0:10 | AK96: 0 | AL96: 1#1#0.6|4#2#0.8|5#3#0.9 | AM96: 20#5#5 | AN96: 0 | AO96: 0 | AP96: 200#30001:2;30002:1|500#30002:3 | AQ96: 0 | AR96: ="Lv"&AA96&"" -> Lv4 | AS96: 0 | AT96: 0 | AU96: -584.8:421 | AV96: 0 | AW96: 0 | AX96: 0 | AY96: 700:12:30|100:11:2|50:1:1|5:4:1 | AZ96: 奖励稀有装备 | BA96: =[1]BoxReward!AQ7 -> 0 | BB96: 0 | BC96: 14 | BD96: 140 | BE96: 9002+7 | BF96: 3003+28 | BG96: 0 | BH96: 4 | BI96: MapBingXue | BJ96: MapShaMo | BK96: 3 | BM96: =BK96*1000+INT(MIN(9,(AA96+1)/1.5))+INT((AA96-1)/6)*100 -> 3003 | BN96: =BM96 -> 3003
A97: 705 | B97: 6 | C97: 护送 | D97: husongzhan | E97: 706 | F97: =F96+1 -> 30 | G97: =F97+20 -> 50 | H97: 0 | I97: 0 | J97: 0 | K97: 0 | L97: 0 | M97: 0 | N97: 6:4:1|6:5:1|6:6:1 | O97: 0 | P97: 0 | Q97: 0 | R97: 0 | S97: 0 | T97: 0 | U97: 10 | Y97: MapBingXue | Z97: 0 | AA97: 5 | AB97: =F97+AA97+Z97 -> 35 | AC97: =AB97+15 -> 50 | AD97: 250 | AE97: 5 | AF97: 15000 | AG97: 20000 | AH97: 10 | AI97: =出怪成长!D141 -> 0 | AJ97: 1:10#2:10|1:10|2:10|0:10|0:10|0:10|0:10|0:10|0:10|0:10 | AK97: 0 | AL97: 1#1#0.6|4#2#0.8|5#3#0.9 | AM97: 20#5#5 | AN97: 0 | AO97: 0 | AP97: 200#30001:2;30002:1|500#30002:3 | AQ97: 0 | AR97: ="Lv"&AA97&"" -> Lv5 | AS97: 0 | AT97: 0 | AU97: -584.8:422 | AV97: 0 | AW97: 0 | AX97: 0 | AY97: 700:12:30|100:11:2|50:1:1|5:4:1 | AZ97: 奖励稀有装备 | BA97: =[1]BoxReward!AQ8 -> 0 | BB97: 0 | BC97: 18 | BD97: 180 | BE97: 9002+9 | BF97: 6004+27 | BG97: 0 | BH97: 5 | BI97: MapBingXue | BJ97: MapDead | BK97: 6 | BM97: =BK97*1000+INT(MIN(9,(AA97+1)/1.5))+INT((AA97-1)/6)*100 -> 6004 | BN97: =BM97 -> 6004
A98: 706 | B98: 6 | C98: 护送 | D98: husongzhan | E98: 707 | F98: 30 | G98: =F98+20 -> 50 | H98: 0 | I98: 0 | J98: 0 | K98: 0 | L98: 0 | M98: 0 | N98: 6:5:1|6:6:1|6:7:1 | O98: 0 | P98: 0 | Q98: 0 | R98: 0 | S98: 0 | T98: 0 | U98: 10 | Y98: MapBingXue | Z98: 0 | AA98: 6 | AB98: =F98+AA98+Z98 -> 36 | AC98: =AB98+15 -> 51 | AD98: 250 | AE98: 5 | AF98: 15000 | AG98: 20000 | AH98: 10 | AI98: =出怪成长!D142 -> 0 | AJ98: 1:10#2:10|1:10|2:10|0:10|0:10|0:10|0:10|0:10|0:10|0:10 | AK98: 0 | AL98: 1#1#0.6|4#2#0.8|5#3#0.9 | AM98: 20#5#5 | AN98: 0 | AO98: 0 | AP98: 200#30001:2;30002:1|500#30002:3 | AQ98: 0 | AR98: ="Lv"&AA98&"" -> Lv6 | AS98: 0 | AT98: 0 | AU98: -584.8:423 | AV98: 0 | AW98: 0 | AX98: 0 | AY98: 700:12:30|100:11:2|50:1:1|5:4:1 | AZ98: 奖励稀有装备 | BA98: =[1]BoxReward!AQ9 -> 0 | BB98: 0 | BC98: 22 | BD98: 220 | BE98: 9002+11 | BF98: 5004+33 | BG98: 0 | BH98: 5 | BI98: MapBingXue | BJ98: MapEvil | BK98: 5 | BM98: =BK98*1000+INT(MIN(9,(AA98+1)/1.5))+INT((AA98-1)/6)*100 -> 5004 | BN98: =BM98 -> 5004
A99: 707 | B99: 6 | C99: 护送 | D99: husongzhan | E99: 708 | F99: =F98+1 -> 31 | G99: =F99+20 -> 51 | H99: 0 | I99: 0 | J99: 0 | K99: 0 | L99: 0 | M99: 0 | N99: 6:6:1|6:7:1|6:8:1 | O99: 0 | P99: 0 | Q99: 0 | R99: 0 | S99: 0 | T99: 0 | U99: 10 | Y99: MapBingXue | Z99: 0 | AA99: 7 | AB99: =F99+AA99+Z99 -> 38 | AC99: =AB99+15 -> 53 | AD99: 250 | AE99: 6 | AF99: 15000 | AG99: 20000 | AH99: 10 | AI99: =出怪成长!D143 -> 0 | AJ99: 1:10#2:10|1:10|2:10|0:10|0:10|0:10|0:10|0:10|0:10|0:10 | AK99: 0 | AL99: 1#1#0.6|4#2#0.8|5#3#0.9 | AM99: 20#5#5 | AN99: 0 | AO99: 0 | AP99: 200#30001:2;30002:1|500#30002:3 | AQ99: 0 | AR99: ="Lv"&AA99&"" -> Lv7 | AS99: 0 | AT99: 0 | AU99: -584.8:424 | AV99: 0 | AW99: 0 | AX99: 0 | AY99: 700:12:30|100:11:2|50:1:1|5:4:1 | AZ99: 奖励稀有装备 | BA99: =[1]BoxReward!AQ10 -> 0 | BB99: 0 | BC99: 26 | BD99: 260 | BE99: 9002+13 | BF99: 3105+31.2 | BG99: 0 | BH99: 6 | BI99: MapBingXue | BJ99: MapMagic | BK99: 3 | BM99: =BK99*1000+INT(MIN(9,(AA99+1)/1.5))+INT((AA99-1)/6)*100 -> 3105 | BN99: =BM99 -> 3105
A100: 708 | B100: 6 | C100: 护送 | D100: husongzhan | E100: 709 | F100: 31 | G100: =F100+20 -> 51 | H100: 0 | I100: 0 | J100: 0 | K100: 0 | L100: 0 | M100: 0 | N100: 6:7:1|6:8:1|6:9:1 | O100: 0 | P100: 0 | Q100: 0 | R100: 0 | S100: 0 | T100: 0 | U100: 10 | Y100: MapBingXue | Z100: 0 | AA100: 8 | AB100: =F100+AA100+Z100 -> 39 | AC100: =AB100+15 -> 54 | AD100: 250 | AE100: 6 | AF100: 15000 | AG100: 20000 | AH100: 10 | AI100: =出怪成长!D144 -> 0 | AJ100: 1:10#2:10|1:10|2:10|0:10|0:10|0:10|0:10|0:10|0:10|0:10 | AK100: 0 | AL100: 1#1#0.6|4#2#0.8|5#3#0.9 | AM100: 20#5#5 | AN100: 0 | AO100: 0 | AP100: 200#30001:2;30002:1|500#30002:3 | AQ100: 0 | AR100: ="Lv"&AA100&"" -> Lv8 | AS100: 0 | AT100: 0 | AU100: -584.8:425 | AV100: 0 | AW100: 0 | AX100: 0 | AY100: 700:12:30|100:11:2|50:1:1|5:4:1 | AZ100: 奖励稀有装备 | BA100: =[1]BoxReward!AQ11 -> 0 | BB100: 0 | BC100: 30 | BD100: 300 | BE100: 9002+15 | BF100: 1106+27.6 | BG100: 0 | BH100: 6 | BI100: MapBingXue | BJ100: MapBingXue | BK100: 1 | BM100: =BK100*1000+INT(MIN(9,(AA100+1)/1.5))+INT((AA100-1)/6)*100 -> 1106 | BN100: =BM100 -> 1106
A101: 709 | B101: 6 | C101: 护送 | D101: husongzhan | E101: 710 | F101: =F100+1 -> 32 | G101: =F101+20 -> 52 | H101: 0 | I101: 0 | J101: 0 | K101: 0 | L101: 0 | M101: 0 | N101: 6:8:1|6:9:1|6:10:1 | O101: 0 | P101: 0 | Q101: 0 | R101: 0 | S101: 0 | T101: 0 | U101: 10 | Y101: MapBingXue | Z101: 0 | AA101: 9 | AB101: =F101+AA101+Z101 -> 41 | AC101: =AB101+15 -> 56 | AD101: 250 | AE101: 7 | AF101: 15000 | AG101: 20000 | AH101: 10 | AI101: =出怪成长!D145 -> 0 | AJ101: 1:10#2:10|1:10|2:10|0:10|0:10|0:10|0:10|0:10|0:10|0:10 | AK101: 0 | AL101: 1#1#0.6|4#2#0.8|5#3#0.9 | AM101: 20#5#5 | AN101: 0 | AO101: 0 | AP101: 200#30001:2;30002:1|500#30002:3 | AQ101: 0 | AR101: ="Lv"&AA101&"" -> Lv9 | AS101: 0 | AT101: 0 | AU101: -584.8:426 | AV101: 0 | AW101: 0 | AX101: 0 | AY101: 700:12:30|100:11:2|50:1:1|5:4:1 | AZ101: 奖励稀有装备 | BA101: =[1]BoxReward!AQ12 -> 0 | BB101: 0 | BC101: 35 | BD101: 350 | BE101: 9002+17.5 | BF101: 5106+32.3 | BG101: 0 | BH101: 7 | BI101: MapBingXue | BJ101: MapEvil | BK101: 5 | BM101: =BK101*1000+INT(MIN(9,(AA101+1)/1.5))+INT((AA101-1)/6)*100 -> 5106 | BN101: =BM101 -> 5106
A102: 710 | B102: 6 | C102: 护送 | D102: husongzhan | E102: 711 | F102: 32 | G102: =F102+20 -> 52 | H102: 0 | I102: 0 | J102: 0 | K102: 0 | L102: 0 | M102: 0 | N102: 6:9:1|6:10:1|6:11:1 | O102: 0 | P102: 0 | Q102: 0 | R102: 0 | S102: 0 | T102: 0 | U102: 10 | Y102: MapBingXue | Z102: 0 | AA102: 10 | AB102: =F102+AA102+Z102 -> 42 | AC102: =AB102+15 -> 57 | AD102: 250 | AE102: 7 | AF102: 15000 | AG102: 20000 | AH102: 10 | AI102: =出怪成长!D146 -> 0 | AJ102: 1:10#2:10|1:10|2:10|0:10|0:10|0:10|0:10|0:10|0:10|0:10 | AK102: 0 | AL102: 1#1#0.6|4#2#0.8|5#3#0.9 | AM102: 20#5#5 | AN102: 0 | AO102: 0 | AP102: 200#30001:2;30002:1|500#30002:3 | AQ102: 0 | AR102: ="Lv"&AA102&"" -> Lv10 | AS102: 0 | AT102: 0 | AU102: -584.8:427 | AV102: 0 | AW102: 0 | AX102: 0 | AY102: 700:12:30|100:11:2|50:1:1|5:4:1 | AZ102: 奖励稀有装备 | BA102: =[1]BoxReward!AQ13 -> 0 | BB102: 0 | BC102: 40 | BD102: 400 | BE102: 9002+20 | BF102: 5107+34.2 | BG102: 0 | BH102: 7 | BI102: MapBingXue | BJ102: MapDragon | BK102: 5 | BM102: =BK102*1000+INT(MIN(9,(AA102+1)/1.5))+INT((AA102-1)/6)*100 -> 5107 | BN102: =BM102 -> 5107
A103: 711 | B103: 6 | C103: 护送 | D103: husongzhan | E103: 712 | F103: =F102+1 -> 33 | G103: =F103+20 -> 53 | H103: 0 | I103: 0 | J103: 0 | K103: 0 | L103: 0 | M103: 0 | N103: 6:10:1|6:11:1|6:12:1 | O103: 0 | P103: 0 | Q103: 0 | R103: 0 | S103: 0 | T103: 0 | U103: 10 | Y103: MapBingXue | Z103: 0 | AA103: 11 | AB103: =F103+AA103+Z103 -> 44 | AC103: =AB103+15 -> 59 | AD103: 250 | AE103: 8 | AF103: 15000 | AG103: 20000 | AH103: 10 | AI103: =出怪成长!D147 -> 0 | AJ103: 1:10#2:10|1:10|2:10|0:10|0:10|0:10|0:10|0:10|0:10|0:10 | AK103: 0 | AL103: 1#1#0.6|4#2#0.8|5#3#0.9 | AM103: 20#5#5 | AN103: 0 | AO103: 0 | AP103: 200#30001:2;30002:1|500#30002:3 | AQ103: 0 | AR103: ="Lv"&AA103&"" -> Lv11 | AS103: 0 | AT103: 0 | AU103: -584.8:428 | AV103: 0 | AW103: 0 | AX103: 0 | AY103: 700:12:30|100:11:2|50:1:1|5:4:1 | AZ103: 奖励稀有装备 | BA103: =[1]BoxReward!AQ14 -> 0 | BB103: 0 | BC103: 45 | BD103: 450 | BE103: 9002+22.5 | BF103: 5108+30 | BG103: 0 | BH103: 7 | BI103: MapBingXue | BJ103: MapDragon | BK103: 5 | BM103: =BK103*1000+INT(MIN(9,(AA103+1)/1.5))+INT((AA103-1)/6)*100 -> 5108 | BN103: =BM103 -> 5108
A104: 712 | B104: 6 | C104: 护送 | D104: husongzhan | E104: 713 | F104: 33 | G104: =F104+20 -> 53 | H104: 0 | I104: 0 | J104: 0 | K104: 0 | L104: 0 | M104: 0 | N104: 6:11:1|6:12:1|6:13:1 | O104: 0 | P104: 0 | Q104: 0 | R104: 0 | S104: 0 | T104: 0 | U104: 10 | Y104: MapBingXue | Z104: 0 | AA104: 12 | AB104: =F104+AA104+Z104 -> 45 | AC104: =AB104+15 -> 60 | AD104: 250 | AE104: 9 | AF104: 15000 | AG104: 20000 | AH104: 10 | AI104: =出怪成长!D148 -> 0 | AJ104: 1:10#2:10|1:10|2:10|0:10|0:10|0:10|0:10|0:10|0:10|0:10 | AK104: 0 | AL104: 1#1#0.6|4#2#0.8|5#3#0.9 | AM104: 20#5#5 | AN104: 0 | AO104: 0 | AP104: 200#30001:2;30002:1|500#30002:3 | AQ104: 0 | AR104: ="Lv"&AA104&"" -> Lv12 | AS104: 0 | AT104: 0 | AU104: -584.8:429 | AV104: 0 | AW104: 0 | AX104: 0 | AY104: 700:12:30|100:11:2|50:1:1|5:4:1 | AZ104: 奖励稀有装备 | BA104: =[1]BoxReward!AQ15 -> 0 | BB104: 0 | BC104: 50 | BD104: 500 | BE104: 9002+25 | BF104: 5108+33.3 | BG104: 0 | BH104: 7 | BI104: MapBingXue | BJ104: MapDragon | BK104: 5 | BM104: =BK104*1000+INT(MIN(9,(AA104+1)/1.5))+INT((AA104-1)/6)*100 -> 5108 | BN104: =BM104 -> 5108
A105: 713 | B105: 6 | C105: 护送 | D105: husongzhan | E105: 714 | F105: =F104+1 -> 34 | G105: =F105+20 -> 54 | H105: 0 | I105: 0 | J105: 0 | K105: 0 | L105: 0 | M105: 0 | N105: 6:12:1|6:13:1|6:14:1 | O105: 0 | P105: 0 | Q105: 0 | R105: 0 | S105: 0 | T105: 0 | U105: 10 | Y105: MapBingXue | Z105: 0 | AA105: 13 | AB105: =F105+AA105+Z105 -> 47 | AC105: =AB105+15 -> 62 | AD105: 250 | AE105: 10 | AF105: 15000 | AG105: 20000 | AH105: 10 | AI105: =出怪成长!D149 -> 0 | AJ105: 1:10#2:10|1:10|2:10|0:10|0:10|0:10|0:10|0:10|0:10|0:10 | AK105: 0 | AL105: 1#1#0.6|4#2#0.8|5#3#0.9 | AM105: 20#5#5 | AN105: 0 | AO105: 0 | AP105: 200#30001:2;30002:1|500#30002:3 | AQ105: 0 | AR105: ="Lv"&AA105&"" -> Lv13 | AS105: 0 | AT105: 0 | AU105: -584.8:430 | AV105: 0 | AW105: 0 | AX105: 0 | AY105: 700:12:30|100:11:2|50:1:1|5:4:1 | AZ105: 奖励稀有装备 | BA105: =[1]BoxReward!AQ16 -> 0 | BB105: 0 | BC105: 60 | BD105: 600 | BE105: 9002+30 | BF105: 5209+30 | BG105: 0 | BH105: 7 | BI105: MapBingXue | BJ105: MapDragon | BK105: 5 | BM105: =BK105*1000+INT(MIN(9,(AA105+1)/1.5))+INT((AA105-1)/6)*100 -> 5209 | BN105: =BM105 -> 5209
A106: 714 | B106: 6 | C106: 护送 | D106: husongzhan | E106: 715 | F106: 34 | G106: =F106+20 -> 54 | H106: 0 | I106: 0 | J106: 0 | K106: 0 | L106: 0 | M106: 0 | N106: 6:13:1|6:14:1|6:15:1 | O106: 0 | P106: 0 | Q106: 0 | R106: 0 | S106: 0 | T106: 0 | U106: 10 | Y106: MapBingXue | Z106: 0 | AA106: 14 | AB106: =F106+AA106+Z106 -> 48 | AC106: =AB106+15 -> 63 | AD106: 250 | AE106: 11 | AF106: 15000 | AG106: 20000 | AH106: 10 | AI106: =出怪成长!D150 -> 0 | AJ106: 1:10#2:10|1:10|2:10|0:10|0:10|0:10|0:10|0:10|0:10|0:10 | AK106: 0 | AL106: 1#1#0.6|4#2#0.8|5#3#0.9 | AM106: 20#5#5 | AN106: 0 | AO106: 0 | AP106: 200#30001:2;30002:1|500#30002:3 | AQ106: 0 | AR106: ="Lv"&AA106&"" -> Lv14 | AS106: 0 | AT106: 0 | AU106: -584.8:431 | AV106: 0 | AW106: 0 | AX106: 0 | AY106: 700:12:30|100:11:2|50:1:1|5:4:1 | AZ106: 奖励稀有装备 | BA106: =[1]BoxReward!AQ17 -> 0 | BB106: 0 | BC106: 70 | BD106: 700 | BE106: 9002+35 | BF106: 5209+35 | BG106: 0 | BH106: 7 | BI106: MapBingXue | BJ106: MapDragon | BK106: 5 | BM106: =BK106*1000+INT(MIN(9,(AA106+1)/1.5))+INT((AA106-1)/6)*100 -> 5209 | BN106: =BM106 -> 5209
...

Sheet 辅助
A1: MiGongID | B1: LevelType | C1: Name | D1: Icon | E1: NextLevel | F1: ChaptersLv | G1: ChaptersLv1 | H1: BossReward | I1: Pool | J1: Showitem | K1: Energy | L1: Mapaudio | M1: ChaptersId | N1: DiffcultId | O1: Lv | P1: Lv1 | Q1: StartCoin | R1: Exp | S1: OutMonster | T1: RoundOut | U1: Times | V1: BOSS | W1: Export | X1: TroopLib | Y1: BossMonster | Z1: DiffXiShu | AA1: Reward | AB1: FirstSklillLib | AC1: Challenge | AD1: ChallengeNum | AE1: ChildLevelName | AF1: ChallengePos | AG1: Box | AH1: Pos | AI1: LevelSequence | AJ1: BianShenSkillLib | AK1: JuQingType | AL1: BoxAndMonsterReward | AM1: Story | AN1: LevelStory | AO1: Nandu | AP1: Difficult | AQ1: Nandu | AR1: BossAlly | AS1: BossLib | AT1: BossSkill | AU1: BossMonsterNum | AV1: Mapmodel | AW1: MapName
A2: int | B2: int | C2: string | D2: string | E2: int | F2: int | G2: int | H2: string | I2: string | J2: string | K2: int | L2: string | M2: int | N2: int | O2: int | P2: int | Q2: int | R2: int | S2: int | T2: int | U2: int | V2: string | W2: string | X2: string | Y2: string | Z2: string | AA2: string | AB2: string | AC2: string | AD2: int | AE2: string | AF2: string | AG2: string | AH2: string | AI2: string | AJ2: string | AK2: int | AL2: string | AM2: string | AN2: string | AO2: int | AP2: float | AQ2: int | AR2: string | AS2: string | AT2: string | AU2: int | AV2: string | AW2: string
A3: 迷宫关卡章节对应id | B3: 0常规1幻境2无尽守3攻城战4守城战5拯救友军6护送友军 | C3: 名称 | D3: 图标 | E3: 下一个关卡id | F3: 简单关卡等级(参与） | G3: 困难关卡等级(参与） | H3: 扫荡#首通#三星 | I3: 装备掉落 | J3: 挑战怪奖励展示 | K3: 消耗体力 | L3: 背景音乐 | M3: 当前章节 | N3: 关卡难度 | O3: 简单怪物等级 | P3: 困难怪物等级 | Q3: 初始金币 | R3: 每关怪物经验 | S3: 初始出怪时间(毫秒) | T3: 回合出怪间隔(毫秒) | U3: 关卡防守总波次 | V3: BOSS出现波次 | W3: 出怪 | X3: 部队库 | Y3: 层数#部队库#层数增长系数 | Z3: 关卡波次属性增长值（生命#双攻#双防） | AA3: 挑战怪奖励 | AB3: 优先必出技能，|对应等级，2 | AC3: 挑战怪 | AD3: 挑战怪数量 | AE3: 关卡难度描述 | AF3: 关卡挑战怪点 | AG3: 宝箱坐标点 | AH3: 关卡坐标点位 | AI3: 固定事件列表 | AJ3: 变身商店要展示的技能 （1|101:102:103 2|101-103） | AK3: 0无 1开始有 2结束有 3开始结束都有 | AL3: 宝箱奖励，概率：类型：数量，概率+黑金石+数量，概率+装备+数量 | AM3: 章节背景 | AN3: 小关卡故事 | AO3: 难度描述 | AP3: 关卡难度系数 | AQ3: 难度描述 | AR3: boss关友军(友军id|友军id+数量+强度+队伍人数) | AS3: bossId+强度 | AT3: boss技能 | AU3: boss关怪物队伍数量 | AV3: 地图 | AW3: 章节背景 | AY3: 序列 | AZ3: boss | BA3: bossMons | BB3: 攻城站远程 | BC3: 救援战我方
A4: 11 | B4: 0 | C4: 第1关 | D4: img_shenyuan1 | E4: =A5 -> 12 | F4: 1 | G4: =F4+20 -> 21 | H4: 1:12:1000|1:20001:2#1:11:200|1:24:1|1:1010102:1|1:1010103:1|1:20001:2#1:11:200|1:22:2|1:24:2 | I4: 1:1001:1000|2:1002:900|2:1003:800|2:1004:700|2:1005:600|2:1006:500|2:1007:400|2:1008:300|2:1009:200|2:1010:100|2:1011:50|2:1012:10 | J4: 0 | K4: 10 | L4: MapBingXue | M4: 1 | N4: 0 | O4: =F4+N4+M4 -> 2 | P4: =O4+15 -> 17 | Q4: 1000 | R4: 15 | S4: 15000 | T4: 15000 | U4: =出怪成长!C2 -> 3 | V4: =出怪成长!D2 -> 3#20004#1 | W4: 1:2:1|1:4:1|2:8:1 | X4: 1:10001|2:10002 | Y4: =出怪成长!F2 -> 2#1#0.4|3#2#0.8 | Z4: 5#5#1 | AA4: 0 | AB4: 0 | AC4: 0 | AD4: 0 | AE4: 1 | AF4: 0 | AG4: 0 | AH4: -584.8:283 | AI4: 1+1+1+1+9+3|1+1+1+22+6|1+1+1+9+1+4|51 | AJ4: 307:313:317 | AK4: 3 | AL4: 700:12:30|100:11:2|100:1:1|10:4:1 | AM4: 北方之地，这里远离纷争 | AN4: 森林里出现了一个厉害的怪物，我们需要去打败它 | AO4: 0 | AP4: 0.2 | AQ4: 2 | AR4: 0 | AS4: 2101+0.6 | AT4: 0 | AU4: 3 | AV4: MapBingXue1 | AW4: MapBingXue | AY4: 1 | AZ4: 2101 | BA4: 2001 | BB4: 0
A5: 12 | B5: 0 | C5: 第2关 | D5: img_shenyuan2 | E5: =A6 -> 13 | F5: 1 | G5: =F5+20 -> 21 | H5: 1:12:1000|1:20001:2#1:11:200|1:24:1|1:1010104:1|1:1010105:1|1:20001:2#1:11:200|1:22:2|1:24:2 | I5: 1:1001:1000|2:1002:900|2:1003:800|2:1004:700|2:1005:600|2:1006:500|2:1007:400|2:1008:300|2:1009:200|2:1010:100|2:1011:50|2:1012:10 | J5: 1:11:50 | K5: 10 | L5: MapBingXue | M5: 1 | N5: -1 | O5: =F5+N5+M5 -> 1 | P5: =O5+15 -> 16 | Q5: 250 | R5: =R4 -> 15 | S5: =S4 -> 15000 | T5: 20000 | U5: =出怪成长!C3 -> 7 | V5: =出怪成长!D3 -> 2#20001#1|5#20002#1|7#30001,30002#1 | W5: =出怪数量!Z4 -> 1:2:1|1:4:1|2:8:1|2:12:1|1:17:1|2:22:1|1:27:1 | X5: =出怪成长!E3 -> 1:10001,10002|2:10004,10005,10006|3:10004,10005,10006 | Y5: =出怪成长!F3 -> 2#1#0.4|5#2#0.8|7#3#1 | Z5: =每波成长!G6 -> 28#7#4 | AA5: 1:11:50#2:25:500 | AB5: 0 | AC5: 200#40001:1 | AD5: 1 | AE5: 2 | AF5: 1:41001#1 | AG5: 1:90001#1 | AH5: -266:76 | AI5: 1+1+1+1+22+3|1+1+1+9+6|1+1+1+9+1+4|52 | AJ5: 307:313:317 | AK5: 3 | AL5: 700:12:30|100:11:2|100:1:1|10:4:1 | AM5: 北方之地，这里远离纷争 | AN5: 有一群叛军占领着一座遗弃的城堡，赶走他们，这里可以成为根据地 | AO5: 0 | AP5: 0.4 | AQ5: 4 | AR5: 9001+0.6 | AS5: 1101+1.2 | AT5: 0 | AU5: 3 | AV5: MapBingXue2 | AW5: MapBingXue | AY5: 2 | AZ5: 1101 | BA5: 1001 | BB5: 1002 | BE5: |3:905:1
A6: 13 | B6: 0 | C6: 第3关 | D6: img_shenyuan3 | E6: =A7 -> 14 | F6: 1 | G6: =F6+20 -> 21 | H6: 1:12:1000|1:20001:4|1:10201:1#1:11:200|1:24:1|1:1020102:1|1:1020103:1|1:20001:4#1:11:200|1:22:2|1:24:2 | I6: 1:1001:1000|2:1002:900|2:1003:800|2:1004:700|2:1005:600|2:1006:500|2:1007:400|2:1008:300|2:1009:200|2:1010:100|2:1011:50|2:1012:10 | J6: 1:11:50 | K6: 10 | L6: MapBingXue | M6: 1 | N6: 0 | O6: =F6+N6+M6 -> 2 | P6: =O6+15 -> 17 | Q6: 250 | R6: =R5 -> 15 | S6: =S5 -> 15000 | T6: 28000 | U6: =出怪成长!C4 -> 8 | V6: =出怪成长!D4 -> 3#20003#1|6#20004#1|8#30001,30002#1 | W6: =出怪数量!Z5 -> 1:2:1|1:4:1|2:8:1|2:12:1|1:17:1|2:22:1|1:27:1|2:32:1 | X6: =出怪成长!E4 -> 1:10004,10005|2:10004,10005,10006|3:10004,10005,10006 | Y6: =出怪成长!F4 -> 3#1#0.4|6#2#0.8|8#3#1 | Z6: =每波成长!G7 -> 30#7#4 | AA6: 1:11:50#2:25:500 | AB6: 0 | AC6: 200#40001:2;40002:1|500#40002:3 | AD6: 2 | AE6: 3 | AF6: 1:41002#1 | AG6: 1:90001#1 | AH6: -653:-143 | AI6: 1+1+1+1+15+3+9|1+1+1+1+9+3+7|1+1+1+1+4+9|53 | AJ6: 307:313:317 | AK6: 3 | AL6: 700:12:30|100:11:2|100:1:1|10:4:1 | AM6: 北方之地，这里远离纷争 | AN6: 占领城堡不久，我们发现了兽族部队也想占领这里。我们需要守住这里。 | AO6: 0 | AP6: 0.6 | AQ6: 6 | AR6: 9001+0.8 | AS6: 3101+1.8 | AT6: 0 | AU6: 3 | AV6: MapBingXue3 | AW6: MapBingXue | AY6: 3 | AZ6: 3101 | BA6: 3001 | BB6: 0 | BE6: |3:132:1
A7: 14 | B7: 0 | C7: 第4关 | D7: img_shenyuan1 | E7: =A8 -> 15 | F7: 2 | G7: =F7+20 -> 22 | H7: 1:12:1000|1:20001:4|1:10201:1|1:10010:1#1:11:200|1:24:1|1:1020104:1|1:1020105:1|1:20001:4#1:11:200|1:22:2|1:24:2 | I7: 1:1001:1000|2:1002:900|2:1003:800|2:1004:700|2:1005:600|2:1006:500|2:1007:400|2:1008:300|2:1009:200|2:1010:100|2:1011:50|2:1012:10 | J7: 1:11:50|1:11:50 | K7: 10 | L7: MapBingXue | M7: 1 | N7: 1 | O7: =F7+N7+M7 -> 4 | P7: =O7+15 -> 19 | Q7: 250 | R7: =R6 -> 15 | S7: =S6 -> 15000 | T7: =T6 -> 28000 | U7: =出怪成长!C5 -> 9 | V7: =出怪成长!D5 -> 3#30001#1|7#30002#1|9#30003,30004#1 | W7: =出怪数量!Z6 -> 1:2:1|1:4:1|2:8:1|2:12:1|1:17:1|2:22:1|1:27:1|2:32:1|1:37:1 | X7: =出怪成长!E5 -> 1:10004,10005|2:10004,10005,10006|3:10006,10007,10010 | Y7: =出怪成长!F5 -> 4#1#0.5|7#2#1|9#3#1.3 | Z7: =每波成长!G8 -> 31#8#5 | AA7: 1:11:50#2:25:500#3:26:500|1:11:50#2:25:500#4:50011 | AB7: 0 | AC7: 200#40001:2;40002:1|500#40002:3 | AD7: 2 | AE7: 4 | AF7: 1:42001#1|2:42002#1 | AG7: 1:90003#1|2:90002#1 | AH7: -307:-291 | AI7: 1+1+1+1+9+3|1+1+1+15+6|1+1+1+9+1+4|51 | AJ7: 305:319:330 | AK7: 3 | AL7: 700:12:30|100:11:2|100:1:1|10:4:1 | AM7: 北方之地，这里远离纷争 | AN7: 经过调查我们发现了城堡被遗弃的原因，月圆之夜会有大批亡灵入侵，于是我们计划讨伐。 | AO7: 0 | AP7: 0.8 | AQ7: 8 | AR7: 0 | AS7: 6101+2.4 | AT7: 0 | AU7: 3 | AV7: MapBingXue6 | AW7: MapBingXue | AY7: 4 | AZ7: 6101 | BA7: 6001 | BB7: 0 | BE7: |3:134:1
A8: 15 | B8: 0 | C8: 第5关 | D8: img_shenyuan2 | E8: =A9 -> 16 | F8: 3 | G8: =F8+20 -> 23 | H8: 1:12:1000|1:20001:4|1:10201:1|1:10010:1#1:11:200|1:24:1|1:1010102:1|1:1010103:1|1:20001:4#1:11:200|1:22:2|1:24:2 | I8: 1:1001:1000|2:1002:900|2:1003:800|2:1004:700|2:1005:600|2:1006:500|2:1007:400|2:1008:300|2:1009:200|2:1010:100|2:1011:50|2:1012:10 | J8: 1:11:50|1:11:100 | K8: 10 | L8: MapBingXue | M8: 1 | N8: -1 | O8: =F8+N8+M8 -> 3 | P8: =O8+15 -> 18 | Q8: 250 | R8: =R7 -> 15 | S8: =S7 -> 15000 | T8: =T7 -> 28000 | U8: =出怪成长!C6 -> 8 | V8: =出怪成长!D6 -> 3#30001#1|6#30002#1|8#30003,30004#1 | W8: =出怪数量!Z7 -> 1:3:1|1:5:1|2:9:1|2:13:1|1:18:1|2:23:1|1:28:1|2:33:1 | X8: =出怪成长!E6 -> 1:10004,10005|2:10006,10007,10010|3:10006,10008,10010 | Y8: =出怪成长!F6 -> 3#1#0.5|6#2#1|8#3#1.3 | Z8: =每波成长!G9 -> 28#7#4 | AA8: 1:11:50#2:25:500|1:11:100#2:25:500#3:26:500 | AB8: 0 | AC8: 200#40001:2;40002:1|500#40002:3 | AD8: 2 | AE8: 5 | AF8: 1:42003#1|2:41004#1 | AG8: 1:90001#1|2:90003#1 | AH8: -83:-50 | AI8: 1+1+1+1+9+3|1+1+1+5+6|1+1+1+1+9+4|54 | AJ8: 305:319:330 | AK8: 3 | AL8: 700:12:30|100:11:2|100:1:1|10:4:1 | AM8: 北方之地，这里远离纷争 | AN8: 讨伐中，我们得知也有其它部队在抵抗亡灵并面临险境。于是我们准备拯救他们。 | AO8: 0 | AP8: 1 | AQ8: 10 | AR8: 1001+1.2 | AS8: 6102+2.4 | AT8: 0 | AU8: 3 | AV8: MapBingXue5 | AW8: MapBingXue | AY8: 5 | AZ8: 6102 | BA8: 6002 | BB8: 0 | BE8: |3:135:1
A9: 16 | B9: 0 | C9: 第6关 | D9: img_shenyuan3 | E9: =A10 -> 17 | F9: 4 | G9: =F9+20 -> 24 | H9: 1:12:1000|1:20001:4|1:10201:1|1:10011:1#1:11:200|1:24:1|1:1010104:1|1:1010105:1|1:20001:4#1:11:200|1:22:2|1:24:2 | I9: 1:1001:1000|2:1002:900|2:1003:800|2:1004:700|2:1005:600|2:1006:500|2:1007:400|2:1008:300|2:1009:200|2:1010:100|2:1011:50|2:1012:10 | J9: 1:11:50|1:11:50 | K9: 10 | L9: MapBingXue | M9: 1 | N9: 0 | O9: =F9+N9+M9 -> 5 | P9: =O9+15 -> 20 | Q9: 250 | R9: =R8 -> 15 | S9: =S8 -> 15000 | T9: =T8 -> 28000 | U9: =出怪成长!C7 -> 9 | V9: =出怪成长!D7 -> 3#30001#1|7#30002#1|9#30001,30004#1 | W9: =出怪数量!Z8 -> 1:3:1|1:5:1|2:9:1|2:13:1|1:18:1|2:23:1|1:28:1|2:33:1|1:38:1 | X9: =出怪成长!E7 -> 1:10006,10007|2:10006,10008,10010|3:10006,10007,10010 | Y9: =出怪成长!F7 -> 4#1#0.8|7#2#1.2|9#3#1.4 | Z9: =每波成长!G10 -> 30#7#4 | AA9: 1:11:50#2:25:500#3:26:500|1:11:50#2:25:500#4:50011 | AB9: 0 | AC9: 200#40001:2;40002:1|500#40002:3 | AD9: 2 | AE9: 6 | AF9: 1:40021#1|2:40022#1 | AG9: 1:90003#1|2:90002#1 | AH9: 70:180 | AI9: 1+1+1+1+5+3|1+1+1+1+9+3|1+1+1+1+9+4+7|51 | AJ9: 301:302:306:307:311:312:313:317:321:323:328 | AK9: 3 | AL9: 700:12:30|100:11:2|100:1:1|10:4:1 | AM9: 北方之地，这里远离纷争 | AN9: 为了解决亡灵之乱，我们计划卧薪尝胆，去增强自己的实力。 | AO9: 0 | AP9: 1.2 | AQ9: 12 | AR9: 0 | AS9: 1102+2.8 | AT9: 0 | AU9: 3 | AV9: MapBingXue4 | AW9: MapBingXue | AY9: 6 | AZ9: 1102 | BA9: 1002 | BB9: 0 | BE9: |3:146:1
A10: 17 | B10: 0 | C10: 第7关 | D10: img_shenyuan1 | E10: =A11 -> 18 | F10: 5 | G10: =F10+20 -> 25 | H10: 1:12:1000|1:20001:4|1:10201:1|1:10011:1#1:11:200|1:24:1|1:1020102:1|1:1020103:1|1:20001:4#1:11:200|1:22:2|1:24:2 | I10: 1:1001:1000|2:1002:900|2:1003:800|2:1004:700|2:1005:600|2:1006:500|2:1007:400|2:1008:300|2:1009:200|2:1010:100|2:1011:50|2:1012:10 | J10: 1:11:50|1:11:100 | K10: 10 | L10: MapBingXue | M10: 1 | N10: 1 | O10: =F10+N10+M10 -> 7 | P10: =O10+15 -> 22 | Q10: 250 | R10: =R9 -> 15 | S10: =S9 -> 15000 | T10: =T9 -> 28000 | U10: =出怪成长!C8 -> 9 | V10: =出怪成长!D8 -> 3#30001#1|7#30002#1|9#30001,30004#1 | W10: =出怪数量!Z9 -> 1:3:1|1:5:1|2:9:1|2:13:1|1:18:1|2:23:1|1:28:1|2:33:1|1:38:1 | X10: =出怪成长!E8 -> 1:10006,10008|2:10006,10007,10010|3:10006,10010,10009 | Y10: =出怪成长!F8 -> 4#1#0.8|7#2#1.2|9#3#1.4 | Z10: =每波成长!G11 -> 31#8#5 | AA10: 1:11:50#2:25:500|1:11:100#2:25:500#3:26:500 | AB10: 0 | AC10: 200#40001:2;40002:1|500#40002:3 | AD10: 2 | AE10: 7 | AF10: 1:40021#1|2:40022#1 | AG10: 1:90001#1|2:90003#1 | AH10: 375:-24 | AI10: 1+1+1+1+9+3|1+1+1+5+6|1+1+1+1+9+4|54 | AJ10: 305:319:330 | AK10: 3 | AL10: 700:12:30|100:11:2|100:1:1|10:4:1 | AM10: 北方之地，这里远离纷争 | AN10: 讨伐中，我们得知也有其它部队在抵抗亡灵并面临险境。于是我们准备拯救他们。 | AO10: 0 | AP10: 1 | AQ10: 14 | AR10: 0 | AS10: 1102+2.8 | AT10: 0 | AU10: 3 | AV10: MapBingXue7 | AW10: MapBingXue
A11: 18 | B11: 0 | C11: 第8关 | D11: img_shenyuan2 | E11: =A12 -> 19 | F11: 6 | G11: =F11+20 -> 26 | H11: 1:12:1000|1:20001:4|1:10201:1|1:10001:1#1:11:200|1:24:1|1:1020104:1|1:1020105:1|1:20001:4#1:11:200|1:22:2|1:24:2 | I11: 1:1001:1000|2:1002:900|2:1003:800|2:1004:700|2:1005:600|2:1006:500|2:1007:400|2:1008:300|2:1009:200|2:1010:100|2:1011:50|2:1012:10 | J11: 1:11:50|1:11:50 | K11: 10 | L11: MapBingXue | M11: 1 | N11: 2 | O11: =F11+N11+M11 -> 9 | P11: =O11+15 -> 24 | Q11: 250 | R11: =R10 -> 15 | S11: =S10 -> 15000 | T11: =T10 -> 28000 | U11: =出怪成长!C9 -> 10 | V11: =出怪成长!D9 -> 4#30001#1|8#30002#1|10#30001,30004#1 | W11: 1:3:1|1:5:1|2:9:1|2:13:1|3:18:1|3:23:1|4:28:1|4:33:1|1:14:1#2:14:1#3:14:1#4:14:1|1:18:1#2:18:1#3:18:1#4:18:1 | X11: =出怪成长!E9 -> 1:10006,10007|2:10006,10010,10009|3:10020,10021,10023 | Y11: =出怪成长!F9 -> 5#1#0.9|8#2#1.4|10#3#1.7 | Z11: =每波成长!G12 -> 33#9#6 | AA11: 1:11:50#2:25:500#3:26:500|1:11:50#2:25:500#4:50011 | AB11: 0 | AC11: 200#40001:2;40002:1|500#40002:3 | AD11: 2 | AE11: 8 | AF11: 1:40021#1|2:40022#1 | AG11: 1:90003#1|2:90002#1 | AH11: 406:-323 | AI11: 1+1+1+1+5+3|1+1+1+1+9+3|1+1+1+1+9+4+7|51 | AJ11: 301:302:306:307:311:312:313:317:321:323:328 | AK11: 3 | AL11: 700:12:30|100:11:2|100:1:1|10:4:1 | AM11: 北方之地，这里远离纷争 | AN11: 为了解决亡灵之乱，我们计划卧薪尝胆，去增强自己的实力。 | AO11: 0 | AP11: 1.2 | AQ11: 16 | AR11: 0 | AS11: 1102+2.8 | AT11: 0 | AU11: 3 | AV11: MapBingXue8 | AW11: MapBingXue
A12: 19 | B12: 0 | C12: 第9关 | D12: img_shenyuan3 | E12: =A13 -> 20 | F12: 7 | G12: =F12+20 -> 27 | H12: 1:12:1200|1:20001:6|1:10201:2|1:10010:1#1:11:200|1:24:1|1:2010102:1|1:2010103:1|1:20001:6#1:11:200|1:22:2|1:24:2 | I12: 1:1001:1000|2:1002:900|2:1003:800|2:1004:700|2:1005:600|2:1006:500|2:1007:400|2:1008:300|2:1009:200|2:1010:100|2:1011:50|2:1012:10 | J12: 1:11:50|1:11:100 | K12: 10 | L12: MapBingXue | M12: 2 | N12: =N4+2 -> 2 | O12: =F12+N12+M12 -> 11 | P12: =O12+15 -> 26 | Q12: 250 | R12: =R4+1 -> 16 | S12: =S11 -> 15000 | T12: =T11 -> 28000 | U12: =出怪成长!C10 -> 8 | V12: =出怪成长!D10 -> 3#30001#1|6#30002#1|8#30001,30004#1 | W12: =出怪数量!Z11 -> 1:2:1|1:4:1|2:8:1|2:13:1|1:19:1|2:25:1|1:31:1|2:37:1 | X12: =出怪成长!E10 -> 1:10006,10010|2:10020,10021,10023|3:10020,10021,10023 | Y12: =出怪成长!F10 -> 3#1#0.9|6#2#1.4|8#3#1.7 | Z12: =每波成长!G13 -> 33#9#6 | AA12: 1:11:50#2:25:500|1:11:100#2:25:500#3:26:500 | AB12: 0 | AC12: 200#40001:2;40002:1|500#40002:3 | AD12: 2 | AE12: 9 | AF12: 1:40021#1|2:40022#1 | AG12: 1:90001#1|2:90003#1 | AH12: -793:-246 | AI12: 1+1+1+1+15+3|1+1+1+1+9+3|1+1+1+1+4+9|51 | AJ12: 0 | AK12: 3 | AL12: 700:12:30|100:11:2|90:1:1|10:4:1 | AM12: 与北方之地接壤，兽人的领地 | AN12: 我们需要快速突破兽人部队。避免他们集结在一起。 | AO12: 0 | AP12: 2 | AQ12: 20 | AR12: 0 | AS12: 3102+4.8 | AT12: 0 | AU12: 3 | AV12: MapBingXue9 | AW12: MapCandy | AY12: 7 | AZ12: 3102 | BA12: 3002 | BB12: 0
A13: 20 | B13: 0 | C13: 第10关 | D13: img_shenyuan1 | E13: =A14 -> 21 | F13: 7 | G13: =F13+20 -> 27 | H13: 1:12:1200|1:20001:6|1:10201:2|1:10010:2#1:11:200|1:24:1|1:2010104:1|1:2010105:1|1:20001:6#1:11:200|1:22:2|1:24:2 | I13: 1:1001:1000|2:1002:900|2:1003:800|2:1004:700|2:1005:600|2:1006:500|2:1007:400|2:1008:300|2:1009:200|2:1010:100|2:1011:50|2:1012:10 | J13: 1:11:50|1:11:50 | K13: 10 | L13: MapBingXue | M13: 2 | N13: =N5+2 -> 1 | O13: =F13+N13+M13 -> 10 | P13: =O13+15 -> 25 | Q13: 250 | R13: =R5+1 -> 16 | S13: =S12 -> 15000 | T13: =T12 -> 28000 | U13: =出怪成长!C11 -> 8 | V13: =出怪成长!D11 -> 3#30001#1|6#30002#1|8#30001,30004#1 | W13: =出怪数量!Z12 -> 1:2:1|1:4:1|2:8:1|2:13:1|3:19:1|3:25:1|1:31:1|2:37:1 | X13: =出怪成长!E11 -> 1:10020,10021|2:10020,10021,10023|3:10020,10021,10023 | Y13: =出怪成长!F11 -> 3#1#0.9|6#2#1.4|8#3#1.7 | Z13: =每波成长!G14 -> 31#8#5 | AA13: 1:11:50#2:25:500#3:26:500|1:11:50#2:25:500#4:50011 | AB13: 0 | AC13: 200#40001:2;40002:1|500#40002:3 | AD13: 2 | AE13: 10 | AF13: 1:40021#1|2:40022#1 | AG13: 1:90003#1|2:90002#1 | AH13: -534:-321 | AI13: 1+1+1+1+3+9|1+1+1+1+3+15|1+1+1+1+9+4|52 | AJ13: 0 | AK13: 3 | AL13: 700:12:30|100:11:2|90:1:1|10:4:1 | AM13: 与北方之地接壤，兽人的领地 | AN13: 兽人先知的地盘，他们精通电系魔法。 | AO13: 0 | AP13: 2.2 | AQ13: 22 | AR13: 9002+2.5 | AS13: 3103+4.4 | AT13: 0 | AU13: 3 | AV13: MapBingXue10 | AW13: =AW12 -> MapCandy | AY13: 8 | AZ13: 3103 | BA13: 3002 | BB13: 3003 | BE13: |3:148:1
A14: 21 | B14: 0 | C14: 第11关 | D14: img_shenyuan2 | E14: =A15 -> 22 | F14: =F12+1 -> 8 | G14: =F14+20 -> 28 | H14: 1:12:1200|1:20001:6|1:10201:2|1:10011:1#1:11:200|1:24:1|1:2020102:1|1:2020103:1|1:20001:6#1:11:200|1:22:2|1:24:2 | I14: 1:1001:1000|2:1002:900|2:1003:800|2:1004:700|2:1005:600|2:1006:500|2:1007:400|2:1008:300|2:1009:200|2:1010:100|2:1011:50|2:1012:10 | J14: 1:11:50|1:11:100 | K14: 10 | L14: MapBingXue | M14: 2 | N14: =N6+2 -> 2 | O14: =F14+N14+M14 -> 12 | P14: =O14+15 -> 27 | Q14: 250 | R14: =R6+1 -> 16 | S14: =S13 -> 15000 | T14: =T13 -> 28000 | U14: =出怪成长!C12 -> 9 | V14: =出怪成长!D12 -> 3#30001#1|7#30002#1|9#30001,30004#1 | W14: =出怪数量!Z13 -> 1:2:1|1:4:1|2:8:1|2:13:1|3:19:1|3:25:1|1:31:1|2:37:1|3:43:1 | X14: =出怪成长!E12 -> 1:10020,10021|2:10020,10021,10023|3:10020,10021,10023 | Y14: =出怪成长!F12 -> 4#1#0.9|7#2#1.4|9#3#1.7 | Z14: =每波成长!G15 -> 33#9#6 | AA14: 1:11:50#2:25:500|1:11:100#2:25:500#3:26:500 | AB14: 0 | AC14: 200#40001:2;40002:1|500#40002:3 | AD14: 2 | AE14: 11 | AF14: 1:40021#1|2:40022#1 | AG14: 1:90001#1|2:90003#1 | AH14: -286:-246 | AI14: 1+1+1+1+22+3+9|1+1+1+1+4+19+9|1+1+1+1+8+4+9|55 | AJ14: 0 | AK14: 3 | AL14: 700:12:30|100:11:2|90:1:1|10:4:1 | AM14: 与北方之地接壤，兽人的领地 | AN14: 战斗中，我们营救了一个贵族，需要帮助他到达安全地点。 | AO14: 0 | AP14: 2.4 | AQ14: 24 | AR14: 9002+3 | AS14: 3104+3.6 | AT14: 0 | AU14: 3 | AV14: MapBingXue11 | AW14: =AW13 -> MapCandy | AY14: 9 | AZ14: 3104 | BA14: 3002 | BB14: 0
A15: 22 | B15: 0 | C15: 第12关 | D15: img_shenyuan3 | E15: =A16 -> 23 | F15: =F13+1 -> 8 | G15: =F15+20 -> 28 | H15: 1:12:1200|1:20001:6|1:10201:2|1:10001:2#1:11:200|1:24:1|1:2020104:1|1:2020105:1|1:20001:6#1:11:200|1:22:2|1:24:2 | I15: 1:1001:1000|2:1002:900|2:1003:800|2:1004:700|2:1005:600|2:1006:500|2:1007:400|2:1008:300|2:1009:200|2:1010:100|2:1011:50|2:1012:10 | J15: 1:11:50|1:11:50 | K15: 10 | L15: MapBingXue | M15: 2 | N15: =N7+2 -> 3 | O15: =F15+N15+M15 -> 13 | P15: =O15+15 -> 28 | Q15: 250 | R15: =R7+1 -> 16 | S15: =S14 -> 15000 | T15: =T14 -> 28000 | U15: =出怪成长!C13 -> 10 | V15: =出怪成长!D13 -> 4#30001#1|8#30002#1|10#30001,30004#1 | W15: =出怪数量!Z14 -> 1:2:1|1:4:1|2:8:1|2:13:1|3:19:1|3:25:1|1:31:1|2:37:1|3:43:1|3:49:1 | X15: =出怪成长!E13 -> 1:10020,10021|2:10020,10021,10023|3:10025,10026,10028 | Y15: =出怪成长!F13 -> 5#1#1|8#2#1.6|10#3#2 | Z15: =每波成长!G16 -> 34#9#6 | AA15: 1:11:50#2:25:500#3:26:500|1:11:50#2:25:500#4:50011 | AB15: 0 | AC15: 200#40001:2;40002:1|500#40002:3 | AD15: 2 | AE15: 12 | AF15: 1:40021#1|2:40022#1 | AG15: 1:90003#1|2:90002#1 | AH15: -147:-60 | AI15: 1+1+1+1+3+9|1+1+1+1+22+3+7|1+1+1+1+4+9|53 | AJ15: 0 | AK15: 3 | AL15: 700:12:30|100:11:2|90:1:1|10:4:1 | AM15: 与北方之地接壤，兽人的领地 | AN15: 帮助贵族后，他告诉我们前方的首领是一个兽族美女，值屈服于强大的人。 | AO15: 0 | AP15: 2.6 | AQ15: 26 | AR15: 9002+3.5 | AS15: 3105+3.1 | AT15: 0 | AU15: 3 | AV15: MapBingXue12 | AW15: =AW14 -> MapCandy | AY15: 10 | AZ15: 3105 | BA15: 3003 | BB15: 0 | BE15: |3:149:1
A16: 23 | B16: 0 | C16: 第13关 | D16: img_shenyuan1 | E16: =A17 -> 24 | F16: =F14+1 -> 9 | G16: =F16+20 -> 29 | H16: 1:12:1200|1:20001:4|1:10201:2|1:10012:1#1:11:200|1:24:1|1:2010102:1|1:2010103:1|1:20001:4#1:11:200|1:22:2|1:24:2 | I16: 1:1001:1000|2:1002:900|2:1003:800|2:1004:700|2:1005:600|2:1006:500|2:1007:400|2:1008:300|2:1009:200|2:1010:100|2:1011:50|2:1012:10 | J16: 1:11:50|1:11:100 | K16: 10 | L16: MapBingXue | M16: 2 | N16: =N8+2 -> 1 | O16: =F16+N16+M16 -> 12 | P16: =O16+15 -> 27 | Q16: 250 | R16: =R8+1 -> 16 | S16: =S15 -> 15000 | T16: =T15 -> 28000 | U16: =出怪成长!C14 -> 9 | V16: =出怪成长!D14 -> 3#30001#1|7#30002#1|9#30001,30004#1 | W16: =出怪数量!Z15 -> 1:3:1|1:5:1|2:9:1|2:14:1|3:20:1|3:26:1|1:32:1|2:38:1|3:44:1 | X16: =出怪成长!E14 -> 1:10020,10021|2:10025,10026,10028|3:10025,10026,10028 | Y16: =出怪成长!F14 -> 4#1#1|7#2#1.6|9#3#2 | Z16: =每波成长!G17 -> 31#8#5 | AA16: 1:11:50#2:25:500|1:11:100#2:25:500#3:26:500 | AB16: 0 | AC16: 200#40001:2;40002:1|500#40002:3 | AD16: 2 | AE16: 13 | AF16: 1:40021#1|2:40022#1 | AG16: 1:90001#1|2:90003#1 | AH16: 1:133 | AI16: 1+1+1+1+5+3+9|1+1+1+1+9+3+8|1+1+1+1+4+19|51 | AJ16: 0 | AK16: 3 | AL16: 700:12:30|100:11:2|90:1:1|10:4:1 | AM16: 与北方之地接壤，兽人的领地 | AN16: 这里兽族高机动部队。我们需要防止他们逃离。 | AO16: 0 | AP16: 2.7 | AQ16: 27 | AR16: 0 | AS16: 3106+2.4 | AT16: 0 | AU16: 3 | AV16: MapBingXue13 | AW16: =AW15 -> MapCandy | AY16: 11 | AZ16: 3106 | BA16: 3003 | BB16: 0
A17: 24 | B17: 0 | C17: 第14关 | D17: img_shenyuan2 | E17: =A18 -> 25 | F17: =F15+1 -> 9 | G17: =F17+20 -> 29 | H17: 1:12:1200|1:20001:6|1:10201:2|1:10012:2#1:11:200|1:24:1|1:2010104:1|1:2010105:1|1:20001:6#1:11:200|1:22:2|1:24:2 | I17: 1:1001:1000|2:1002:900|2:1003:800|2:1004:700|2:1005:600|2:1006:500|2:1007:400|2:1008:300|2:1009:200|2:1010:100|2:1011:50|2:1012:10 | J17: 1:11:50|1:11:50 | K17: 10 | L17: MapBingXue | M17: 2 | N17: =N9+2 -> 2 | O17: =F17+N17+M17 -> 13 | P17: =O17+15 -> 28 | Q17: 250 | R17: =R9+1 -> 16 | S17: =S16 -> 15000 | T17: =T16 -> 28000 | U17: =出怪成长!C15 -> 9 | V17: =出怪成长!D15 -> 3#30001#1|7#30002#1|9#30001,30004#1 | W17: =出怪数量!Z16 -> 1:3:1|1:5:1|2:9:1|2:14:1|1:20:1|2:26:1|1:32:1|2:38:1|2:44:1 | X17: =出怪成长!E15 -> 1:10025,10026|2:10025,10026,10028|3:10025,10026,10028 | Y17: =出怪成长!F15 -> 4#1#1|7#2#1.6|9#3#2 | Z17: =每波成长!G18 -> 33#9#6 | AA17: 1:11:50#2:25:500#3:26:500|1:11:50#2:25:500#4:50011 | AB17: 0 | AC17: 200#40001:2;40002:1|500#40002:3 | AD17: 2 | AE17: 14 | AF17: 1:40021#1|2:40022#1 | AG17: 1:90003#1|2:90002#1 | AH17: 309:-74 | AI17: 1+1+1+1+3+9|1+1+1+1+19+5|1+1+1+1+4+9|52 | AJ17: 0 | AK17: 3 | AL17: 700:12:30|100:11:2|90:1:1|10:4:1 | AM17: 与北方之地接壤，兽人的领地 | AN17: 终于，我们来到了兽族大本营。兽族决战。 | AO17: 0 | AP17: 3 | AQ17: 30 | AR17: 9002+4.5 | AS17: 3107+2.5 | AT17: 0 | AU17: 3 | AV17: MapBingXue14 | AW17: =AW16 -> MapCandy | AY17: 12 | AZ17: 3107 | BA17: 3003 | BB17: 3004 | BE17: |3:158:1
A18: 25 | B18: 0 | C18: 第15关 | D18: img_shenyuan3 | E18: =A19 -> 26 | F18: =F16+1 -> 10 | G18: =F18+20 -> 30 | H18: 1:12:1200|1:20001:6|1:10201:2|1:10012:1|1:10013:1#1:11:200|1:24:1|1:2020102:1|1:2020103:1|1:20001:6#1:11:200|1:22:2|1:24:2 | I18: 1:1001:1000|2:1002:900|2:1003:800|2:1004:700|2:1005:600|2:1006:500|2:1007:400|2:1008:300|2:1009:200|2:1010:100|2:1011:50|2:1012:10 | J18: 1:11:50|1:11:50 | K18: 10 | L18: MapBingXue | M18: 2 | N18: =N10+2 -> 3 | O18: =F18+N18+M18 -> 15 | P18: =O18+15 -> 30 | Q18: 250 | R18: =R10+1 -> 16 | S18: =S17 -> 15000 | T18: =T17 -> 28000 | U18: =出怪成长!C16 -> 9 | V18: =出怪成长!D16 -> 3#30001#1|7#30002#1|9#30001,30004#1 | W18: =出怪数量!Z17 -> 1:3:1|1:5:1|2:9:1|2:14:1|3:20:1|3:26:1|1:32:1|2:38:1|1:44:1 | X18: =出怪成长!E16 -> 1:10025,10026|2:10025,10026,10028|3:10030,10031,10032 | Y18: =出怪成长!F16 -> 4#1#1|7#2#1.6|9#3#2 | Z18: =每波成长!G19 -> 34#9#6 | AA18: 1:11:50#2:25:500#3:26:500|1:11:50#2:25:500#4:50011 | AB18: 0 | AC18: 200#40001:2;40002:1|500#40002:3 | AD18: 2 | AE18: 15 | AF18: 1:40021#1|2:40022#1 | AG18: 1:90003#1|2:90002#1 | AH18: 550:0 | AI18: 1+1+1+1+5+3+9|1+1+1+1+9+3+8|1+1+1+1+4+19|51 | AJ18: 0 | AK18: 3 | AL18: 700:12:30|100:11:2|90:1:1|10:4:1 | AM18: 与北方之地接壤，兽人的领地 | AN18: 这里兽族高机动部队。我们需要防止他们逃离。 | AO18: 0 | AP18: 2.7 | AQ18: 27 | AR18: 0 | AS18: 3106+2.4 | AT18: 0 | AU18: 3 | AV18: MapBingXue15 | AW18: =AW17 -> MapCandy | AY18: 11 | AZ18: 3106 | BA18: 3003 | BB18: 0
A19: 26 | B19: 0 | C19: 第16关 | D19: img_shenyuan1 | E19: =A20 -> 27 | F19: =F17+1 -> 10 | G19: =F19+20 -> 30 | H19: 1:12:1200|1:20001:6|1:10201:2|1:10001:1#1:11:200|1:24:1|1:2020104:1|1:2020105:1|1:20001:6#1:11:200|1:22:2|1:24:2 | I19: 1:1001:1000|2:1002:900|2:1003:800|2:1004:700|2:1005:600|2:1006:500|2:1007:400|2:1008:300|2:1009:200|2:1010:100|2:1011:50|2:1012:10 | J19: 1:11:50|1:11:50 | K19: 10 | L19: MapBingXue | M19: 2 | N19: =N11+2 -> 4 | O19: =F19+N19+M19 -> 16 | P19: =O19+15 -> 31 | Q19: 250 | R19: =R11+1 -> 16 | S19: =S18 -> 15000 | T19: =T18 -> 28000 | U19: =出怪成长!C17 -> 10 | V19: =出怪成长!D17 -> 4#30001#1|8#30002#1|10#30001,30004#1 | W19: =出怪数量!Z18 -> 1:3:1|1:5:1|2:9:1|2:14:1|3:20:1|3:26:1|1:32:1|2:38:1|1:44:1|2:50:1 | X19: =出怪成长!E17 -> 1:10025,10026|2:10030,10031,10032|3:10031,10028,10034 | Y19: =出怪成长!F17 -> 5#1#1.1|8#2#1.8|10#3#2.3 | Z19: =每波成长!G20 -> 36#10#7 | AA19: 1:11:50#2:25:500#3:26:500|1:11:50#2:25:500#4:50011 | AB19: 0 | AC19: 200#40001:2;40002:1|500#40002:3 | AD19: 2 | AE19: 16 | AF19: 1:40021#1|2:40022#1 | AG19: 1:90003#1|2:90002#1 | AH19: 433:192 | AI19: 1+1+1+1+3+9|1+1+1+1+19+5|1+1+1+1+4+9|52 | AJ19: 0 | AK19: 3 | AL19: 700:12:30|100:11:2|90:1:1|10:4:1 | AM19: 与北方之地接壤，兽人的领地 | AN19: 终于，我们来到了兽族大本营。兽族决战。 | AO19: 0 | AP19: 3 | AQ19: 30 | AR19: 9002+4.5 | AS19: 3107+2.5 | AT19: 0 | AU19: 3 | AV19: MapBingXue16 | AW19: =AW18 -> MapCandy | AY19: 12 | AZ19: 3107 | BA19: 3003 | BB19: 3004 | BE19: |3:158:1
A20: 27 | B20: 0 | C20: 第17关 | D20: img_shenyuan2 | E20: =A21 -> 28 | F20: =F18+1 -> 11 | G20: =F20+20 -> 31 | H20: 1:12:1400|1:20001:6|1:10201:2|1:10013:1#1:11:200|1:24:1|1:2010202:1|1:2010203:1|1:20001:6#1:11:200|1:22:2|1:24:2 | I20: 1:1001:1000|2:1002:900|2:1003:800|2:1004:700|2:1005:600|2:1006:500|2:1007:400|2:1008:300|2:1009:200|2:1010:100|2:1011:50|2:1012:10 | J20: 1:11:50|1:11:100 | K20: 10 | L20: MapBingXue | M20: 3 | N20: =N12+2 -> 4 | O20: =F20+N20+M20 -> 18 | P20: =O20+15 -> 33 | Q20: 250 | R20: =R12+1 -> 17 | S20: =S19 -> 15000 | T20: =T19 -> 28000 | U20: =出怪成长!C18 -> 8 | V20: =出怪成长!D18 -> 3#30001#1|6#30002#1|8#30001,30004#1 | W20: =出怪数量!Z19 -> 1:2:1|1:5:1|2:10:1|2:5:1#2:5:1#3:5:1|3:4:1#2:4:1#3:4:1|3:5:1#2:5:1#3:5:1|1:6:1#2:6:1#3:6:1|2:7:1#2:7:1#3:7:1 | X20: =出怪成长!E18 -> 1:10030,10031|2:10031,10028,10034|3:10031,10028,10027 | Y20: =出怪成长!F18 -> 3#1#1.1|6#2#1.8|8#3#2.3 | Z20: =每波成长!G21 -> 36#10#7 | AA20: 1:11:50#2:25:500|1:11:100#2:25:500#3:26:500 | AB20: 0 | AC20: 200#40001:2;40002:1|500#40002:3 | AD20: 2 | AE20: 17 | AF20: 1:40021#1|2:40022#1 | AG20: 1:90001#1|2:90003#1 | AH20: -661:276 | AI20: 1+1+1+1+1+20+3+8+22|1+1+1+1+1+9|1+1+1+1+1+15+4+9|51 | AJ20: 0 | AK20: 3 | AL20: 700:12:30|100:11:2|80:1:1|9:4:1 | AM20: 守护家园，抵御精灵的阴谋 | AN20: 限时战争，规定时间内。打败西城领主 | AO20: 0 | AP20: 4 | AQ20: 40 | AR20: 0 | AS20: 2102+9.6 | AT20: 0 | AU20: 3 | AV20: MapBingXue17 | AW20: MapSenLin | AY20: 13 | AZ20: 2102 | BA20: 2003 | BB20: 0
A21: 28 | B21: 0 | C21: 第18关 | D21: img_shenyuan3 | E21: =A22 -> 29 | F21: =F19+1 -> 11 | G21: =F21+20 -> 31 | H21: 1:12:1400|1:20001:8|1:10201:2|1:10013:1#1:11:200|1:24:1|1:2010204:1|1:2010205:1|1:20001:8#1:11:200|1:22:2|1:24:2 | I21: 1:1001:1000|2:1002:900|2:1003:800|2:1004:700|2:1005:600|2:1006:500|2:1007:400|2:1008:300|2:1009:200|2:1010:100|2:1011:50|2:1012:10 | J21: 1:11:50|1:11:50 | K21: 10 | L21: MapBingXue | M21: 3 | N21: =N13+2 -> 3 | O21: =F21+N21+M21 -> 17 | P21: =O21+15 -> 32 | Q21: 250 | R21: =R13+1 -> 17 | S21: =S20 -> 15000 | T21: =T20 -> 28000 | U21: =出怪成长!C19 -> 8 | V21: =出怪成长!D19 -> 3#30001#1|6#30002#1|8#30001,30004#1 | W21: =出怪数量!Z20 -> 1:2:1|1:5:1|2:10:1|2:5:1#2:5:1#3:5:1|3:4:1#2:4:1#3:4:1|3:5:1#2:5:1#3:5:1|1:6:1#2:6:1#3:6:1|2:7:1#2:7:1#3:7:1 | X21: =出怪成长!E19 -> 1:10031,10028|2:10031,10028,10027|3:10031,10028,10027 | Y21: =出怪成长!F19 -> 3#1#1.1|6#2#1.8|8#3#2.3 | Z21: =每波成长!G22 -> 34#9#6 | AA21: 1:11:50#2:25:500#3:26:500|1:11:50#2:25:500#4:50011 | AB21: 0 | AC21: 200#40001:2;40002:1|500#40002:3 | AD21: 2 | AE21: 18 | AF21: 1:40021#1|2:40022#1 | AG21: 1:90003#1|2:90002#1 | AH21: -327:151 | AI21: 1+1+1+1+1+8+9|1+1+1+1+1+20+15+4+22|1+1+1+1+1+10+9+4+8|52 | AJ21: 0 | AK21: 3 | AL21: 700:12:30|100:11:2|80:1:1|9:4:1 | AM21: 守护家园，抵御精灵的阴谋 | AN21: 限时战争，规定时间内，打败侯恩伯爵 | AO21: 0 | AP21: 5 | AQ21: 50 | AR21: 9001+6 | AS21: 2103+10 | AT21: 0 | AU21: 3 | AV21: MapBingXue18 | AW21: =AW20 -> MapSenLin | AY21: 14 | AZ21: 2103 | BA21: 2003 | BB21: 2004 | BE21: |3:170:1
A22: 29 | B22: 0 | C22: 第19关 | D22: img_shenyuan1 | E22: =A23 -> 30 | F22: =F20+1 -> 12 | G22: =F22+20 -> 32 | H22: 1:12:1400|1:20001:8|1:10201:2|1:10012:2#1:11:200|1:24:1|1:2020202:1|1:2020203:1|1:20001:8#1:11:200|1:22:2|1:24:2 | I22: 1:1001:1000|2:1002:900|2:1003:800|2:1004:700|2:1005:600|2:1006:500|2:1007:400|2:1008:300|2:1009:200|2:1010:100|2:1011:50|2:1012:10 | J22: 1:11:50|1:11:100 | K22: 10 | L22: MapBingXue | M22: 3 | N22: =N14+2 -> 4 | O22: =F22+N22+M22 -> 19 | P22: =O22+15 -> 34 | Q22: 250 | R22: =R14+1 -> 17 | S22: =S21 -> 15000 | T22: =T21 -> 28000 | U22: =出怪成长!C20 -> 8 | V22: =出怪成长!D20 -> 3#30001#1|6#30002#1|8#30001,30004#1 | W22: =出怪数量!Z21 -> 1:2:1|1:5:1|2:10:1|2:5:1#2:5:1#3:5:1|3:4:1#2:4:1#3:4:1|3:5:1#2:5:1#3:5:1|1:6:1#2:6:1#3:6:1|2:7:1#2:7:1#3:7:1 | X22: =出怪成长!E20 -> 1:10031,10028|2:10031,10028,10027|3:10037,10038,10029 | Y22: =出怪成长!F20 -> 3#1#1.1|6#2#1.8|8#3#2.3 | Z22: =每波成长!G23 -> 36#10#7 | AA22: 1:11:50#2:25:500|1:11:100#2:25:500#3:26:500 | AB22: 0 | AC22: 200#40001:2;40002:1|500#40002:3 | AD22: 2 | AE22: 19 | AF22: 1:40021#1|2:40022#1 | AG22: 1:90001#1|2:90003#1 | AH22: -344:-140 | AI22: 1+1+1+1+1+15+3+9|1+1+1+1+1+4+19+9|1+1+1+1+1+3+4+9|55 | AJ22: 0 | AK22: 3 | AL22: 700:12:30|100:11:2|80:1:1|9:4:1 | AM22: 守护家园，抵御精灵的阴谋 | AN22: 护送林德公爵 | AO22: 0 | AP22: 6 | AQ22: 60 | AR22: 9002+7 | AS22: 2104+9 | AT22: 0 | AU22: 3 | AV22: MapBingXue19 | AW22: =AW21 -> MapSenLin | AY22: 15 | AZ22: 2104 | BA22: 2003 | BB22: 0
A23: 30 | B23: 0 | C23: 第20关 | D23: img_shenyuan2 | E23: =A24 -> 31 | F23: =F21+1 -> 12 | G23: =F23+20 -> 32 | H23: 1:12:1400|1:20001:8|1:10201:3|1:10013:2#1:11:200|1:24:1|1:2020204:1|1:2020205:1|1:20001:8#1:11:200|1:22:2|1:24:2 | I23: 1:1001:1000|2:1002:900|2:1003:800|2:1004:700|2:1005:600|2:1006:500|2:1007:400|2:1008:300|2:1009:200|2:1010:100|2:1011:50|2:1012:10 | J23: 1:11:50|1:11:50 | K23: 10 | L23: MapBingXue | M23: 3 | N23: =N15+2 -> 5 | O23: =F23+N23+M23 -> 20 | P23: =O23+15 -> 35 | Q23: 250 | R23: =R15+1 -> 17 | S23: =S22 -> 15000 | T23: =T22 -> 28000 | U23: =出怪成长!C21 -> 9 | V23: =出怪成长!D21 -> 3#30001#1|7#30002#1|9#30001,30004#1 | W23: =出怪数量!Z22 -> 1:2:1|1:5:1|2:10:1|2:5:1#2:5:1#3:5:2|3:4:2#2:4:1#3:4:2|3:5:2#2:5:1#3:5:2|1:6:1#2:6:1#3:6:2|2:7:1#2:7:1#3:7:2|1:10:1#2:10:1#3:10:2 | X23: =出怪成长!E21 -> 1:10031,10028|2:10037,10038,10029|3:10037,10038,10029 | Y23: =出怪成长!F21 -> 4#1#1.2|7#2#2|9#3#2.6 | Z23: =每波成长!G24 -> 37#10#7 | AA23: 1:11:50#2:25:500#3:26:500|1:11:50#2:25:500#4:50011 | AB23: 0 | AC23: 200#40001:2;40002:1|500#40002:3 | AD23: 2 | AE23: 20 | AF23: 1:40021#1|2:40022#1 | AG23: 1:90003#1|2:90002#1 | AH23: -609:-288 | AI23: 1+1+1+1+1+8+9|1+1+1+1+1+20+15+4|1+1+1+1+1+9+4+8|53 | AJ23: 0 | AK23: 3 | AL23: 700:12:30|100:11:2|80:1:1|9:4:1 | AM23: 守护家园，抵御精灵的阴谋 | AN23: 守住城池 | AO23: 0 | AP23: 7 | AQ23: 70 | AR23: 9001+8 | AS23: 2105+8.4 | AT23: 0 | AU23: 3 | AV23: MapBingXue20 | AW23: =AW22 -> MapSenLin | AY23: 16 | AZ23: 2105 | BA23: 2003 | BB23: 0 | BE23: |3:169:1
A24: 31 | B24: 0 | C24: 第21关 | D24: img_shenyuan3 | E24: =A25 -> 32 | F24: =F22+1 -> 13 | G24: =F24+20 -> 33 | H24: 1:12:1400|1:20001:8|1:10201:3|1:10010:2|1:10012:2#1:11:200|1:24:1|1:2010202:1|1:2010203:1|1:20001:8#1:11:200|1:22:2|1:24:2 | I24: 1:1001:1000|2:1002:900|2:1003:800|2:1004:700|2:1005:600|2:1006:500|2:1007:400|2:1008:300|2:1009:200|2:1010:100|2:1011:50|2:1012:10 | J24: 1:11:50|1:11:100 | K24: 10 | L24: MapBingXue | M24: 3 | N24: =N16+2 -> 3 | O24: =F24+N24+M24 -> 19 | P24: =O24+15 -> 34 | Q24: 250 | R24: =R16+1 -> 17 | S24: =S23 -> 15000 | T24: =T23 -> 28000 | U24: =出怪成长!C22 -> 8 | V24: =出怪成长!D22 -> 3#30001#1|6#30002#1|8#30001,30004#1 | W24: =出怪数量!Z23 -> 1:3:1|1:6:1|2:11:1|2:5:1#2:5:1#3:5:2|3:4:2#2:4:1#3:4:2|3:5:2#2:5:1#3:5:2|1:6:1#2:6:1#3:6:2|2:7:1#2:7:1#3:7:2 | X24: =出怪成长!E22 -> 1:10037,10038|2:10037,10038,10029|3:10037,10038,10036 | Y24: =出怪成长!F22 -> 3#1#1.2|6#2#2|8#3#2.6 | Z24: =每波成长!G25 -> 34#9#6 | AA24: 1:11:50#2:25:500|1:11:100#2:25:500#3:26:500 | AB24: 0 | AC24: 200#40001:2;40002:1|500#40002:3 | AD24: 2 | AE24: 21 | AF24: 1:40021#1|2:40022#1 | AG24: 1:90001#1|2:90003#1 | AH24: -66:-322 | AI24: 1+1+1+1+1+20+5+9|1+1+1+1+1+9+4+8|1+1+1+1+1+9+4+19|54 | AJ24: 0 | AK24: 3 | AL24: 700:12:30|100:11:2|80:1:1|9:4:1 | AM24: 守护家园，抵御精灵的阴谋 | AN24: 人族与兽族及精灵的大规模战争 | AO24: 0 | AP24: 8 | AQ24: 80 | AR24: 1005+7 | AS24: 2106+7.3 | AT24: 0 | AU24: 3 | AV24: MapBingXue21 | AW24: =AW23 -> MapSenLin | AY24: 17 | AZ24: 2106 | BA24: 2004 | BB24: 0
