Workbook

Sheet Monster
A1: id | B1: Name | C1: type | D1: Career | E1: AttackType | F1: Model | G1: Icon | H1: AtkGoal | I1: Range | J1: Warn | K1: Move | L1: AtkBuild | M1: AtkCd | N1: Hp | O1: Atk | P1: Def | Q1: Ap | R1: Mdef | S1: Dex | T1: Grow | U1: skill | V1: killexp | W1: killgold | X1: Amplify1 | Y1: Amplify2 | Z1: Add
A2: int | B2: string | C2: int | D2: int | E2: int | F2: string | G2: string | H2: int | I2: int | J2: int | K2: int | L2: float | M2: int | N2: float | O2: float | P2: float | Q2: float | R2: float | S2: int | T2: float | U2: string | V2: int | W2: int | X2: float | Y2: float | Z2: int
A3: 怪物ID | B3: 名称 | C3: 类型 | D3: 初始职业 | E3: 攻击倾向 | F3: 模型 | G3: 头像 | H3: 攻击目标 | I3: 攻击距离 | J3: 警戒范围 | K3: 移速 | L3: 对建筑伤害 | M3: 攻击间隔/15 | N3: 生命 | O3: 攻击 | P3: 防御 | Q3: 魔力 | R3: 魔防 | S3: 技巧 | T3: 成长系数 | U3: 携带技能 | V3: 击杀提供经验 | W3: 击杀提供金矿 | X3: 查看界面放大 | Y3: 地图模型放大 | Z3: 战力提升
A4: 10001 | B4: 史莱黄 | C4: =LEFT(A4,1) -> 1 | D4: 7 | E4: 1 | F4: monster001 | G4: =F4 -> monster001 | H4: =_xlfn.IFS(OR(D4="1",D4="2",D4="7",D4="8"),2,OR(D4="3",D4="4",D4="5",D4="6"),1) -> 2 | I4: =_xlfn.IFS(OR(D4="1",D4="2",D4="4",D4="7",D4="8"),150,OR(D4="3",D4="5",D4="6"),800) -> 150 | J4: =MIN(I4+350,800) -> 500 | K4: 650 | L4: 52 | M4: 15 | N4: =环形怪物属性!F5 -> 415 | O4: =环形怪物属性!H5 -> 36 | P4: =环形怪物属性!K5 -> 4 | Q4: =环形怪物属性!N5 -> 23 | R4: 9.5 | S4: 5 | T4: 0.15 | U4: 0 | V4: 30 | W4: 1 | X4: 1.7 | Y4: 1.8 | Z4: 50 | AC4: 弱小怪
A5: 10002 | B5: 史莱红 | C5: =LEFT(A5,1) -> 1 | D5: 7 | E5: 1 | F5: monster002 | G5: =F5 -> monster002 | H5: =_xlfn.IFS(OR(D5="1",D5="2",D5="7",D5="8"),2,OR(D5="3",D5="4",D5="5",D5="6"),1) -> 2 | I5: =_xlfn.IFS(OR(D5="1",D5="2",D5="4",D5="7",D5="8"),150,OR(D5="3",D5="5",D5="6"),800) -> 150 | J5: =MIN(I5+350,800) -> 500 | K5: 750 | L5: 52 | M5: 15 | N5: =环形怪物属性!F6 -> 419 | O5: =环形怪物属性!H6 -> 36 | P5: =环形怪物属性!K6 -> 4 | Q5: =环形怪物属性!N6 -> 23 | R5: 9.5 | S5: 5 | T5: =T4 -> 0.15 | U5: 0 | V5: 30 | W5: 1 | X5: 1.7 | Y5: 1.8 | Z5: 50 | AC5: 物防小怪
A6: 10003 | B6: 史莱黑 | C6: =LEFT(A6,1) -> 1 | D6: 7 | E6: 1 | F6: monster003 | G6: =F6 -> monster003 | H6: =_xlfn.IFS(OR(D6="1",D6="2",D6="7",D6="8"),2,OR(D6="3",D6="4",D6="5",D6="6"),1) -> 2 | I6: =_xlfn.IFS(OR(D6="1",D6="2",D6="4",D6="7",D6="8"),150,OR(D6="3",D6="5",D6="6"),800) -> 150 | J6: =MIN(I6+350,800) -> 500 | K6: 650 | L6: 52 | M6: 15 | N6: =环形怪物属性!F7 -> 422 | O6: =环形怪物属性!H7 -> 26 | P6: =环形怪物属性!K7 -> 4 | Q6: =环形怪物属性!N7 -> 28 | R6: 9.5 | S6: 5 | T6: =T5 -> 0.15 | U6: 0 | V6: 30 | W6: 1 | X6: 1.7 | Y6: 1.8 | Z6: 50 | AC6: 魔防小怪
A7: 10004 | B7: 小哥布林 | C7: =LEFT(A7,1) -> 1 | D7: 7 | E7: 1 | F7: monster004 | G7: =F7 -> monster004 | H7: =_xlfn.IFS(OR(D7="1",D7="2",D7="7",D7="8"),2,OR(D7="3",D7="4",D7="5",D7="6"),1) -> 2 | I7: =_xlfn.IFS(OR(D7="1",D7="2",D7="4",D7="7",D7="8"),150,OR(D7="3",D7="5",D7="6"),800) -> 150 | J7: =MIN(I7+350,800) -> 500 | K7: 800 | L7: 52 | M7: 15 | N7: =环形怪物属性!F8 -> 426 | O7: =环形怪物属性!H8 -> 38 | P7: =环形怪物属性!K8 -> 5 | Q7: =环形怪物属性!N8 -> 24 | R7: 11 | S7: 5 | T7: =T6 -> 0.15 | U7: 0 | V7: 30 | W7: 1 | X7: 1.7 | Y7: 1.8 | Z7: 50 | AC7: 中小怪
A8: 10005 | B8: 大哥布林 | C8: =LEFT(A8,1) -> 1 | D8: 7 | E8: 1 | F8: monster005 | G8: =F8 -> monster005 | H8: =_xlfn.IFS(OR(D8="1",D8="2",D8="7",D8="8"),2,OR(D8="3",D8="4",D8="5",D8="6"),1) -> 2 | I8: =_xlfn.IFS(OR(D8="1",D8="2",D8="4",D8="7",D8="8"),150,OR(D8="3",D8="5",D8="6"),800) -> 150 | J8: =MIN(I8+350,800) -> 500 | K8: 620 | L8: 52 | M8: 15 | N8: =环形怪物属性!F9 -> 430 | O8: =环形怪物属性!H9 -> 39 | P8: =环形怪物属性!K9 -> 5 | Q8: =环形怪物属性!N9 -> 24 | R8: 11 | S8: 5 | T8: =T7 -> 0.15 | U8: 80011 | V8: 30 | W8: 1 | X8: 1.7 | Y8: 1.8 | Z8: 50 | AC8: 正常小怪
A9: 10006 | B9: 哥布林战士 | C9: =LEFT(A9,1) -> 1 | D9: 7 | E9: 1 | F9: monster006 | G9: =F9 -> monster006 | H9: =_xlfn.IFS(OR(D9="1",D9="2",D9="7",D9="8"),2,OR(D9="3",D9="4",D9="5",D9="6"),1) -> 2 | I9: =_xlfn.IFS(OR(D9="1",D9="2",D9="4",D9="7",D9="8"),150,OR(D9="3",D9="5",D9="6"),800) -> 150 | J9: =MIN(I9+350,800) -> 500 | K9: 650 | L9: 52 | M9: 15 | N9: =环形怪物属性!F10 -> 434 | O9: =环形怪物属性!H10 -> 41 | P9: =环形怪物属性!K10 -> 6 | Q9: =环形怪物属性!N10 -> 26 | R9: 13 | S9: 6 | T9: =T8 -> 0.15 | U9: 80071 | V9: 30 | W9: 1 | X9: 1.7 | Y9: 1.8 | Z9: 50
A10: 10007 | B10: 哥布林牧师 | C10: =LEFT(A10,1) -> 1 | D10: 6 | E10: 1 | F10: monster007 | G10: =F10 -> monster007 | H10: =_xlfn.IFS(OR(D10="1",D10="2",D10="7",D10="8"),2,OR(D10="3",D10="4",D10="5",D10="6"),1) -> 1 | I10: =_xlfn.IFS(OR(D10="1",D10="2",D10="4",D10="7",D10="8"),150,OR(D10="3",D10="5",D10="6"),800) -> 800 | J10: =MIN(I10+350,800) -> 800 | K10: 620 | L10: 52 | M10: 20 | N10: =环形怪物属性!F11 -> 419 | O10: =环形怪物属性!H11 -> 24 | P10: =环形怪物属性!K11 -> 6 | Q10: =环形怪物属性!N11 -> 39 | R10: 13 | S10: 6 | T10: =T9 -> 0.15 | U10: 80011|80071 | V10: 30 | W10: 1 | X10: 1.7 | Y10: 1.8 | Z10: 50
A11: 10008 | B11: 哥布林法师 | C11: =LEFT(A11,1) -> 1 | D11: 5 | E11: 1 | F11: monster008 | G11: =F11 -> monster008 | H11: =_xlfn.IFS(OR(D11="1",D11="2",D11="7",D11="8"),2,OR(D11="3",D11="4",D11="5",D11="6"),1) -> 1 | I11: =_xlfn.IFS(OR(D11="1",D11="2",D11="4",D11="7",D11="8"),150,OR(D11="3",D11="5",D11="6"),800) -> 800 | J11: =MIN(I11+350,800) -> 800 | K11: 620 | L11: 52 | M11: 20 | N11: =环形怪物属性!F12 -> 422 | O11: =环形怪物属性!H12 -> 26 | P11: =环形怪物属性!K12 -> 6 | Q11: 27 | R11: 13 | S11: 6 | T11: =T10 -> 0.15 | U11: 80011|80071 | V11: 30 | W11: 1 | X11: 1.7 | Y11: 1.8 | Z11: 50
A12: 10009 | B12: 哥布林射手 | C12: =LEFT(A12,1) -> 1 | D12: 3 | E12: 1 | F12: monster009 | G12: =F12 -> monster009 | H12: =_xlfn.IFS(OR(D12="1",D12="2",D12="7",D12="8"),2,OR(D12="3",D12="4",D12="5",D12="6"),1) -> 1 | I12: =_xlfn.IFS(OR(D12="1",D12="2",D12="4",D12="7",D12="8"),150,OR(D12="3",D12="5",D12="6"),800) -> 800 | J12: =MIN(I12+350,800) -> 800 | K12: 650 | L12: 52 | M12: 20 | N12: =环形怪物属性!F13 -> 426 | O12: =环形怪物属性!H13 -> 38 | P12: =环形怪物属性!K13 -> 6 | Q12: =环形怪物属性!N13 -> 28 | R12: 14.5 | S12: 8 | T12: =T11 -> 0.15 | U12: 80011|80071 | V12: 30 | W12: 1 | X12: 1.4 | Y12: 1.8 | Z12: 50
A13: 10010 | B13: 哥布林队长 | C13: =LEFT(A13,1) -> 1 | D13: 1 | E13: 1 | F13: monster010 | G13: =F13 -> monster010 | H13: =_xlfn.IFS(OR(D13="1",D13="2",D13="7",D13="8"),2,OR(D13="3",D13="4",D13="5",D13="6"),1) -> 2 | I13: =_xlfn.IFS(OR(D13="1",D13="2",D13="4",D13="7",D13="8"),150,OR(D13="3",D13="5",D13="6"),800) -> 150 | J13: =MIN(I13+350,800) -> 500 | K13: 650 | L13: 52 | M13: 15 | N13: =环形怪物属性!F14 -> 453 | O13: =环形怪物属性!H14 -> 47 | P13: =环形怪物属性!K14 -> 7 | Q13: =环形怪物属性!N14 -> 29 | R13: 16 | S13: 8 | T13: =T12 -> 0.15 | U13: 80071 | V13: 30 | W13: 1 | X13: 1.4 | Y13: 1.8 | Z13: 50
A14: 10011 | B14: 步兵 | C14: =LEFT(A14,1) -> 1 | D14: 1 | E14: 1 | F14: bubing01_Lv1 | G14: =F14 -> bubing01_Lv1 | H14: =_xlfn.IFS(OR(D14="1",D14="2",D14="7",D14="8"),2,OR(D14="3",D14="4",D14="5",D14="6"),1) -> 2 | I14: =_xlfn.IFS(OR(D14="1",D14="2",D14="4",D14="7",D14="8"),150,OR(D14="3",D14="5",D14="6"),800) -> 150 | J14: =MIN(I14+350,800) -> 500 | K14: 650 | L14: 67 | M14: 15 | N14: =环形怪物属性!F15 -> 472 | O14: =环形怪物属性!H15 -> 51 | P14: =环形怪物属性!K15 -> 9 | Q14: =环形怪物属性!N15 -> 26 | R14: 9.5 | S14: 10 | T14: 0.18 | U14: 80071 | V14: =V4+10 -> 40 | W14: 1 | X14: 1.8 | Y14: 1.8 | Z14: 50
A15: 10012 | B15: 枪兵 | C15: =LEFT(A15,1) -> 1 | D15: 1 | E15: 1 | F15: bubing02_Lv1 | G15: =F15 -> bubing02_Lv1 | H15: =_xlfn.IFS(OR(D15="1",D15="2",D15="7",D15="8"),2,OR(D15="3",D15="4",D15="5",D15="6"),1) -> 2 | I15: =_xlfn.IFS(OR(D15="1",D15="2",D15="4",D15="7",D15="8"),150,OR(D15="3",D15="5",D15="6"),800) -> 150 | J15: =MIN(I15+350,800) -> 500 | K15: 650 | L15: 67 | M15: 15 | N15: =环形怪物属性!F16 -> 492 | O15: =环形怪物属性!H16 -> 44 | P15: =环形怪物属性!K16 -> 9 | Q15: =环形怪物属性!N16 -> 26 | R15: 11 | S15: 15 | T15: =T14 -> 0.18 | U15: 80071 | V15: =V5+10 -> 40 | W15: 1 | X15: 1.8 | Y15: 1.8 | Z15: 50
A16: 10013 | B16: 骑兵 | C16: =LEFT(A16,1) -> 1 | D16: 2 | E16: 1 | F16: qibing01_Lv1 | G16: =F16 -> qibing01_Lv1 | H16: =_xlfn.IFS(OR(D16="1",D16="2",D16="7",D16="8"),2,OR(D16="3",D16="4",D16="5",D16="6"),1) -> 2 | I16: =_xlfn.IFS(OR(D16="1",D16="2",D16="4",D16="7",D16="8"),150,OR(D16="3",D16="5",D16="6"),800) -> 150 | J16: =MIN(I16+350,800) -> 500 | K16: 800 | L16: 67 | M16: 15 | N16: =环形怪物属性!F17 -> 480 | O16: =环形怪物属性!H17 -> 51 | P16: =环形怪物属性!K17 -> 8 | Q16: =环形怪物属性!N17 -> 24 | R16: 11 | S16: 10 | T16: =T15 -> 0.18 | U16: 80071 | V16: =V6+10 -> 40 | W16: 1 | X16: 1.8 | Y16: 1.8 | Z16: 50
A17: 10014 | B17: 木精灵 | C17: =LEFT(A17,1) -> 1 | D17: 3 | E17: 1 | F17: gongbing01_Lv1 | G17: =F17 -> gongbing01_Lv1 | H17: =_xlfn.IFS(OR(D17="1",D17="2",D17="7",D17="8"),2,OR(D17="3",D17="4",D17="5",D17="6"),1) -> 1 | I17: =_xlfn.IFS(OR(D17="1",D17="2",D17="4",D17="7",D17="8"),150,OR(D17="3",D17="5",D17="6"),800) -> 800 | J17: =MIN(I17+350,800) -> 800 | K17: 650 | L17: 67 | M17: 20 | N17: =环形怪物属性!F18 -> 434 | O17: =环形怪物属性!H18 -> 41 | P17: =环形怪物属性!K18 -> 7 | Q17: =环形怪物属性!N18 -> 28 | R17: 14.5 | S17: 10 | T17: =T16 -> 0.18 | U17: 80011|80071 | V17: =V7+10 -> 40 | W17: 1 | X17: 2 | Y17: 1.8 | Z17: 50
A18: 10015 | B18: 飞鹰骑士 | C18: =LEFT(A18,1) -> 1 | D18: 4 | E18: 1 | F18: feibing01_Lv1 | G18: =F18 -> feibing01_Lv1 | H18: =_xlfn.IFS(OR(D18="1",D18="2",D18="7",D18="8"),2,OR(D18="3",D18="4",D18="5",D18="6"),1) -> 1 | I18: =_xlfn.IFS(OR(D18="1",D18="2",D18="4",D18="7",D18="8"),150,OR(D18="3",D18="5",D18="6"),800) -> 150 | J18: =MIN(I18+350,800) -> 500 | K18: 800 | L18: 67 | M18: 15 | N18: =环形怪物属性!F19 -> 480 | O18: =环形怪物属性!H19 -> 49 | P18: =环形怪物属性!K19 -> 9 | Q18: =环形怪物属性!N19 -> 31 | R18: 14.5 | S18: 10 | T18: =T17 -> 0.18 | U18: 80071 | V18: =V8+10 -> 40 | W18: 1 | X18: 1.2 | Y18: 1.8 | Z18: 50
A19: 10016 | B19: 法师学徒 | C19: =LEFT(A19,1) -> 1 | D19: 5 | E19: 1 | F19: fashi01_Lv1 | G19: =F19 -> fashi01_Lv1 | H19: =_xlfn.IFS(OR(D19="1",D19="2",D19="7",D19="8"),2,OR(D19="3",D19="4",D19="5",D19="6"),1) -> 1 | I19: =_xlfn.IFS(OR(D19="1",D19="2",D19="4",D19="7",D19="8"),150,OR(D19="3",D19="5",D19="6"),800) -> 800 | J19: =MIN(I19+350,800) -> 800 | K19: 650 | L19: 67 | M19: 20 | N19: =环形怪物属性!F20 -> 434 | O19: 20 | P19: =环形怪物属性!K20 -> 7 | Q19: 36 | R19: 13 | S19: 10 | T19: =T18 -> 0.18 | U19: 80011|80071 | V19: =V9+10 -> 40 | W19: 1 | X19: 1.2 | Y19: 1.8 | Z19: 50
A20: 10017 | B20: 僧侣 | C20: =LEFT(A20,1) -> 1 | D20: 6 | E20: 1 | F20: mushi01_Lv1 | G20: =F20 -> mushi01_Lv1 | H20: =_xlfn.IFS(OR(D20="1",D20="2",D20="7",D20="8"),2,OR(D20="3",D20="4",D20="5",D20="6"),1) -> 1 | I20: =_xlfn.IFS(OR(D20="1",D20="2",D20="4",D20="7",D20="8"),150,OR(D20="3",D20="5",D20="6"),800) -> 800 | J20: =MIN(I20+350,800) -> 800 | K20: 650 | L20: 67 | M20: 20 | N20: =环形怪物属性!F21 -> 438 | O20: =环形怪物属性!H21 -> 26 | P20: =环形怪物属性!K21 -> 10 | Q20: =环形怪物属性!N21 -> 39 | R20: 21 | S20: 10 | T20: =T19 -> 0.18 | U20: 80011|80071 | V20: =V10+10 -> 40 | W20: 1 | X20: 1.5 | Y20: 1.8 | Z20: 50
A21: 10018 | B21: 骷髅兵 | C21: =LEFT(A21,1) -> 1 | D21: 7 | E21: 1 | F21: moshou01_Lv1 | G21: =F21 -> moshou01_Lv1 | H21: =_xlfn.IFS(OR(D21="1",D21="2",D21="7",D21="8"),2,OR(D21="3",D21="4",D21="5",D21="6"),1) -> 2 | I21: =_xlfn.IFS(OR(D21="1",D21="2",D21="4",D21="7",D21="8"),150,OR(D21="3",D21="5",D21="6"),800) -> 150 | J21: =MIN(I21+350,800) -> 500 | K21: 650 | L21: 67 | M21: 15 | N21: =环形怪物属性!F22 -> 484 | O21: =环形怪物属性!H22 -> 43 | P21: =环形怪物属性!K22 -> 9 | Q21: =环形怪物属性!N22 -> 26 | R21: 13 | S21: 10 | T21: =T20 -> 0.18 | U21: 80071 | V21: =V11+10 -> 40 | W21: 1 | X21: 1.5 | Y21: 1.8 | Z21: 50
A22: 10019 | B22: 狼战士 | C22: =LEFT(A22,1) -> 1 | D22: 8 | E22: 1 | F22: yeshou01_lv1 | G22: =F22 -> yeshou01_lv1 | H22: =_xlfn.IFS(OR(D22="1",D22="2",D22="7",D22="8"),2,OR(D22="3",D22="4",D22="5",D22="6"),1) -> 2 | I22: =_xlfn.IFS(OR(D22="1",D22="2",D22="4",D22="7",D22="8"),150,OR(D22="3",D22="5",D22="6"),800) -> 150 | J22: =MIN(I22+350,800) -> 500 | K22: 650 | L22: 67 | M22: 15 | N22: =环形怪物属性!F23 -> 461 | O22: =环形怪物属性!H23 -> 52 | P22: =环形怪物属性!K23 -> 8 | Q22: =环形怪物属性!N23 -> 26 | R22: 13 | S22: 10 | T22: =T21 -> 0.18 | U22: 80071 | V22: =V12+10 -> 40 | W22: 1 | X22: 1.5 | Y22: 1.8 | Z22: 50
A23: 10020 | B23: 骷髅兵 | C23: =LEFT(A23,1) -> 1 | D23: 7 | E23: 1 | F23: monster001 | G23: =F23 -> monster001 | H23: =_xlfn.IFS(OR(D23="1",D23="2",D23="7",D23="8"),2,OR(D23="3",D23="4",D23="5",D23="6"),1) -> 2 | I23: =_xlfn.IFS(OR(D23="1",D23="2",D23="4",D23="7",D23="8"),150,OR(D23="3",D23="5",D23="6"),800) -> 150 | J23: =MIN(I23+350,800) -> 500 | K23: 650 | L23: 67 | M23: 15 | N23: =环形怪物属性!F24 -> 434 | O23: =环形怪物属性!H24 -> 43 | P23: =环形怪物属性!K24 -> 8 | Q23: =环形怪物属性!N24 -> 26 | R23: 13 | S23: 10 | T23: =T22 -> 0.18 | U23: 80071 | V23: =V13+10 -> 40 | W23: 1 | X23: 1.5 | Y23: 1.8 | Z23: 50
A24: 10021 | B24: 骷髅卫士 | C24: =LEFT(A24,1) -> 1 | D24: 7 | E24: 1 | F24: monster002 | G24: =F24 -> monster002 | H24: =_xlfn.IFS(OR(D24="1",D24="2",D24="7",D24="8"),2,OR(D24="3",D24="4",D24="5",D24="6"),1) -> 2 | I24: =_xlfn.IFS(OR(D24="1",D24="2",D24="4",D24="7",D24="8"),150,OR(D24="3",D24="5",D24="6"),800) -> 150 | J24: =MIN(I24+350,800) -> 500 | K24: 650 | L24: 67 | M24: 15 | N24: =环形怪物属性!F25 -> 438 | O24: =环形怪物属性!H25 -> 39 | P24: =环形怪物属性!K25 -> 9 | Q24: =环形怪物属性!N25 -> 26 | R24: 13 | S24: 10 | T24: =T23 -> 0.18 | U24: 80071 | V24: =V14+10 -> 50 | W24: 1 | X24: 1.5 | Y24: 1.8 | Z24: 50
A25: 10022 | B25: 骷髅射手 | C25: =LEFT(A25,1) -> 1 | D25: 7 | E25: 1 | F25: monster003 | G25: =F25 -> monster003 | H25: =_xlfn.IFS(OR(D25="1",D25="2",D25="7",D25="8"),2,OR(D25="3",D25="4",D25="5",D25="6"),1) -> 2 | I25: 800 | J25: =MIN(I25+350,800) -> 800 | K25: 650 | L25: 67 | M25: 20 | N25: =环形怪物属性!F26 -> 399 | O25: =环形怪物属性!H26 -> 44 | P25: =环形怪物属性!K26 -> 8 | Q25: =环形怪物属性!N26 -> 26 | R25: 13 | S25: 10 | T25: =T24 -> 0.18 | U25: 80071 | V25: =V15+10 -> 50 | W25: 1 | X25: 1.5 | Y25: 1.8 | Z25: 50
A26: 10023 | B26: 骷髅战士 | C26: =LEFT(A26,1) -> 1 | D26: 7 | E26: 1 | F26: monster004 | G26: =F26 -> monster004 | H26: =_xlfn.IFS(OR(D26="1",D26="2",D26="7",D26="8"),2,OR(D26="3",D26="4",D26="5",D26="6"),1) -> 2 | I26: =_xlfn.IFS(OR(D26="1",D26="2",D26="4",D26="7",D26="8"),150,OR(D26="3",D26="5",D26="6"),800) -> 150 | J26: =MIN(I26+350,800) -> 500 | K26: 650 | L26: 67 | M26: 15 | N26: =环形怪物属性!F27 -> 442 | O26: =环形怪物属性!H27 -> 52 | P26: =环形怪物属性!K27 -> 8 | Q26: =环形怪物属性!N27 -> 26 | R26: 13 | S26: 10 | T26: =T25 -> 0.18 | U26: 80071 | V26: =V16+10 -> 50 | W26: 1 | X26: 1.5 | Y26: 1.8 | Z26: 50
A27: 10024 | B27: 骷髅法师 | C27: =LEFT(A27,1) -> 1 | D27: 7 | E27: 1 | F27: monster005 | G27: =F27 -> monster005 | H27: =_xlfn.IFS(OR(D27="1",D27="2",D27="7",D27="8"),2,OR(D27="3",D27="4",D27="5",D27="6"),1) -> 2 | I27: =_xlfn.IFS(OR(D27="1",D27="2",D27="4",D27="7",D27="8"),150,OR(D27="3",D27="5",D27="6"),800) -> 150 | J27: =MIN(I27+350,800) -> 500 | K27: 650 | L27: 67 | M27: 15 | N27: =环形怪物属性!F28 -> 442 | O27: =环形怪物属性!H28 -> 26 | P27: =环形怪物属性!K28 -> 8 | Q27: =环形怪物属性!N28 -> 39 | R27: 13 | S27: 10 | T27: =T26 -> 0.18 | U27: 80071 | V27: =V17+10 -> 50 | W27: 1 | X27: 1.5 | Y27: 1.8 | Z27: 50
A28: 10025 | B28: 兽人 | C28: =LEFT(A28,1) -> 1 | D28: 8 | E28: 1 | F28: monster006 | G28: =F28 -> monster006 | H28: =_xlfn.IFS(OR(D28="1",D28="2",D28="7",D28="8"),2,OR(D28="3",D28="4",D28="5",D28="6"),1) -> 2 | I28: =_xlfn.IFS(OR(D28="1",D28="2",D28="4",D28="7",D28="8"),150,OR(D28="3",D28="5",D28="6"),800) -> 150 | J28: =MIN(I28+350,800) -> 500 | K28: 650 | L28: 67 | M28: 15 | N28: =环形怪物属性!F29 -> 445 | O28: =环形怪物属性!H29 -> 52 | P28: =环形怪物属性!K29 -> 8 | Q28: =环形怪物属性!N29 -> 39 | R28: 13 | S28: 10 | T28: =T27 -> 0.18 | U28: 80071 | V28: =V18+10 -> 50 | W28: 1 | X28: 1.5 | Y28: 1.8 | Z28: 50
A29: 10026 | B29: 兽人步兵 | C29: =LEFT(A29,1) -> 1 | D29: 8 | E29: 1 | F29: monster007 | G29: =F29 -> monster007 | H29: =_xlfn.IFS(OR(D29="1",D29="2",D29="7",D29="8"),2,OR(D29="3",D29="4",D29="5",D29="6"),1) -> 2 | I29: =_xlfn.IFS(OR(D29="1",D29="2",D29="4",D29="7",D29="8"),150,OR(D29="3",D29="5",D29="6"),800) -> 150 | J29: =MIN(I29+350,800) -> 500 | K29: 650 | L29: 67 | M29: 15 | N29: =环形怪物属性!F30 -> 445 | O29: =环形怪物属性!H30 -> 52 | P29: =环形怪物属性!K30 -> 8 | Q29: =环形怪物属性!N30 -> 39 | R29: 13 | S29: 10 | T29: =T28 -> 0.18 | U29: 80071 | V29: =V19+10 -> 50 | W29: 1 | X29: 1.5 | Y29: 1.8 | Z29: 50
A30: 10027 | B30: 夜魔（蓝） | C30: =LEFT(A30,1) -> 1 | D30: 4 | E30: 1 | F30: feibing01_Lv1 | G30: =F30 -> feibing01_Lv1 | H30: =_xlfn.IFS(OR(D30="1",D30="2",D30="7",D30="8"),2,OR(D30="3",D30="4",D30="5",D30="6"),1) -> 1 | I30: =_xlfn.IFS(OR(D30="1",D30="2",D30="4",D30="7",D30="8"),150,OR(D30="3",D30="5",D30="6"),800) -> 150 | J30: =MIN(I30+350,800) -> 500 | K30: 750 | L30: 67 | M30: 15 | N30: =环形怪物属性!F31 -> 434 | O30: =环形怪物属性!H31 -> 34 | P30: =环形怪物属性!K31 -> 8 | Q30: =环形怪物属性!N31 -> 43 | R30: 13 | S30: 10 | T30: =T29 -> 0.18 | U30: 80071 | V30: =V20+10 -> 50 | W30: 1 | X30: 1.5 | Y30: 1.8 | Z30: 50
A31: 10028 | B31: 蓝猪 | C31: =LEFT(A31,1) -> 1 | D31: 2 | E31: 1 | F31: monster002 | G31: =F31 -> monster002 | H31: =_xlfn.IFS(OR(D31="1",D31="2",D31="7",D31="8"),2,OR(D31="3",D31="4",D31="5",D31="6"),1) -> 2 | I31: =_xlfn.IFS(OR(D31="1",D31="2",D31="4",D31="7",D31="8"),150,OR(D31="3",D31="5",D31="6"),800) -> 150 | J31: =MIN(I31+350,800) -> 500 | K31: 800 | L31: 67 | M31: 15 | N31: =环形怪物属性!F32 -> 445 | O31: =环形怪物属性!H32 -> 52 | P31: =环形怪物属性!K32 -> 8 | Q31: =环形怪物属性!N32 -> 39 | R31: 13 | S31: 10 | T31: =T30 -> 0.18 | U31: 80071 | V31: =V21+10 -> 50 | W31: 1 | X31: 1.5 | Y31: 1.8 | Z31: 50
A32: 10029 | B32: 飞行独眼 | C32: =LEFT(A32,1) -> 1 | D32: 4 | E32: 1 | F32: feibing01_Lv1 | G32: =F32 -> feibing01_Lv1 | H32: =_xlfn.IFS(OR(D32="1",D32="2",D32="7",D32="8"),2,OR(D32="3",D32="4",D32="5",D32="6"),1) -> 1 | I32: =_xlfn.IFS(OR(D32="1",D32="2",D32="4",D32="7",D32="8"),150,OR(D32="3",D32="5",D32="6"),800) -> 150 | J32: =MIN(I32+350,800) -> 500 | K32: 750 | L32: 67 | M32: 15 | N32: =环形怪物属性!F33 -> 415 | O32: =环形怪物属性!H33 -> 39 | P32: =环形怪物属性!K33 -> 8 | Q32: =环形怪物属性!N33 -> 44 | R32: 13 | S32: 10 | T32: =T31 -> 0.18 | U32: 80071 | V32: =V22+10 -> 50 | W32: 1 | X32: 1.5 | Y32: 1.8 | Z32: 50
A33: 10030 | B33: 蜘蛛怪 | C33: =LEFT(A33,1) -> 1 | D33: 8 | E33: 1 | F33: monster004 | G33: =F33 -> monster004 | H33: =_xlfn.IFS(OR(D33="1",D33="2",D33="7",D33="8"),2,OR(D33="3",D33="4",D33="5",D33="6"),1) -> 2 | I33: =_xlfn.IFS(OR(D33="1",D33="2",D33="4",D33="7",D33="8"),150,OR(D33="3",D33="5",D33="6"),800) -> 150 | J33: =MIN(I33+350,800) -> 500 | K33: 650 | L33: 67 | M33: 15 | N33: =环形怪物属性!F34 -> 445 | O33: =环形怪物属性!H34 -> 52 | P33: =环形怪物属性!K34 -> 8 | Q33: =环形怪物属性!N34 -> 43 | R33: 13 | S33: 10 | T33: =T32 -> 0.18 | U33: 80071 | V33: =V23+10 -> 50 | W33: 1 | X33: 1.5 | Y33: 1.8 | Z33: 50
A34: 10031 | B34: 红蛙 | C34: =LEFT(A34,1) -> 1 | D34: 1 | E34: 1 | F34: monster005 | G34: =F34 -> monster005 | H34: =_xlfn.IFS(OR(D34="1",D34="2",D34="7",D34="8"),2,OR(D34="3",D34="4",D34="5",D34="6"),1) -> 2 | I34: =_xlfn.IFS(OR(D34="1",D34="2",D34="4",D34="7",D34="8"),150,OR(D34="3",D34="5",D34="6"),800) -> 150 | J34: =MIN(I34+350,800) -> 500 | K34: 650 | L34: 67 | M34: 15 | N34: =环形怪物属性!F35 -> 449 | O34: =环形怪物属性!H35 -> 44 | P34: =环形怪物属性!K35 -> 8 | Q34: =环形怪物属性!N35 -> 43 | R34: 14.5 | S34: 15 | T34: =T33 -> 0.18 | U34: 80071 | V34: =V24+10 -> 60 | W34: 1 | X34: 1.5 | Y34: 1.8 | Z34: 50
A35: 10032 | B35: 绿蛙 | C35: =LEFT(A35,1) -> 1 | D35: 1 | E35: 1 | F35: monster006 | G35: =F35 -> monster006 | H35: =_xlfn.IFS(OR(D35="1",D35="2",D35="7",D35="8"),2,OR(D35="3",D35="4",D35="5",D35="6"),1) -> 2 | I35: =_xlfn.IFS(OR(D35="1",D35="2",D35="4",D35="7",D35="8"),150,OR(D35="3",D35="5",D35="6"),800) -> 150 | J35: =MIN(I35+350,800) -> 500 | K35: 650 | L35: 67 | M35: 15 | N35: =环形怪物属性!F36 -> 449 | O35: =环形怪物属性!H36 -> 46 | P35: =环形怪物属性!K36 -> 8 | Q35: =环形怪物属性!N36 -> 43 | R35: 14.5 | S35: 15 | T35: =T34 -> 0.18 | U35: 80071 | V35: =V25+10 -> 60 | W35: 1 | X35: 1.5 | Y35: 1.8 | Z35: 50
A36: 10033 | B36: 食人草 | C36: =LEFT(A36,1) -> 1 | D36: 5 | E36: 1 | F36: monster003 | G36: =F36 -> monster003 | H36: =_xlfn.IFS(OR(D36="1",D36="2",D36="7",D36="8"),2,OR(D36="3",D36="4",D36="5",D36="6"),1) -> 1 | I36: =_xlfn.IFS(OR(D36="1",D36="2",D36="4",D36="7",D36="8"),150,OR(D36="3",D36="5",D36="6"),800) -> 800 | J36: =MIN(I36+350,800) -> 800 | K36: 650 | L36: 67 | M36: 20 | N36: =环形怪物属性!F37 -> 415 | O36: =环形怪物属性!H37 -> 44 | P36: =环形怪物属性!K37 -> 8 | Q36: =环形怪物属性!N37 -> 43 | R36: 13 | S36: 10 | T36: =T35 -> 0.18 | U36: 80071 | V36: =V26+10 -> 60 | W36: 1 | X36: 1.5 | Y36: 1.8 | Z36: 50
A37: 10034 | B37: 红猪 | C37: =LEFT(A37,1) -> 1 | D37: 2 | E37: 1 | F37: monster006 | G37: =F37 -> monster006 | H37: =_xlfn.IFS(OR(D37="1",D37="2",D37="7",D37="8"),2,OR(D37="3",D37="4",D37="5",D37="6"),1) -> 2 | I37: =_xlfn.IFS(OR(D37="1",D37="2",D37="4",D37="7",D37="8"),150,OR(D37="3",D37="5",D37="6"),800) -> 150 | J37: =MIN(I37+350,800) -> 500 | K37: 800 | L37: 67 | M37: 15 | N37: =环形怪物属性!F38 -> 453 | O37: =环形怪物属性!H38 -> 52 | P37: =环形怪物属性!K38 -> 8 | Q37: =环形怪物属性!N38 -> 43 | R37: 13 | S37: 10 | T37: =T36 -> 0.18 | U37: 80071 | V37: =V27+10 -> 60 | W37: 1 | X37: 1.5 | Y37: 1.8 | Z37: 50
... A48: 10045 | B48: 海蜥蜴 | C48: =LEFT(A48,1) -> 1 | D48: 1 | E48: 1 | F48: monster006 | G48: =F48 -> monster006 | H48: =_xlfn.IFS(OR(D48="1",D48="2",D48="7",D48="8"),2,OR(D48="3",D48="4",D48="5",D48="6"),1) -> 2 | I48: =_xlfn.IFS(OR(D48="1",D48="2",D48="4",D48="7",D48="8"),150,OR(D48="3",D48="5",D48="6"),800) -> 150 | J48: =MIN(I48+350,800) -> 500 | K48: 650 | L48: 67 | M48: 15 | N48: =环形怪物属性!F49 -> 445 | O48: =环形怪物属性!H49 -> 47 | P48: =环形怪物属性!K49 -> 7 | Q48: =环形怪物属性!N49 -> 43 | R48: 13 | S48: 10 | T48: =T47 -> 0.18 | U48: 80071 | V48: =V38+10 -> 70 | W48: 1 | X48: 1.5 | Y48: 1.8 | Z48: 50
A49: 20001 | B49: 野猪首领 | C49: =LEFT(A49,1) -> 2 | D49: 8 | E49: 1 | F49: jymonster001 | G49: =F49 -> jymonster001 | H49: =_xlfn.IFS(OR(D49="1",D49="2",D49="7",D49="8"),2,OR(D49="3",D49="4",D49="5",D49="6"),1) -> 2 | I49: =_xlfn.IFS(OR(D49="1",D49="2",D49="4",D49="7",D49="8"),150,OR(D49="3",D49="5",D49="6"),800) -> 150 | J49: =MIN(I49+350,800) -> 500 | K49: 700 | L49: 82 | M49: 15 | N49: =环形怪物属性!F50 -> 980 | O49: =环形怪物属性!H50 -> 52 | P49: =环形怪物属性!K50 -> 13 | Q49: =环形怪物属性!N50 -> 46 | R49: 22 | S49: 10 | T49: 0.2 | U49: 0 | V49: 60 | W49: =_xlfn.IFS(C49="1",2,C49="2",5,C49="3",10,C49="4",20,TRUE,0) -> 5 | X49: 1.2 | Y49: 1.8 | Z49: 50
A50: 20002 | B50: 树精首领 | C50: =LEFT(A50,1) -> 2 | D50: 7 | E50: 1 | F50: jymonster002 | G50: =F50 -> jymonster002 | H50: =_xlfn.IFS(OR(D50="1",D50="2",D50="7",D50="8"),2,OR(D50="3",D50="4",D50="5",D50="6"),1) -> 2 | I50: =_xlfn.IFS(OR(D50="1",D50="2",D50="4",D50="7",D50="8"),150,OR(D50="3",D50="5",D50="6"),800) -> 150 | J50: =MIN(I50+350,800) -> 500 | K50: 650 | L50: 82 | M50: 15 | N50: =环形怪物属性!F51 -> 1014 | O50: =环形怪物属性!H51 -> 44 | P50: =环形怪物属性!K51 -> 14 | Q50: =环形怪物属性!N51 -> 38 | R50: 25 | S50: 10 | T50: =T49 -> 0.2 | U50: 80021 | V50: 60 | W50: =_xlfn.IFS(C50="1",2,C50="2",5,C50="3",10,C50="4",20,TRUE,0) -> 5 | X50: 1.2 | Y50: 1.8 | Z50: 50
A51: 20003 | B51: 甲虫战士 | C51: =LEFT(A51,1) -> 2 | D51: 8 | E51: 1 | F51: jymonster003 | G51: =F51 -> jymonster003 | H51: =_xlfn.IFS(OR(D51="1",D51="2",D51="7",D51="8"),2,OR(D51="3",D51="4",D51="5",D51="6"),1) -> 2 | I51: =_xlfn.IFS(OR(D51="1",D51="2",D51="4",D51="7",D51="8"),150,OR(D51="3",D51="5",D51="6"),800) -> 150 | J51: =MIN(I51+350,800) -> 500 | K51: 700 | L51: 82 | M51: 15 | N51: =环形怪物属性!F52 -> 1048 | O51: =环形怪物属性!H52 -> 52 | P51: =环形怪物属性!K52 -> 14 | Q51: =环形怪物属性!N52 -> 47 | R51: 23.5 | S51: 10 | T51: =T50 -> 0.2 | U51: 0 | V51: 60 | W51: =_xlfn.IFS(C51="1",2,C51="2",5,C51="3",10,C51="4",20,TRUE,0) -> 5 | X51: 1.2 | Y51: 1.8 | Z51: 50
A52: 20004 | B52: 史莱金 | C52: =LEFT(A52,1) -> 2 | D52: 7 | E52: 1 | F52: jymonster004 | G52: =F52 -> jymonster004 | H52: =_xlfn.IFS(OR(D52="1",D52="2",D52="7",D52="8"),2,OR(D52="3",D52="4",D52="5",D52="6"),1) -> 2 | I52: =_xlfn.IFS(OR(D52="1",D52="2",D52="4",D52="7",D52="8"),150,OR(D52="3",D52="5",D52="6"),800) -> 150 | J52: =MIN(I52+350,800) -> 500 | K52: 650 | L52: 82 | M52: 15 | N52: =环形怪物属性!F53 -> 1082 | O52: =环形怪物属性!H53 -> 54 | P52: =环形怪物属性!K53 -> 14 | Q52: =环形怪物属性!N53 -> 47 | R52: 23.5 | S52: 10 | T52: =T51 -> 0.2 | U52: 0 | V52: 60 | W52: =_xlfn.IFS(C52="1",2,C52="2",5,C52="3",10,C52="4",20,TRUE,0) -> 5 | X52: 1.2 | Y52: 1.8 | Z52: 50
A53: 20005 | B53: 重装步兵 | C53: =LEFT(A53,1) -> 2 | D53: 1 | E53: 1 | F53: bubing01_Lv2 | G53: =F53 -> bubing01_Lv2 | H53: =_xlfn.IFS(OR(D53="1",D53="2",D53="7",D53="8"),2,OR(D53="3",D53="4",D53="5",D53="6"),1) -> 2 | I53: =_xlfn.IFS(OR(D53="1",D53="2",D53="4",D53="7",D53="8"),150,OR(D53="3",D53="5",D53="6"),800) -> 150 | J53: =MIN(I53+350,800) -> 500 | K53: 650 | L53: 90 | M53: 15 | N53: =环形怪物属性!F54 -> 1116 | O53: =环形怪物属性!H54 -> 50 | P53: =环形怪物属性!K54 -> 15 | Q53: =环形怪物属性!N54 -> 29 | R53: 22 | S53: 15 | T53: 0.23 | U53: 80071 | V53: 80 | W53: =_xlfn.IFS(C53="1",2,C53="2",5,C53="3",10,C53="4",20,TRUE,0) -> 5 | X53: 1.2 | Y53: 1.8 | Z53: 50
A54: 20006 | B54: 重装枪兵 | C54: =LEFT(A54,1) -> 2 | D54: 1 | E54: 1 | F54: bubing02_Lv2 | G54: =F54 -> bubing02_Lv2 | H54: =_xlfn.IFS(OR(D54="1",D54="2",D54="7",D54="8"),2,OR(D54="3",D54="4",D54="5",D54="6"),1) -> 2 | I54: =_xlfn.IFS(OR(D54="1",D54="2",D54="4",D54="7",D54="8"),150,OR(D54="3",D54="5",D54="6"),800) -> 150 | J54: =MIN(I54+350,800) -> 500 | K54: 650 | L54: 90 | M54: 15 | N54: =环形怪物属性!F55 -> 1150 | O54: =环形怪物属性!H55 -> 46 | P54: =环形怪物属性!K55 -> 16 | Q54: =环形怪物属性!N55 -> 29 | R54: 22 | S54: 15 | T54: =T53 -> 0.23 | U54: 80071 | V54: 80 | W54: =_xlfn.IFS(C54="1",2,C54="2",5,C54="3",10,C54="4",20,TRUE,0) -> 5 | X54: 1.2 | Y54: 1.8 | Z54: 50
A55: 20007 | B55: 精锐骑士 | C55: =LEFT(A55,1) -> 2 | D55: 2 | E55: 1 | F55: qibing01_Lv2 | G55: =F55 -> qibing01_Lv2 | H55: =_xlfn.IFS(OR(D55="1",D55="2",D55="7",D55="8"),2,OR(D55="3",D55="4",D55="5",D55="6"),1) -> 2 | I55: =_xlfn.IFS(OR(D55="1",D55="2",D55="4",D55="7",D55="8"),150,OR(D55="3",D55="5",D55="6"),800) -> 150 | J55: =MIN(I55+350,800) -> 500 | K55: 800 | L55: 90 | M55: 15 | N55: =环形怪物属性!F56 -> 1184 | O55: =环形怪物属性!H56 -> 52 | P55: =环形怪物属性!K56 -> 14 | Q55: =环形怪物属性!N56 -> 29 | R55: 22 | S55: 15 | T55: =T54 -> 0.23 | U55: 80071 | V55: 80 | W55: =_xlfn.IFS(C55="1",2,C55="2",5,C55="3",10,C55="4",20,TRUE,0) -> 5 | X55: 1.2 | Y55: 1.8 | Z55: 50
A56: 20008 | B56: 精灵射手 | C56: =LEFT(A56,1) -> 2 | D56: 3 | E56: 1 | F56: gongbing01_Lv2 | G56: =F56 -> gongbing01_Lv2 | H56: =_xlfn.IFS(OR(D56="1",D56="2",D56="7",D56="8"),2,OR(D56="3",D56="4",D56="5",D56="6"),1) -> 1 | I56: =_xlfn.IFS(OR(D56="1",D56="2",D56="4",D56="7",D56="8"),150,OR(D56="3",D56="5",D56="6"),800) -> 800 | J56: =MIN(I56+350,800) -> 800 | K56: 650 | L56: 90 | M56: 20 | N56: =环形怪物属性!F57 -> 1218 | O56: =环形怪物属性!H57 -> 38 | P56: =环形怪物属性!K57 -> 13 | Q56: =环形怪物属性!N57 -> 33 | R56: 22 | S56: 15 | T56: =T55 -> 0.23 | U56: 80021|80071 | V56: 80 | W56: =_xlfn.IFS(C56="1",2,C56="2",5,C56="3",10,C56="4",20,TRUE,0) -> 5 | X56: 1.2 | Y56: 1.8 | Z56: 50
A57: 20009 | B57: 飞马骑士 | C57: =LEFT(A57,1) -> 2 | D57: 4 | E57: 1 | F57: feibing01_Lv2 | G57: =F57 -> feibing01_Lv2 | H57: =_xlfn.IFS(OR(D57="1",D57="2",D57="7",D57="8"),2,OR(D57="3",D57="4",D57="5",D57="6"),1) -> 1 | I57: =_xlfn.IFS(OR(D57="1",D57="2",D57="4",D57="7",D57="8"),150,OR(D57="3",D57="5",D57="6"),800) -> 150 | J57: =MIN(I57+350,800) -> 500 | K57: 800 | L57: 90 | M57: 15 | N57: =环形怪物属性!F58 -> 1252 | O57: =环形怪物属性!H58 -> 50 | P57: =环形怪物属性!K58 -> 14 | Q57: =环形怪物属性!N58 -> 35 | R57: 23.5 | S57: 15 | T57: =T56 -> 0.23 | U57: 80071 | V57: 80 | W57: =_xlfn.IFS(C57="1",2,C57="2",5,C57="3",10,C57="4",20,TRUE,0) -> 5 | X57: 1.2 | Y57: 1.8 | Z57: 50
A58: 20010 | B58: 魔女 | C58: =LEFT(A58,1) -> 2 | D58: 5 | E58: 1 | F58: fashi01_Lv2 | G58: =F58 -> fashi01_Lv2 | H58: =_xlfn.IFS(OR(D58="1",D58="2",D58="7",D58="8"),2,OR(D58="3",D58="4",D58="5",D58="6"),1) -> 1 | I58: =_xlfn.IFS(OR(D58="1",D58="2",D58="4",D58="7",D58="8"),150,OR(D58="3",D58="5",D58="6"),800) -> 800 | J58: =MIN(I58+350,800) -> 800 | K58: 650 | L58: 90 | M58: 20 | N58: =环形怪物属性!F59 -> 1286 | O58: =环形怪物属性!H59 -> 36 | P58: =环形怪物属性!K59 -> 13 | Q58: =环形怪物属性!N59 -> 42 | R58: 27 | S58: 15 | T58: =T57 -> 0.23 | U58: 80021|80071 | V58: 80 | W58: =_xlfn.IFS(C58="1",2,C58="2",5,C58="3",10,C58="4",20,TRUE,0) -> 5 | X58: 1.2 | Y58: 1.8 | Z58: 50
A59: 20011 | B59: 神官 | C59: =LEFT(A59,1) -> 2 | D59: 6 | E59: 1 | F59: mushi01_Lv2 | G59: =F59 -> mushi01_Lv2 | H59: =_xlfn.IFS(OR(D59="1",D59="2",D59="7",D59="8"),2,OR(D59="3",D59="4",D59="5",D59="6"),1) -> 1 | I59: =_xlfn.IFS(OR(D59="1",D59="2",D59="4",D59="7",D59="8"),150,OR(D59="3",D59="5",D59="6"),800) -> 800 | J59: =MIN(I59+350,800) -> 800 | K59: 650 | L59: 90 | M59: 20 | N59: =环形怪物属性!F60 -> 1320 | O59: =环形怪物属性!H60 -> 36 | P59: =环形怪物属性!K60 -> 13 | Q59: =环形怪物属性!N60 -> 38 | R59: 25 | S59: 15 | T59: =T58 -> 0.23 | U59: 80021|80071 | V59: 80 | W59: =_xlfn.IFS(C59="1",2,C59="2",5,C59="3",10,C59="4",20,TRUE,0) -> 5 | X59: 1.2 | Y59: 1.8 | Z59: 50
A60: 20012 | B60: 骷髅勇士 | C60: =LEFT(A60,1) -> 2 | D60: 7 | E60: 1 | F60: moshou01_Lv2 | G60: =F60 -> moshou01_Lv2 | H60: =_xlfn.IFS(OR(D60="1",D60="2",D60="7",D60="8"),2,OR(D60="3",D60="4",D60="5",D60="6"),1) -> 2 | I60: =_xlfn.IFS(OR(D60="1",D60="2",D60="4",D60="7",D60="8"),150,OR(D60="3",D60="5",D60="6"),800) -> 150 | J60: =MIN(I60+350,800) -> 500 | K60: 650 | L60: 90 | M60: 15 | N60: =环形怪物属性!F61 -> 1354 | O60: =环形怪物属性!H61 -> 50 | P60: =环形怪物属性!K61 -> 14 | Q60: =环形怪物属性!N61 -> 24 | R60: 20 | S60: 15 | T60: =T59 -> 0.23 | U60: 80071 | V60: 80 | W60: =_xlfn.IFS(C60="1",2,C60="2",5,C60="3",10,C60="4",20,TRUE,0) -> 5 | X60: 1.2 | Y60: 1.8 | Z60: 50
A61: 20013 | B61: 狼人统领 | C61: =LEFT(A61,1) -> 2 | D61: 8 | E61: 1 | F61: yeshou01_lv2 | G61: =F61 -> yeshou01_lv2 | H61: =_xlfn.IFS(OR(D61="1",D61="2",D61="7",D61="8"),2,OR(D61="3",D61="4",D61="5",D61="6"),1) -> 2 | I61: =_xlfn.IFS(OR(D61="1",D61="2",D61="4",D61="7",D61="8"),150,OR(D61="3",D61="5",D61="6"),800) -> 150 | J61: =MIN(I61+350,800) -> 500 | K61: 650 | L61: 90 | M61: 15 | N61: =环形怪物属性!F62 -> 1388 | O61: =环形怪物属性!H62 -> 54 | P61: =环形怪物属性!K62 -> 13 | Q61: =环形怪物属性!N62 -> 24 | R61: 20 | S61: 15 | T61: =T60 -> 0.23 | U61: 80071 | V61: 80 | W61: =_xlfn.IFS(C61="1",2,C61="2",5,C61="3",10,C61="4",20,TRUE,0) -> 5 | X61: 1.2 | Y61: 1.8 | Z61: 50
A62: 20014 | B62: 大史莱姆 | C62: =LEFT(A62,1) -> 2 | D62: 1 | E62: 1 | F62: jymonster001 | G62: =F62 -> jymonster001 | H62: =_xlfn.IFS(OR(D62="1",D62="2",D62="7",D62="8"),2,OR(D62="3",D62="4",D62="5",D62="6"),1) -> 2 | I62: =_xlfn.IFS(OR(D62="1",D62="2",D62="4",D62="7",D62="8"),150,OR(D62="3",D62="5",D62="6"),800) -> 150 | J62: =MIN(I62+350,800) -> 500 | K62: 650 | L62: 90 | M62: 15 | N62: =环形怪物属性!F63 -> 1422 | O62: =环形怪物属性!H63 -> 44 | P62: =环形怪物属性!K63 -> 13 | Q62: =环形怪物属性!N63 -> 24 | R62: 20 | S62: 15 | T62: =T61 -> 0.23 | U62: 80071 | V62: 80 | W62: =_xlfn.IFS(C62="1",2,C62="2",5,C62="3",10,C62="4",20,TRUE,0) -> 5 | X62: 1.2 | Y62: 1.8 | Z62: 50
A63: 20015 | B63: 兽人弓手 | C63: =LEFT(A63,1) -> 2 | D63: 1 | E63: 1 | F63: jymonster002 | G63: =F63 -> jymonster002 | H63: =_xlfn.IFS(OR(D63="1",D63="2",D63="7",D63="8"),2,OR(D63="3",D63="4",D63="5",D63="6"),1) -> 2 | I63: =_xlfn.IFS(OR(D63="1",D63="2",D63="4",D63="7",D63="8"),150,OR(D63="3",D63="5",D63="6"),800) -> 150 | J63: =MIN(I63+350,800) -> 500 | K63: 650 | L63: 90 | M63: 15 | N63: =环形怪物属性!F64 -> 1456 | O63: =环形怪物属性!H64 -> 40 | P63: =环形怪物属性!K64 -> 13 | Q63: =环形怪物属性!N64 -> 24 | R63: 20 | S63: 15 | T63: =T62 -> 0.23 | U63: 80071 | V63: 80 | W63: =_xlfn.IFS(C63="1",2,C63="2",5,C63="3",10,C63="4",20,TRUE,0) -> 5 | X63: 1.2 | Y63: 1.8 | Z63: 50
A64: 20016 | B64: 兽巨人 | C64: =LEFT(A64,1) -> 2 | D64: 3 | E64: 1 | F64: jymonster003 | G64: =F64 -> jymonster003 | H64: =_xlfn.IFS(OR(D64="1",D64="2",D64="7",D64="8"),2,OR(D64="3",D64="4",D64="5",D64="6"),1) -> 1 | I64: =_xlfn.IFS(OR(D64="1",D64="2",D64="4",D64="7",D64="8"),150,OR(D64="3",D64="5",D64="6"),800) -> 800 | J64: =MIN(I64+350,800) -> 800 | K64: 650 | L64: 90 | M64: 20 | N64: =环形怪物属性!F65 -> 1490 | O64: =环形怪物属性!H65 -> 36 | P64: =环形怪物属性!K65 -> 13 | Q64: =环形怪物属性!N65 -> 24 | R64: 20 | S64: 15 | T64: =T63 -> 0.23 | U64: 80071 | V64: 80 | W64: =_xlfn.IFS(C64="1",2,C64="2",5,C64="3",10,C64="4",20,TRUE,0) -> 5 | X64: 1.2 | Y64: 1.8 | Z64: 50
A65: 20017 | B65: 骷髅巫师 | C65: =LEFT(A65,1) -> 2 | D65: 5 | E65: 1 | F65: jymonster004 | G65: =F65 -> jymonster004 | H65: =_xlfn.IFS(OR(D65="1",D65="2",D65="7",D65="8"),2,OR(D65="3",D65="4",D65="5",D65="6"),1) -> 1 | I65: =_xlfn.IFS(OR(D65="1",D65="2",D65="4",D65="7",D65="8"),150,OR(D65="3",D65="5",D65="6"),800) -> 800 | J65: =MIN(I65+350,800) -> 800 | K65: 650 | L65: 90 | M65: 20 | N65: =环形怪物属性!F66 -> 1524 | O65: 20 | P65: =环形怪物属性!K66 -> 13 | Q65: 36 | R65: 20 | S65: 15 | T65: =T64 -> 0.23 | U65: 80071 | V65: 80 | W65: =_xlfn.IFS(C65="1",2,C65="2",5,C65="3",10,C65="4",20,TRUE,0) -> 5 | X65: 1.2 | Y65: 1.8 | Z65: 50
A66: 20018 | B66: 紫炎战士 | C66: =LEFT(A66,1) -> 2 | D66: 4 | E66: 1 | F66: jymonster001 | G66: =F66 -> jymonster001 | H66: =_xlfn.IFS(OR(D66="1",D66="2",D66="7",D66="8"),2,OR(D66="3",D66="4",D66="5",D66="6"),1) -> 1 | I66: =_xlfn.IFS(OR(D66="1",D66="2",D66="4",D66="7",D66="8"),150,OR(D66="3",D66="5",D66="6"),800) -> 150 | J66: =MIN(I66+350,800) -> 500 | K66: 650 | L66: 90 | M66: 15 | N66: =环形怪物属性!F67 -> 1558 | O66: =环形怪物属性!H67 -> 48 | P66: =环形怪物属性!K67 -> 13 | Q66: =环形怪物属性!N67 -> 24 | R66: 20 | S66: 15 | T66: =T65 -> 0.23 | U66: 80071 | V66: 80 | W66: =_xlfn.IFS(C66="1",2,C66="2",5,C66="3",10,C66="4",20,TRUE,0) -> 5 | X66: 1.2 | Y66: 1.8 | Z66: 50
A67: 20019 | B67: 岩石守卫 | C67: =LEFT(A67,1) -> 2 | D67: 1 | E67: 1 | F67: jymonster002 | G67: =F67 -> jymonster002 | H67: =_xlfn.IFS(OR(D67="1",D67="2",D67="7",D67="8"),2,OR(D67="3",D67="4",D67="5",D67="6"),1) -> 2 | I67: =_xlfn.IFS(OR(D67="1",D67="2",D67="4",D67="7",D67="8"),150,OR(D67="3",D67="5",D67="6"),800) -> 150 | J67: =MIN(I67+350,800) -> 500 | K67: 650 | L67: 90 | M67: 15 | N67: =环形怪物属性!F68 -> 1592 | O67: =环形怪物属性!H68 -> 42 | P67: =环形怪物属性!K68 -> 13 | Q67: =环形怪物属性!N68 -> 24 | R67: 20 | S67: 15 | T67: =T66 -> 0.23 | U67: 80071 | V67: 80 | W67: =_xlfn.IFS(C67="1",2,C67="2",5,C67="3",10,C67="4",20,TRUE,0) -> 5 | X67: 1.2 | Y67: 1.8 | Z67: 50
A68: 20020 | B68: 炎魔战士 | C68: =LEFT(A68,1) -> 2 | D68: 4 | E68: 1 | F68: jymonster003 | G68: =F68 -> jymonster003 | H68: =_xlfn.IFS(OR(D68="1",D68="2",D68="7",D68="8"),2,OR(D68="3",D68="4",D68="5",D68="6"),1) -> 1 | I68: =_xlfn.IFS(OR(D68="1",D68="2",D68="4",D68="7",D68="8"),150,OR(D68="3",D68="5",D68="6"),800) -> 150 | J68: =MIN(I68+350,800) -> 500 | K68: 650 | L68: 90 | M68: 15 | N68: =环形怪物属性!F69 -> 1626 | O68: =环形怪物属性!H69 -> 50 | P68: =环形怪物属性!K69 -> 13 | Q68: =环形怪物属性!N69 -> 24 | R68: 20 | S68: 15 | T68: =T67 -> 0.23 | U68: 80071 | V68: 80 | W68: =_xlfn.IFS(C68="1",2,C68="2",5,C68="3",10,C68="4",20,TRUE,0) -> 5 | X68: 1.2 | Y68: 1.8 | Z68: 50
A69: 20021 | B69: 蛙战士 | C69: =LEFT(A69,1) -> 2 | D69: 1 | E69: 1 | F69: jymonster004 | G69: =F69 -> jymonster004 | H69: =_xlfn.IFS(OR(D69="1",D69="2",D69="7",D69="8"),2,OR(D69="3",D69="4",D69="5",D69="6"),1) -> 2 | I69: =_xlfn.IFS(OR(D69="1",D69="2",D69="4",D69="7",D69="8"),150,OR(D69="3",D69="5",D69="6"),800) -> 150 | J69: =MIN(I69+350,800) -> 500 | K69: 650 | L69: 90 | M69: 15 | N69: =环形怪物属性!F70 -> 1660 | O69: =环形怪物属性!H70 -> 48 | P69: =环形怪物属性!K70 -> 13 | Q69: =环形怪物属性!N70 -> 24 | R69: 20 | S69: 15 | T69: =T68 -> 0.23 | U69: 80071 | V69: 80 | W69: =_xlfn.IFS(C69="1",2,C69="2",5,C69="3",10,C69="4",20,TRUE,0) -> 5 | X69: 1.2 | Y69: 1.8 | Z69: 50
A70: 20022 | B70: 海潮统领 | C70: =LEFT(A70,1) -> 2 | D70: 1 | E70: 1 | F70: jymonster001 | G70: =F70 -> jymonster001 | H70: =_xlfn.IFS(OR(D70="1",D70="2",D70="7",D70="8"),2,OR(D70="3",D70="4",D70="5",D70="6"),1) -> 2 | I70: =_xlfn.IFS(OR(D70="1",D70="2",D70="4",D70="7",D70="8"),150,OR(D70="3",D70="5",D70="6"),800) -> 150 | J70: =MIN(I70+350,800) -> 500 | K70: 650 | L70: 90 | M70: 15 | N70: =环形怪物属性!F71 -> 1694 | O70: =环形怪物属性!H71 -> 48 | P70: =环形怪物属性!K71 -> 13 | Q70: =环形怪物属性!N71 -> 24 | R70: 20 | S70: 15 | T70: =T69 -> 0.23 | U70: 80071 | V70: 80 | W70: =_xlfn.IFS(C70="1",2,C70="2",5,C70="3",10,C70="4",20,TRUE,0) -> 5 | X70: 1.2 | Y70: 1.8 | Z70: 50
A71: 20023 | B71: 蓝巨人 | C71: =LEFT(A71,1) -> 2 | D71: 1 | E71: 1 | F71: jymonster002 | G71: =F71 -> jymonster002 | H71: =_xlfn.IFS(OR(D71="1",D71="2",D71="7",D71="8"),2,OR(D71="3",D71="4",D71="5",D71="6"),1) -> 2 | I71: =_xlfn.IFS(OR(D71="1",D71="2",D71="4",D71="7",D71="8"),150,OR(D71="3",D71="5",D71="6"),800) -> 150 | J71: =MIN(I71+350,800) -> 500 | K71: 650 | L71: 90 | M71: 15 | N71: =环形怪物属性!F72 -> 1728 | O71: =环形怪物属性!H72 -> 44 | P71: =环形怪物属性!K72 -> 13 | Q71: =环形怪物属性!N72 -> 24 | R71: 20 | S71: 15 | T71: =T70 -> 0.23 | U71: 80071 | V71: 80 | W71: =_xlfn.IFS(C71="1",2,C71="2",5,C71="3",10,C71="4",20,TRUE,0) -> 5 | X71: 1.2 | Y71: 1.8 | Z71: 50
A72: 20024 | B72: 红巨人 | C72: =LEFT(A72,1) -> 2 | D72: 1 | E72: 1 | F72: jymonster003 | G72: =F72 -> jymonster003 | H72: =_xlfn.IFS(OR(D72="1",D72="2",D72="7",D72="8"),2,OR(D72="3",D72="4",D72="5",D72="6"),1) -> 2 | I72: =_xlfn.IFS(OR(D72="1",D72="2",D72="4",D72="7",D72="8"),150,OR(D72="3",D72="5",D72="6"),800) -> 150 | J72: =MIN(I72+350,800) -> 500 | K72: 650 | L72: 90 | M72: 15 | N72: =环形怪物属性!F73 -> 1762 | O72: =环形怪物属性!H73 -> 44 | P72: =环形怪物属性!K73 -> 13 | Q72: =环形怪物属性!N73 -> 24 | R72: 20 | S72: 15 | T72: =T71 -> 0.23 | U72: 80071 | V72: 80 | W72: =_xlfn.IFS(C72="1",2,C72="2",5,C72="3",10,C72="4",20,TRUE,0) -> 5 | X72: 1.2 | Y72: 1.8 | Z72: 50
A73: 20025 | B73: 岩石统领 | C73: =LEFT(A73,1) -> 2 | D73: 1 | E73: 1 | F73: jymonster004 | G73: =F73 -> jymonster004 | H73: =_xlfn.IFS(OR(D73="1",D73="2",D73="7",D73="8"),2,OR(D73="3",D73="4",D73="5",D73="6"),1) -> 2 | I73: =_xlfn.IFS(OR(D73="1",D73="2",D73="4",D73="7",D73="8"),150,OR(D73="3",D73="5",D73="6"),800) -> 150 | J73: =MIN(I73+350,800) -> 500 | K73: 650 | L73: 90 | M73: 15 | N73: =环形怪物属性!F74 -> 1796 | O73: =环形怪物属性!H74 -> 46 | P73: =环形怪物属性!K74 -> 13 | Q73: =环形怪物属性!N74 -> 24 | R73: 20 | S73: 15 | T73: =T72 -> 0.23 | U73: 80071 | V73: 80 | W73: =_xlfn.IFS(C73="1",2,C73="2",5,C73="3",10,C73="4",20,TRUE,0) -> 5 | X73: 1.2 | Y73: 1.8 | Z73: 50
A74: 30001 | B74: 神秘史莱紫 | C74: =LEFT(A74,1) -> 3 | D74: 7 | E74: 1 | F74: boss001 | G74: =F74 -> boss001 | H74: =_xlfn.IFS(OR(D74="1",D74="2",D74="7",D74="8"),2,OR(D74="3",D74="4",D74="5",D74="6"),1) -> 2 | I74: =_xlfn.IFS(OR(D74="1",D74="2",D74="4",D74="7",D74="8"),150,OR(D74="3",D74="5",D74="6"),800) -> 150 | J74: =MIN(I74+350,800) -> 500 | K74: 650 | L74: 105 | M74: 15 | N74: =环形怪物属性!F75 -> 1560 | O74: =环形怪物属性!H75 -> 39 | P74: =环形怪物属性!K75 -> 15 | Q74: =环形怪物属性!N75 -> 43 | R74: 28 | S74: 15 | T74: 0.25 | U74: 0 | V74: 100 | W74: =_xlfn.IFS(C74="1",2,C74="2",5,C74="3",10,C74="4",20,TRUE,0) -> 10 | X74: 1 | Y74: 1.8 | Z74: 1000
A75: 30002 | B75: 哥布林将军 | C75: =LEFT(A75,1) -> 3 | D75: 1 | E75: 1 | F75: boss002 | G75: =F75 -> boss002 | H75: =_xlfn.IFS(OR(D75="1",D75="2",D75="7",D75="8"),2,OR(D75="3",D75="4",D75="5",D75="6"),1) -> 2 | I75: =_xlfn.IFS(OR(D75="1",D75="2",D75="4",D75="7",D75="8"),150,OR(D75="3",D75="5",D75="6"),800) -> 150 | J75: =MIN(I75+350,800) -> 500 | K75: 650 | L75: 105 | M75: 15 | N75: =环形怪物属性!F76 -> 1578 | O75: =环形怪物属性!H76 -> 49 | P75: =环形怪物属性!K76 -> 17 | Q75: =环形怪物属性!N76 -> 27 | R75: 23 | S75: 15 | T75: =T74 -> 0.25 | U75: 80071 | V75: 100 | W75: =_xlfn.IFS(C75="1",2,C75="2",5,C75="3",10,C75="4",20,TRUE,0) -> 10 | X75: 1 | Y75: 1.8 | Z75: 1000
A76: 30003 | B76: 牛头人战士 | C76: =LEFT(A76,1) -> 3 | D76: 1 | E76: 1 | F76: boss003 | G76: =F76 -> boss003 | H76: =_xlfn.IFS(OR(D76="1",D76="2",D76="7",D76="8"),2,OR(D76="3",D76="4",D76="5",D76="6"),1) -> 2 | I76: =_xlfn.IFS(OR(D76="1",D76="2",D76="4",D76="7",D76="8"),150,OR(D76="3",D76="5",D76="6"),800) -> 150 | J76: =MIN(I76+350,800) -> 500 | K76: 650 | L76: 105 | M76: 15 | N76: =环形怪物属性!F77 -> 1596 | O76: =环形怪物属性!H77 -> 54 | P76: =环形怪物属性!K77 -> 16 | Q76: =环形怪物属性!N77 -> 27 | R76: 23 | S76: 15 | T76: =T75 -> 0.25 | U76: 80071 | V76: 100 | W76: =_xlfn.IFS(C76="1",2,C76="2",5,C76="3",10,C76="4",20,TRUE,0) -> 10 | X76: 1 | Y76: 1.8 | Z76: 1000
A77: 30004 | B77: 皇室近卫 | C77: =LEFT(A77,1) -> 3 | D77: 1 | E77: 1 | F77: bubing01_Lv3 | G77: =F77 -> bubing01_Lv3 | H77: =_xlfn.IFS(OR(D77="1",D77="2",D77="7",D77="8"),2,OR(D77="3",D77="4",D77="5",D77="6"),1) -> 2 | I77: =_xlfn.IFS(OR(D77="1",D77="2",D77="4",D77="7",D77="8"),150,OR(D77="3",D77="5",D77="6"),800) -> 150 | J77: =MIN(I77+350,800) -> 500 | K77: 650 | L77: 120 | M77: 15 | N77: =环形怪物属性!F78 -> 1614 | O77: =环形怪物属性!H78 -> 60 | P77: =环形怪物属性!K78 -> 17 | Q77: =环形怪物属性!N78 -> 29 | R77: 26.5 | S77: 15 | T77: 0.3 | U77: 80071 | V77: 120 | W77: =_xlfn.IFS(C77="1",2,C77="2",5,C77="3",10,C77="4",20,TRUE,0) -> 10 | X77: 1 | Y77: 1.8 | Z77: 1000
A78: 30005 | B78: 刀锋战士 | C78: =LEFT(A78,1) -> 3 | D78: 1 | E78: 1 | F78: bubing02_Lv3 | G78: =F78 -> bubing02_Lv3 | H78: =_xlfn.IFS(OR(D78="1",D78="2",D78="7",D78="8"),2,OR(D78="3",D78="4",D78="5",D78="6"),1) -> 2 | I78: =_xlfn.IFS(OR(D78="1",D78="2",D78="4",D78="7",D78="8"),150,OR(D78="3",D78="5",D78="6"),800) -> 150 | J78: =MIN(I78+350,800) -> 500 | K78: 650 | L78: 120 | M78: 15 | N78: =环形怪物属性!F79 -> 1632 | O78: =环形怪物属性!H79 -> 62 | P78: =环形怪物属性!K79 -> 16 | Q78: =环形怪物属性!N79 -> 27 | R78: 24.5 | S78: 15 | T78: =T77 -> 0.3 | U78: 80071 | V78: 120 | W78: =_xlfn.IFS(C78="1",2,C78="2",5,C78="3",10,C78="4",20,TRUE,0) -> 10 | X78: 1 | Y78: 1.8 | Z78: 1000
A79: 30006 | B79: 格斗专家 | C79: =LEFT(A79,1) -> 3 | D79: 1 | E79: 1 | F79: bubing03_Lv3 | G79: =F79 -> bubing03_Lv3 | H79: =_xlfn.IFS(OR(D79="1",D79="2",D79="7",D79="8"),2,OR(D79="3",D79="4",D79="5",D79="6"),1) -> 2 | I79: =_xlfn.IFS(OR(D79="1",D79="2",D79="4",D79="7",D79="8"),150,OR(D79="3",D79="5",D79="6"),800) -> 150 | J79: =MIN(I79+350,800) -> 500 | K79: 650 | L79: 120 | M79: 15 | N79: =环形怪物属性!F80 -> 1650 | O79: =环形怪物属性!H80 -> 58 | P79: =环形怪物属性!K80 -> 16 | Q79: =环形怪物属性!N80 -> 27 | R79: 24.5 | S79: 15 | T79: =T78 -> 0.3 | U79: 80071 | V79: 120 | W79: =_xlfn.IFS(C79="1",2,C79="2",5,C79="3",10,C79="4",20,TRUE,0) -> 10 | X79: 1 | Y79: 1.8 | Z79: 1000
A80: 30007 | B80: 将军 | C80: =LEFT(A80,1) -> 3 | D80: 1 | E80: 1 | F80: bubing04_Lv3 | G80: =F80 -> bubing04_Lv3 | H80: =_xlfn.IFS(OR(D80="1",D80="2",D80="7",D80="8"),2,OR(D80="3",D80="4",D80="5",D80="6"),1) -> 2 | I80: =_xlfn.IFS(OR(D80="1",D80="2",D80="4",D80="7",D80="8"),150,OR(D80="3",D80="5",D80="6"),800) -> 150 | J80: =MIN(I80+350,800) -> 500 | K80: 650 | L80: 120 | M80: 15 | N80: =环形怪物属性!F81 -> 1668 | O80: =环形怪物属性!H81 -> 54 | P80: =环形怪物属性!K81 -> 19 | Q80: =环形怪物属性!N81 -> 25 | R80: 23 | S80: 15 | T80: =T79 -> 0.3 | U80: 80071 | V80: 120 | W80: =_xlfn.IFS(C80="1",2,C80="2",5,C80="3",10,C80="4",20,TRUE,0) -> 10 | X80: 1 | Y80: 1.8 | Z80: 1000
A81: 30008 | B81: 皇家骑士 | C81: =LEFT(A81,1) -> 3 | D81: 2 | E81: 1 | F81: qibing01_Lv3 | G81: =F81 -> qibing01_Lv3 | H81: =_xlfn.IFS(OR(D81="1",D81="2",D81="7",D81="8"),2,OR(D81="3",D81="4",D81="5",D81="6"),1) -> 2 | I81: =_xlfn.IFS(OR(D81="1",D81="2",D81="4",D81="7",D81="8"),150,OR(D81="3",D81="5",D81="6"),800) -> 150 | J81: =MIN(I81+350,800) -> 500 | K81: 800 | L81: 120 | M81: 15 | N81: =环形怪物属性!F82 -> 1686 | O81: =环形怪物属性!H82 -> 60 | P81: =环形怪物属性!K82 -> 17 | Q81: =环形怪物属性!N82 -> 27 | R81: 28 | S81: 15 | T81: =T80 -> 0.3 | U81: 80071 | V81: 120 | W81: =_xlfn.IFS(C81="1",2,C81="2",5,C81="3",10,C81="4",20,TRUE,0) -> 10 | X81: 1 | Y81: 1.8 | Z81: 1000
A82: 30009 | B82: 黑暗骑士 | C82: =LEFT(A82,1) -> 3 | D82: 2 | E82: 1 | F82: qibing02_Lv3 | G82: =F82 -> qibing02_Lv3 | H82: =_xlfn.IFS(OR(D82="1",D82="2",D82="7",D82="8"),2,OR(D82="3",D82="4",D82="5",D82="6"),1) -> 2 | I82: =_xlfn.IFS(OR(D82="1",D82="2",D82="4",D82="7",D82="8"),150,OR(D82="3",D82="5",D82="6"),800) -> 150 | J82: =MIN(I82+350,800) -> 500 | K82: 800 | L82: 120 | M82: 15 | N82: =环形怪物属性!F83 -> 1704 | O82: =环形怪物属性!H83 -> 62 | P82: =环形怪物属性!K83 -> 16 | Q82: =环形怪物属性!N83 -> 27 | R82: 26.5 | S82: 15 | T82: =T81 -> 0.3 | U82: 80071 | V82: 120 | W82: =_xlfn.IFS(C82="1",2,C82="2",5,C82="3",10,C82="4",20,TRUE,0) -> 10 | X82: 1 | Y82: 1.8 | Z82: 1000
A83: 30010 | B83: 守护骑士 | C83: =LEFT(A83,1) -> 3 | D83: 2 | E83: 1 | F83: qibing03_Lv3 | G83: =F83 -> qibing03_Lv3 | H83: =_xlfn.IFS(OR(D83="1",D83="2",D83="7",D83="8"),2,OR(D83="3",D83="4",D83="5",D83="6"),1) -> 2 | I83: =_xlfn.IFS(OR(D83="1",D83="2",D83="4",D83="7",D83="8"),150,OR(D83="3",D83="5",D83="6"),800) -> 150 | J83: =MIN(I83+350,800) -> 500 | K83: 800 | L83: 120 | M83: 15 | N83: =环形怪物属性!F84 -> 1722 | O83: =环形怪物属性!H84 -> 58 | P83: =环形怪物属性!K84 -> 18 | Q83: =环形怪物属性!N84 -> 29 | R83: 26.5 | S83: 15 | T83: =T82 -> 0.3 | U83: 80071 | V83: 120 | W83: =_xlfn.IFS(C83="1",2,C83="2",5,C83="3",10,C83="4",20,TRUE,0) -> 10 | X83: 1 | Y83: 1.8 | Z83: 1000
A84: 30011 | B84: 幻影射手 | C84: =LEFT(A84,1) -> 3 | D84: 3 | E84: 1 | F84: gongbing01_Lv3 | G84: =F84 -> gongbing01_Lv3 | H84: =_xlfn.IFS(OR(D84="1",D84="2",D84="7",D84="8"),2,OR(D84="3",D84="4",D84="5",D84="6"),1) -> 1 | I84: =_xlfn.IFS(OR(D84="1",D84="2",D84="4",D84="7",D84="8"),150,OR(D84="3",D84="5",D84="6"),800) -> 800 | J84: =MIN(I84+350,800) -> 800 | K84: 650 | L84: 120 | M84: 20 | N84: =环形怪物属性!F85 -> 1740 | O84: =环形怪物属性!H85 -> 49 | P84: =环形怪物属性!K85 -> 16 | Q84: =环形怪物属性!N85 -> 27 | R84: 26.5 | S84: 50 | T84: =T83 -> 0.3 | U84: 80031|80071 | V84: 120 | W84: =_xlfn.IFS(C84="1",2,C84="2",5,C84="3",10,C84="4",20,TRUE,0) -> 10 | X84: 1 | Y84: 2 | Z84: 1000
A85: 30012 | B85: 巡游射手 | C85: =LEFT(A85,1) -> 3 | D85: 3 | E85: 1 | F85: gongbing02_Lv3 | G85: =F85 -> gongbing02_Lv3 | H85: =_xlfn.IFS(OR(D85="1",D85="2",D85="7",D85="8"),2,OR(D85="3",D85="4",D85="5",D85="6"),1) -> 1 | I85: =_xlfn.IFS(OR(D85="1",D85="2",D85="4",D85="7",D85="8"),150,OR(D85="3",D85="5",D85="6"),800) -> 800 | J85: =MIN(I85+350,800) -> 800 | K85: 800 | L85: 120 | M85: 20 | N85: =环形怪物属性!F86 -> 1758 | O85: =环形怪物属性!H86 -> 51 | P85: =环形怪物属性!K86 -> 16 | Q85: =环形怪物属性!N86 -> 27 | R85: 26.5 | S85: 50 | T85: =T84 -> 0.3 | U85: 80031|80071 | V85: 120 | W85: =_xlfn.IFS(C85="1",2,C85="2",5,C85="3",10,C85="4",20,TRUE,0) -> 10 | X85: 1 | Y85: 2 | Z85: 1000
A86: 30013 | B86: 影 | C86: =LEFT(A86,1) -> 3 | D86: 3 | E86: 1 | F86: gongbing03_Lv3 | G86: =F86 -> gongbing03_Lv3 | H86: =_xlfn.IFS(OR(D86="1",D86="2",D86="7",D86="8"),2,OR(D86="3",D86="4",D86="5",D86="6"),1) -> 1 | I86: =_xlfn.IFS(OR(D86="1",D86="2",D86="4",D86="7",D86="8"),150,OR(D86="3",D86="5",D86="6"),800) -> 800 | J86: =MIN(I86+350,800) -> 800 | K86: 650 | L86: 120 | M86: 20 | N86: =环形怪物属性!F87 -> 1776 | O86: =环形怪物属性!H87 -> 54 | P86: =环形怪物属性!K87 -> 16 | Q86: =环形怪物属性!N87 -> 27 | R86: 26.5 | S86: 50 | T86: =T85 -> 0.3 | U86: 80071 | V86: 120 | W86: =_xlfn.IFS(C86="1",2,C86="2",5,C86="3",10,C86="4",20,TRUE,0) -> 10 | X86: 1 | Y86: 2 | Z86: 1000
A87: 30014 | B87: 圣天马骑士 | C87: =LEFT(A87,1) -> 3 | D87: 4 | E87: 1 | F87: feibing01_Lv3 | G87: =F87 -> feibing01_Lv3 | H87: =_xlfn.IFS(OR(D87="1",D87="2",D87="7",D87="8"),2,OR(D87="3",D87="4",D87="5",D87="6"),1) -> 1 | I87: =_xlfn.IFS(OR(D87="1",D87="2",D87="4",D87="7",D87="8"),150,OR(D87="3",D87="5",D87="6"),800) -> 150 | J87: =MIN(I87+350,800) -> 500 | K87: 800 | L87: 120 | M87: 15 | N87: =环形怪物属性!F88 -> 1794 | O87: =环形怪物属性!H88 -> 60 | P87: =环形怪物属性!K88 -> 17 | Q87: =环形怪物属性!N88 -> 31 | R87: 32 | S87: 15 | T87: =T86 -> 0.3 | U87: 80071 | V87: 120 | W87: =_xlfn.IFS(C87="1",2,C87="2",5,C87="3",10,C87="4",20,TRUE,0) -> 10 | X87: 1 | Y87: 1.8 | Z87: 1000
A88: 30015 | B88: 飞龙骑士 | C88: =LEFT(A88,1) -> 3 | D88: 4 | E88: 1 | F88: feibing02_Lv3 | G88: =F88 -> feibing02_Lv3 | H88: =_xlfn.IFS(OR(D88="1",D88="2",D88="7",D88="8"),2,OR(D88="3",D88="4",D88="5",D88="6"),1) -> 1 | I88: =_xlfn.IFS(OR(D88="1",D88="2",D88="4",D88="7",D88="8"),150,OR(D88="3",D88="5",D88="6"),800) -> 150 | J88: =MIN(I88+350,800) -> 500 | K88: 800 | L88: 120 | M88: 15 | N88: =环形怪物属性!F89 -> 1812 | O88: =环形怪物属性!H89 -> 62 | P88: =环形怪物属性!K89 -> 17 | Q88: =环形怪物属性!N89 -> 27 | R88: 24.5 | S88: 15 | T88: =T87 -> 0.3 | U88: 80071 | V88: 120 | W88: =_xlfn.IFS(C88="1",2,C88="2",5,C88="3",10,C88="4",20,TRUE,0) -> 10 | X88: 1 | Y88: 1.8 | Z88: 1000
A89: 30016 | B89: 格里芬骑士 | C89: =LEFT(A89,1) -> 3 | D89: 4 | E89: 1 | F89: feibing03_Lv3 | G89: =F89 -> feibing03_Lv3 | H89: =_xlfn.IFS(OR(D89="1",D89="2",D89="7",D89="8"),2,OR(D89="3",D89="4",D89="5",D89="6"),1) -> 1 | I89: =_xlfn.IFS(OR(D89="1",D89="2",D89="4",D89="7",D89="8"),150,OR(D89="3",D89="5",D89="6"),800) -> 150 | J89: =MIN(I89+350,800) -> 500 | K89: 800 | L89: 120 | M89: 15 | N89: =环形怪物属性!F90 -> 1830 | O89: =环形怪物属性!H90 -> 60 | P89: =环形怪物属性!K90 -> 18 | Q89: =环形怪物属性!N90 -> 29 | R89: 26.5 | S89: 15 | T89: =T88 -> 0.3 | U89: 80071 | V89: 120 | W89: =_xlfn.IFS(C89="1",2,C89="2",5,C89="3",10,C89="4",20,TRUE,0) -> 10 | X89: 1 | Y89: 1.8 | Z89: 1000
A90: 30017 | B90: 大魔法师 | C90: =LEFT(A90,1) -> 3 | D90: 5 | E90: 1 | F90: fashi01_Lv3 | G90: =F90 -> fashi01_Lv3 | H90: =_xlfn.IFS(OR(D90="1",D90="2",D90="7",D90="8"),2,OR(D90="3",D90="4",D90="5",D90="6"),1) -> 1 | I90: =_xlfn.IFS(OR(D90="1",D90="2",D90="4",D90="7",D90="8"),150,OR(D90="3",D90="5",D90="6"),800) -> 800 | J90: =MIN(I90+350,800) -> 800 | K90: 650 | L90: 120 | M90: 20 | N90: =环形怪物属性!F91 -> 1848 | O90: =环形怪物属性!H91 -> 34 | P90: =环形怪物属性!K91 -> 15 | Q90: =环形怪物属性!N91 -> 47 | R90: 28 | S90: 15 | T90: =T89 -> 0.3 | U90: 80031|80071 | V90: 120 | W90: =_xlfn.IFS(C90="1",2,C90="2",5,C90="3",10,C90="4",20,TRUE,0) -> 10 | X90: 1 | Y90: 1.5 | Z90: 1000
A91: 30018 | B91: 烈焰之灵 | C91: =LEFT(A91,1) -> 3 | D91: 5 | E91: 1 | F91: fashi02_Lv3 | G91: =F91 -> fashi02_Lv3 | H91: =_xlfn.IFS(OR(D91="1",D91="2",D91="7",D91="8"),2,OR(D91="3",D91="4",D91="5",D91="6"),1) -> 1 | I91: =_xlfn.IFS(OR(D91="1",D91="2",D91="4",D91="7",D91="8"),150,OR(D91="3",D91="5",D91="6"),800) -> 800 | J91: =MIN(I91+350,800) -> 800 | K91: 650 | L91: 120 | M91: 20 | N91: =环形怪物属性!F92 -> 1866 | O91: 20 | P91: =环形怪物属性!K92 -> 15 | Q91: =环形怪物属性!N92 -> 45 | R91: 28 | S91: 15 | T91: =T90 -> 0.3 | U91: 80031|80071 | V91: 120 | W91: =_xlfn.IFS(C91="1",2,C91="2",5,C91="3",10,C91="4",20,TRUE,0) -> 10 | X91: 1 | Y91: 1.5 | Z91: 1000
A92: 30019 | B92: 符文师 | C92: =LEFT(A92,1) -> 3 | D92: 5 | E92: 1 | F92: fashi03_Lv3 | G92: =F92 -> fashi03_Lv3 | H92: =_xlfn.IFS(OR(D92="1",D92="2",D92="7",D92="8"),2,OR(D92="3",D92="4",D92="5",D92="6"),1) -> 1 | I92: =_xlfn.IFS(OR(D92="1",D92="2",D92="4",D92="7",D92="8"),150,OR(D92="3",D92="5",D92="6"),800) -> 800 | J92: =MIN(I92+350,800) -> 800 | K92: 650 | L92: 120 | M92: 20 | N92: =环形怪物属性!F93 -> 1884 | O92: 20 | P92: =环形怪物属性!K93 -> 16 | Q92: =环形怪物属性!N93 -> 45 | R92: 30 | S92: 15 | T92: =T91 -> 0.3 | U92: 80031|80071 | V92: 120 | W92: =_xlfn.IFS(C92="1",2,C92="2",5,C92="3",10,C92="4",20,TRUE,0) -> 10 | X92: 1 | Y92: 1.5 | Z92: 1000
A93: 30020 | B93: 大祭司 | C93: =LEFT(A93,1) -> 3 | D93: 6 | E93: 1 | F93: mushi01_Lv3 | G93: =F93 -> mushi01_Lv3 | H93: =_xlfn.IFS(OR(D93="1",D93="2",D93="7",D93="8"),2,OR(D93="3",D93="4",D93="5",D93="6"),1) -> 1 | I93: =_xlfn.IFS(OR(D93="1",D93="2",D93="4",D93="7",D93="8"),150,OR(D93="3",D93="5",D93="6"),800) -> 800 | J93: =MIN(I93+350,800) -> 800 | K93: 650 | L93: 120 | M93: 20 | N93: =环形怪物属性!F94 -> 1902 | O93: 20 | P93: =环形怪物属性!K94 -> 16 | Q93: =环形怪物属性!N94 -> 45 | R93: 32 | S93: 15 | T93: =T92 -> 0.3 | U93: 80031|80071 | V93: 120 | W93: =_xlfn.IFS(C93="1",2,C93="2",5,C93="3",10,C93="4",20,TRUE,0) -> 10 | X93: 1 | Y93: 1.5 | Z93: 1000
A94: 30021 | B94: 占卜师 | C94: =LEFT(A94,1) -> 3 | D94: 6 | E94: 1 | F94: mushi02_Lv3 | G94: =F94 -> mushi02_Lv3 | H94: =_xlfn.IFS(OR(D94="1",D94="2",D94="7",D94="8"),2,OR(D94="3",D94="4",D94="5",D94="6"),1) -> 1 | I94: =_xlfn.IFS(OR(D94="1",D94="2",D94="4",D94="7",D94="8"),150,OR(D94="3",D94="5",D94="6"),800) -> 800 | J94: =MIN(I94+350,800) -> 800 | K94: 650 | L94: 120 | M94: 20 | N94: =环形怪物属性!F95 -> 1920 | O94: 20 | P94: =环形怪物属性!K95 -> 16 | Q94: =环形怪物属性!N95 -> 45 | R94: 30 | S94: 15 | T94: =T93 -> 0.3 | U94: 80031|80071 | V94: 120 | W94: =_xlfn.IFS(C94="1",2,C94="2",5,C94="3",10,C94="4",20,TRUE,0) -> 10 | X94: 1 | Y94: 1.5 | Z94: 1000
A95: 30022 | B95: 守护星灵 | C95: =LEFT(A95,1) -> 3 | D95: 6 | E95: 1 | F95: mushi03_Lv3 | G95: =F95 -> mushi03_Lv3 | H95: =_xlfn.IFS(OR(D95="1",D95="2",D95="7",D95="8"),2,OR(D95="3",D95="4",D95="5",D95="6"),1) -> 1 | I95: =_xlfn.IFS(OR(D95="1",D95="2",D95="4",D95="7",D95="8"),150,OR(D95="3",D95="5",D95="6"),800) -> 800 | J95: =MIN(I95+350,800) -> 800 | K95: 650 | L95: 120 | M95: 20 | N95: =环形怪物属性!F96 -> 1938 | O95: 20 | P95: =环形怪物属性!K96 -> 18 | Q95: =环形怪物属性!N96 -> 45 | R95: 32 | S95: 15 | T95: =T94 -> 0.3 | U95: 80031|80071 | V95: 120 | W95: =_xlfn.IFS(C95="1",2,C95="2",5,C95="3",10,C95="4",20,TRUE,0) -> 10 | X95: 1 | Y95: 1.5 | Z95: 1000
A96: 30023 | B96: 亡灵骑士 | C96: =LEFT(A96,1) -> 3 | D96: 7 | E96: 1 | F96: moshou01_Lv3 | G96: =F96 -> moshou01_Lv3 | H96: =_xlfn.IFS(OR(D96="1",D96="2",D96="7",D96="8"),2,OR(D96="3",D96="4",D96="5",D96="6"),1) -> 2 | I96: =_xlfn.IFS(OR(D96="1",D96="2",D96="4",D96="7",D96="8"),150,OR(D96="3",D96="5",D96="6"),800) -> 150 | J96: =MIN(I96+350,800) -> 500 | K96: 800 | L96: 120 | M96: 15 | N96: =环形怪物属性!F97 -> 1956 | O96: =环形怪物属性!H97 -> 64 | P96: =环形怪物属性!K97 -> 17 | Q96: =环形怪物属性!N97 -> 29 | R96: 23 | S96: 15 | T96: =T95 -> 0.3 | U96: 80071 | V96: 120 | W96: =_xlfn.IFS(C96="1",2,C96="2",5,C96="3",10,C96="4",20,TRUE,0) -> 10 | X96: 1 | Y96: 1.5 | Z96: 1000
A97: 30024 | B97: 伯爵 | C97: =LEFT(A97,1) -> 3 | D97: 7 | E97: 1 | F97: moshou02_Lv3 | G97: =F97 -> moshou02_Lv3 | H97: =_xlfn.IFS(OR(D97="1",D97="2",D97="7",D97="8"),2,OR(D97="3",D97="4",D97="5",D97="6"),1) -> 2 | I97: =_xlfn.IFS(OR(D97="1",D97="2",D97="4",D97="7",D97="8"),150,OR(D97="3",D97="5",D97="6"),800) -> 150 | J97: =MIN(I97+350,800) -> 500 | K97: 650 | L97: 120 | M97: 15 | N97: =环形怪物属性!F98 -> 1974 | O97: =环形怪物属性!H98 -> 60 | P97: =环形怪物属性!K98 -> 16 | Q97: =环形怪物属性!N98 -> 29 | R97: 24.5 | S97: 15 | T97: =T96 -> 0.3 | U97: 80071 | V97: 120 | W97: =_xlfn.IFS(C97="1",2,C97="2",5,C97="3",10,C97="4",20,TRUE,0) -> 10 | X97: 1 | Y97: 1.5 | Z97: 1000
A98: 30025 | B98: 死灵法师 | C98: =LEFT(A98,1) -> 3 | D98: 7 | E98: 1 | F98: moshou03_Lv3 | G98: =F98 -> moshou03_Lv3 | H98: =_xlfn.IFS(OR(D98="1",D98="2",D98="7",D98="8"),2,OR(D98="3",D98="4",D98="5",D98="6"),1) -> 2 | I98: =_xlfn.IFS(OR(D98="1",D98="2",D98="4",D98="7",D98="8"),150,OR(D98="3",D98="5",D98="6"),800) -> 150 | J98: =MIN(I98+350,800) -> 500 | K98: 650 | L98: 120 | M98: 15 | N98: =环形怪物属性!F99 -> 1992 | O98: =环形怪物属性!H99 -> 39 | P98: =环形怪物属性!K99 -> 15 | Q98: =环形怪物属性!N99 -> 45 | R98: 28 | S98: 15 | T98: =T97 -> 0.3 | U98: 80031|80071 | V98: 120 | W98: =_xlfn.IFS(C98="1",2,C98="2",5,C98="3",10,C98="4",20,TRUE,0) -> 10 | X98: 1 | Y98: 1.5 | Z98: 1000
A99: 30026 | B99: 狼王 | C99: =LEFT(A99,1) -> 3 | D99: 8 | E99: 1 | F99: yeshou01_lv3 | G99: =F99 -> yeshou01_lv3 | H99: =_xlfn.IFS(OR(D99="1",D99="2",D99="7",D99="8"),2,OR(D99="3",D99="4",D99="5",D99="6"),1) -> 2 | I99: =_xlfn.IFS(OR(D99="1",D99="2",D99="4",D99="7",D99="8"),150,OR(D99="3",D99="5",D99="6"),800) -> 150 | J99: =MIN(I99+350,800) -> 500 | K99: 650 | L99: 120 | M99: 15 | N99: =环形怪物属性!F100 -> 2010 | O99: =环形怪物属性!H100 -> 64 | P99: =环形怪物属性!K100 -> 17 | Q99: =环形怪物属性!N100 -> 27 | R99: 23 | S99: 15 | T99: =T98 -> 0.3 | U99: 80071 | V99: 120 | W99: =_xlfn.IFS(C99="1",2,C99="2",5,C99="3",10,C99="4",20,TRUE,0) -> 10 | X99: 1 | Y99: 1.5 | Z99: 1000
A100: 30027 | B100: 王蜥猎手 | C100: =LEFT(A100,1) -> 3 | D100: 8 | E100: 1 | F100: yeshou02_lv3 | G100: =F100 -> yeshou02_lv3 | H100: =_xlfn.IFS(OR(D100="1",D100="2",D100="7",D100="8"),2,OR(D100="3",D100="4",D100="5",D100="6"),1) -> 2 | I100: =_xlfn.IFS(OR(D100="1",D100="2",D100="4",D100="7",D100="8"),150,OR(D100="3",D100="5",D100="6"),800) -> 150 | J100: =MIN(I100+350,800) -> 500 | K100: 800 | L100: 120 | M100: 15 | N100: =环形怪物属性!F101 -> 2028 | O100: =环形怪物属性!H101 -> 62 | P100: =环形怪物属性!K101 -> 17 | Q100: =环形怪物属性!N101 -> 27 | R100: 23 | S100: 15 | T100: =T99 -> 0.3 | U100: 80031|80071 | V100: 120 | W100: =_xlfn.IFS(C100="1",2,C100="2",5,C100="3",10,C100="4",20,TRUE,0) -> 10 | X100: 1 | Y100: 1.5 | Z100: 1000
A101: 30028 | B101: 雪原巨人 | C101: =LEFT(A101,1) -> 3 | D101: 8 | E101: 1 | F101: yeshou01_lv3 | G101: =F101 -> yeshou01_lv3 | H101: =_xlfn.IFS(OR(D101="1",D101="2",D101="7",D101="8"),2,OR(D101="3",D101="4",D101="5",D101="6"),1) -> 2 | I101: =_xlfn.IFS(OR(D101="1",D101="2",D101="4",D101="7",D101="8"),150,OR(D101="3",D101="5",D101="6"),800) -> 150 | J101: =MIN(I101+350,800) -> 500 | K101: 650 | L101: 120 | M101: 15 | N101: =环形怪物属性!F102 -> 2046 | O101: =环形怪物属性!H102 -> 58 | P101: =环形怪物属性!K102 -> 18 | Q101: =环形怪物属性!N102 -> 27 | R101: 23 | S101: 15 | T101: =T100 -> 0.3 | U101: 80071 | V101: 120 | W101: =_xlfn.IFS(C101="1",2,C101="2",5,C101="3",10,C101="4",20,TRUE,0) -> 10 | X101: 1 | Y101: 1.5 | Z101: 1000
A102: 30029 | B102: 骷髅王 | C102: =LEFT(A102,1) -> 3 | D102: 1 | E102: 1 | F102: boss001 | G102: =F102 -> boss001 | H102: =_xlfn.IFS(OR(D102="1",D102="2",D102="7",D102="8"),2,OR(D102="3",D102="4",D102="5",D102="6"),1) -> 2 | I102: =_xlfn.IFS(OR(D102="1",D102="2",D102="4",D102="7",D102="8"),150,OR(D102="3",D102="5",D102="6"),800) -> 150 | J102: =MIN(I102+350,800) -> 500 | K102: 650 | L102: 120 | M102: 15 | N102: =环形怪物属性!F103 -> 2064 | O102: =环形怪物属性!H103 -> 51 | P102: =环形怪物属性!K103 -> 15 | Q102: =环形怪物属性!N103 -> 23 | R102: 26.5 | S102: 15 | T102: =T101 -> 0.3 | U102: 80071 | V102: 120 | W102: =_xlfn.IFS(C102="1",2,C102="2",5,C102="3",10,C102="4",20,TRUE,0) -> 10 | X102: 1 | Y102: 1.5 | Z102: 1000
A103: 30030 | B103: 兽人统领 | C103: =LEFT(A103,1) -> 3 | D103: 1 | E103: 1 | F103: boss002 | G103: =F103 -> boss002 | H103: =_xlfn.IFS(OR(D103="1",D103="2",D103="7",D103="8"),2,OR(D103="3",D103="4",D103="5",D103="6"),1) -> 2 | I103: =_xlfn.IFS(OR(D103="1",D103="2",D103="4",D103="7",D103="8"),150,OR(D103="3",D103="5",D103="6"),800) -> 150 | J103: =MIN(I103+350,800) -> 500 | K103: 650 | L103: 120 | M103: 15 | N103: =环形怪物属性!F104 -> 2082 | O103: =环形怪物属性!H104 -> 51 | P103: =环形怪物属性!K104 -> 15 | Q103: =环形怪物属性!N104 -> 23 | R103: 26.5 | S103: 15 | T103: =T102 -> 0.3 | U103: 80071 | V103: 120 | W103: =_xlfn.IFS(C103="1",2,C103="2",5,C103="3",10,C103="4",20,TRUE,0) -> 10 | X103: 1 | Y103: 1.8 | Z103: 1000
A104: 30031 | B104: 晶炎战士 | C104: =LEFT(A104,1) -> 3 | D104: 1 | E104: 1 | F104: boss003 | G104: =F104 -> boss003 | H104: =_xlfn.IFS(OR(D104="1",D104="2",D104="7",D104="8"),2,OR(D104="3",D104="4",D104="5",D104="6"),1) -> 2 | I104: =_xlfn.IFS(OR(D104="1",D104="2",D104="4",D104="7",D104="8"),150,OR(D104="3",D104="5",D104="6"),800) -> 150 | J104: =MIN(I104+350,800) -> 500 | K104: 650 | L104: 120 | M104: 15 | N104: =环形怪物属性!F105 -> 2100 | O104: =环形怪物属性!H105 -> 51 | P104: =环形怪物属性!K105 -> 15 | Q104: =环形怪物属性!N105 -> 23 | R104: 26.5 | S104: 15 | T104: =T103 -> 0.3 | U104: 80071 | V104: 120 | W104: =_xlfn.IFS(C104="1",2,C104="2",5,C104="3",10,C104="4",20,TRUE,0) -> 10 | X104: 1 | Y104: 1.8 | Z104: 1000
A105: 30032 | B105: 恶龙 | C105: =LEFT(A105,1) -> 3 | D105: 1 | E105: 1 | F105: boss001 | G105: =F105 -> boss001 | H105: =_xlfn.IFS(OR(D105="1",D105="2",D105="7",D105="8"),2,OR(D105="3",D105="4",D105="5",D105="6"),1) -> 2 | I105: =_xlfn.IFS(OR(D105="1",D105="2",D105="4",D105="7",D105="8"),150,OR(D105="3",D105="5",D105="6"),800) -> 150 | J105: =MIN(I105+350,800) -> 500 | K105: 650 | L105: 120 | M105: 15 | N105: =环形怪物属性!F106 -> 2118 | O105: =环形怪物属性!H106 -> 54 | P105: =环形怪物属性!K106 -> 16 | Q105: =环形怪物属性!N106 -> 25 | R105: 28 | S105: 15 | T105: =T104 -> 0.3 | U105: 80071 | V105: 120 | W105: =_xlfn.IFS(C105="1",2,C105="2",5,C105="3",10,C105="4",20,TRUE,0) -> 10 | X105: 1 | Y105: 1.8 | Z105: 1000
A106: 30033 | B106: 精英兽巨人 | C106: =LEFT(A106,1) -> 3 | D106: 8 | E106: 1 | F106: boss002 | G106: =F106 -> boss002 | H106: =_xlfn.IFS(OR(D106="1",D106="2",D106="7",D106="8"),2,OR(D106="3",D106="4",D106="5",D106="6"),1) -> 2 | I106: =_xlfn.IFS(OR(D106="1",D106="2",D106="4",D106="7",D106="8"),150,OR(D106="3",D106="5",D106="6"),800) -> 150 | J106: =MIN(I106+350,800) -> 500 | K106: 650 | L106: 120 | M106: 15 | N106: =环形怪物属性!F107 -> 2136 | O106: =环形怪物属性!H107 -> 54 | P106: =环形怪物属性!K107 -> 16 | Q106: =环形怪物属性!N107 -> 25 | R106: 28 | S106: 15 | T106: =T105 -> 0.3 | U106: 80071 | V106: 120 | W106: =_xlfn.IFS(C106="1",2,C106="2",5,C106="3",10,C106="4",20,TRUE,0) -> 10 | X106: 1 | Y106: 1.8 | Z106: 1000
A107: 30034 | B107: 石巨人 | C107: =LEFT(A107,1) -> 3 | D107: 1 | E107: 1 | F107: boss003 | G107: =F107 -> boss003 | H107: =_xlfn.IFS(OR(D107="1",D107="2",D107="7",D107="8"),2,OR(D107="3",D107="4",D107="5",D107="6"),1) -> 2 | I107: =_xlfn.IFS(OR(D107="1",D107="2",D107="4",D107="7",D107="8"),150,OR(D107="3",D107="5",D107="6"),800) -> 150 | J107: =MIN(I107+350,800) -> 500 | K107: 650 | L107: 120 | M107: 15 | N107: =环形怪物属性!F108 -> 2154 | O107: =环形怪物属性!H108 -> 54 | P107: =环形怪物属性!K108 -> 16 | Q107: =环形怪物属性!N108 -> 25 | R107: 28 | S107: 15 | T107: =T106 -> 0.3 | U107: 80071 | V107: 120 | W107: =_xlfn.IFS(C107="1",2,C107="2",5,C107="3",10,C107="4",20,TRUE,0) -> 10 | X107: 1 | Y107: 1.8 | Z107: 1000
A108: 30035 | B108: 潮汐巨人 | C108: =LEFT(A108,1) -> 3 | D108: 1 | E108: 1 | F108: boss001 | G108: =F108 -> boss001 | H108: =_xlfn.IFS(OR(D108="1",D108="2",D108="7",D108="8"),2,OR(D108="3",D108="4",D108="5",D108="6"),1) -> 2 | I108: =_xlfn.IFS(OR(D108="1",D108="2",D108="4",D108="7",D108="8"),150,OR(D108="3",D108="5",D108="6"),800) -> 150 | J108: =MIN(I108+350,800) -> 500 | K108: 650 | L108: 120 | M108: 15 | N108: =环形怪物属性!F109 -> 2172 | O108: =环形怪物属性!H109 -> 56 | P108: =环形怪物属性!K109 -> 17 | Q108: =环形怪物属性!N109 -> 27 | R108: 30 | S108: 15 | T108: =T107 -> 0.3 | U108: 80071 | V108: 120 | W108: =_xlfn.IFS(C108="1",2,C108="2",5,C108="3",10,C108="4",20,TRUE,0) -> 10 | X108: 1 | Y108: 1.8 | Z108: 1000
A109: 30036 | B109: 死神 | C109: =LEFT(A109,1) -> 3 | D109: 4 | E109: 1 | F109: boss002 | G109: =F109 -> boss002 | H109: =_xlfn.IFS(OR(D109="1",D109="2",D109="7",D109="8"),2,OR(D109="3",D109="4",D109="5",D109="6"),1) -> 1 | I109: =_xlfn.IFS(OR(D109="1",D109="2",D109="4",D109="7",D109="8"),150,OR(D109="3",D109="5",D109="6"),800) -> 150 | J109: =MIN(I109+350,800) -> 500 | K109: 750 | L109: 120 | M109: 15 | N109: =环形怪物属性!F110 -> 2190 | O109: =环形怪物属性!H110 -> 56 | P109: =环形怪物属性!K110 -> 17 | Q109: =环形怪物属性!N110 -> 27 | R109: 30 | S109: 15 | T109: =T108 -> 0.3 | U109: 80071 | V109: 120 | W109: =_xlfn.IFS(C109="1",2,C109="2",5,C109="3",10,C109="4",20,TRUE,0) -> 10 | X109: 1 | Y109: 1.8 | Z109: 1000
A110: 30037 | B110: 潮汐巨人王 | C110: =LEFT(A110,1) -> 3 | D110: 1 | E110: 1 | F110: boss003 | G110: =F110 -> boss003 | H110: =_xlfn.IFS(OR(D110="1",D110="2",D110="7",D110="8"),2,OR(D110="3",D110="4",D110="5",D110="6"),1) -> 2 | I110: =_xlfn.IFS(OR(D110="1",D110="2",D110="4",D110="7",D110="8"),150,OR(D110="3",D110="5",D110="6"),800) -> 150 | J110: =MIN(I110+350,800) -> 500 | K110: 650 | L110: 120 | M110: 15 | N110: =环形怪物属性!F111 -> 2208 | O110: =环形怪物属性!H111 -> 56 | P110: =环形怪物属性!K111 -> 17 | Q110: =环形怪物属性!N111 -> 27 | R110: 30 | S110: 15 | T110: =T109 -> 0.3 | U110: 80071 | V110: 120 | W110: =_xlfn.IFS(C110="1",2,C110="2",5,C110="3",10,C110="4",20,TRUE,0) -> 10 | X110: 1 | Y110: 1.8 | Z110: 1000
...

Sheet Sheet2
A1: 成长系数 | B1: 0.1-0.2 | E1: 0.2 | F1: 2 | G1: 2 | H1: 1.5 | O1: 2 | P1: 1.5 | Q1: 0.2 | R1: 2
A2: 0.3 | B2: 物理小怪 | C2: 等级 | D2: 生命 | E2: 攻击 | F2: 防御 | G2: 魔力 | H2: 魔防 | L2: 法系小怪 | M2: 等级 | N2: 生命 | O2: 攻击 | P2: 防御 | Q2: 魔力 | R2: 魔防
C3: 1 | D3: 47 | E3: 9 | F3: 5 | G3: 5 | H3: 3 | M3: 1 | N3: 47 | O3: 5 | P3: 3 | Q3: 9 | R3: 5
C4: 5 | D4: 103 | E4: 21 | F4: 10 | G4: 10 | H4: 7 | M4: 5 | N4: 103 | O4: 10 | P4: 7 | Q4: 21 | R4: 10
C5: 10 | D5: 174 | E5: 35 | F5: 17 | G5: 17 | H5: 12 | M5: 10 | N5: 174 | O5: 17 | P5: 12 | Q5: 35 | R5: 17
C6: 20 | D6: 315 | E6: 63 | F6: 31 | G6: 31 | H6: 21 | M6: 20 | N6: 315 | O6: 31 | P6: 21 | Q6: 63 | R6: 31
C7: 30 | D7: 456 | E7: 91 | F7: 46 | G7: 46 | H7: 30 | M7: 30 | N7: 456 | O7: 46 | P7: 30 | Q7: 91 | R7: 46
C8: 50 | D8: 738 | E8: 148 | F8: 74 | G8: 74 | H8: 49 | M8: 50 | N8: 738 | O8: 74 | P8: 49 | Q8: 148 | R8: 74
C9: 70 | D9: 1020 | E9: 204 | F9: 102 | G9: 102 | H9: 68 | M9: 70 | N9: 1020 | O9: 102 | P9: 68 | Q9: 204 | R9: 102
E11: 0.8 | F11: 8 | H11: 1.5 | P11: 1.5 | Q11: 0.8 | R11: 8
B12: 物理防御 | C12: 等级 | D12: 生命 | E12: 攻击 | F12: 防御 | G12: 魔力 | H12: 魔防 | L12: 魔法防御 | M12: 等级 | N12: 生命 | O12: 攻击 | P12: 防御 | Q12: 魔力 | R12: 魔防
C13: 1 | D13: 50 | E13: 5 | F13: 6 | G13: 5 | H13: 4 | M13: 1 | N13: 50 | O13: 5 | P13: 4 | Q13: 5 | R13: 6
C14: 5 | D14: 110 | E14: 11 | F14: 14 | G14: 11 | H14: 9 | M14: 5 | N14: 110 | O14: 11 | P14: 9 | Q14: 11 | R14: 14
C15: 10 | D15: 185 | E15: 19 | F15: 23 | G15: 19 | H15: 15 | M15: 10 | N15: 185 | O15: 19 | P15: 15 | Q15: 19 | R15: 23
C16: 20 | D16: 335 | E16: 34 | F16: 42 | G16: 34 | H16: 28 | M16: 20 | N16: 335 | O16: 34 | P16: 28 | Q16: 34 | R16: 42
C17: 30 | D17: 485 | E17: 49 | F17: 61 | G17: 49 | H17: 40 | M17: 30 | N17: 485 | O17: 49 | P17: 40 | Q17: 49 | R17: 61
C18: 50 | D18: 785 | E18: 79 | F18: 98 | G18: 79 | H18: 65 | M18: 50 | N18: 785 | O18: 79 | P18: 65 | Q18: 79 | R18: 98
C19: 70 | D19: 1085 | E19: 109 | F19: 136 | G19: 109 | H19: 90 | M19: 70 | N19: 1085 | O19: 109 | P19: 90 | Q19: 109 | R19: 136
A21: 成长系数 | B21: 0.3-0.4 | E21: 0.15 | F21: 1.5 | G21: 2 | H21: 1.5 | K21: 成长系数 | L21: 0.4-0.5 | O21: 0.15 | P21: 1.5 | Q21: 2 | R21: 1.5
A22: 0.4 | B22: 精英怪 | C22: 等级 | D22: 生命 | E22: 攻击 | F22: 防御 | G22: 魔力 | H22: 魔防 | K22: 0.5 | L22: BOSS | M22: 等级 | N22: 生命 | O22: 攻击 | P22: 防御 | Q22: 魔力 | R22: 魔防
C23: 1 | D23: 80 | E23: 12 | F23: 8 | G23: 6 | H23: 5 | M23: 1 | N23: 100 | O23: 15 | P23: 10 | Q23: 8 | R23: 7
C24: 5 | D24: 208 | E24: 31 | F24: 21 | G24: 16 | H24: 14 | M24: 5 | N24: 300 | O24: 45 | P24: 30 | Q24: 23 | R24: 20
C25: 10 | D25: 249 | E25: 55 | F25: 37 | G25: 28 | H25: 25 | M25: 10 | N25: 550 | O25: 83 | P25: 55 | Q25: 41 | R25: 37
C26: 20 | D26: 437 | E26: 103 | F26: 69 | G26: 52 | H26: 46 | M26: 20 | N26: 1050 | O26: 158 | P26: 105 | Q26: 79 | R26: 70
C27: 30 | D27: 625 | E27: 151 | F27: 101 | G27: 76 | H27: 67 | M27: 30 | N27: 1550 | O27: 233 | P27: 155 | Q27: 116 | R27: 103
C28: 50 | D28: 1001 | E28: 247 | F28: 165 | G28: 124 | H28: 110 | M28: 50 | N28: 2550 | O28: 383 | P28: 255 | Q28: 191 | R28: 170
C29: 70 | D29: 1377 | E29: 343 | F29: 229 | G29: 172 | H29: 153 | M29: 70 | N29: 3550 | O29: 533 | P29: 355 | Q29: 266 | R29: 237

Sheet Sheet3
A1: id | B1: Name | C1: type | D1: Career | E1: AttackType | F1: Model | G1: Icon | H1: Range | I1: Warn | J1: Move | K1: AtkCd | L1: Hp | M1: Atk | N1: Def | O1: Ap | P1: Mdef | Q1: Dex | R1: Grow | S1: skill | T1: killexp | U1: killgold | V1: Amplify1 | W1: Amplify2
A2: int | B2: string | C2: int | D2: int | E2: int | F2: string | G2: string | H2: int | I2: int | J2: int | K2: int | L2: float | M2: float | N2: float | O2: float | P2: float | Q2: int | R2: float | S2: string | T2: int | U2: int | V2: string | W2: string
A3: 怪物ID | B3: 名称 | C3: 类型 | D3: 初始职业 | E3: 攻击倾向 | F3: 模型 | G3: 头像 | H3: 攻击距离 | I3: 警戒范围 | J3: 移速 | K3: 攻击间隔/10 | L3: 生命 | M3: 攻击 | N3: 防御 | O3: 魔力 | P3: 魔防 | Q3: 技巧 | R3: 成长系数 | S3: 携带技能 | T3: 击杀提供经验 | U3: 击杀提供金矿 | V3: 查看界面放大 | W3: 地图模型放大
A4: 10001 | B4: 史莱黄 | C4: =LEFT(A4,1) -> 1 | D4: 7 | E4: 1 | F4: monster001 | G4: =F4 -> monster001 | H4: 250 | I4: =IF(E4<=2,1500,0) -> 1500 | J4: 250 | K4: 20 | L4: 35 | M4: 6 | N4: 3 | O4: 1 | P4: 2 | Q4: 5 | R4: 0.2 | S4: 0 | T4: 20 | U4: =_xlfn.IFS(C4="1",2,C4="2",5,C4="3",10,C4="4",20,TRUE,0) -> 2 | V4: 1 | W4: =V4 -> 1 | X4: 弱小怪
A5: 10002 | B5: 史莱红 | C5: =LEFT(A5,1) -> 1 | D5: 7 | E5: 1 | F5: monster002 | G5: =F5 -> monster002 | H5: 250 | I5: =IF(E5<=2,1500,0) -> 1500 | J5: 250 | K5: 20 | L5: 35 | M5: 5 | N5: 3 | O5: 4 | P5: 3 | Q5: 5 | R5: 0.2 | S5: 0 | T5: 20 | U5: =_xlfn.IFS(C5="1",2,C5="2",5,C5="3",10,C5="4",20,TRUE,0) -> 2 | V5: 1 | W5: =V5 -> 1 | X5: 物防小怪
A6: 10003 | B6: 史莱黑 | C6: =LEFT(A6,1) -> 1 | D6: 7 | E6: 1 | F6: monster003 | G6: =F6 -> monster003 | H6: 500 | I6: =IF(E6<=2,1500,0) -> 1500 | J6: 250 | K6: 20 | L6: 45 | M6: 6 | N6: 5 | O6: 1 | P6: 4 | Q6: 5 | R6: 0.2 | S6: 0 | T6: 20 | U6: =_xlfn.IFS(C6="1",2,C6="2",5,C6="3",10,C6="4",20,TRUE,0) -> 2 | V6: 1 | W6: =V6 -> 1 | X6: 魔防小怪
A7: 10004 | B7: 小哥布林 | C7: =LEFT(A7,1) -> 1 | D7: 1 | E7: 1 | F7: monster004 | G7: =F7 -> monster004 | H7: 250 | I7: =IF(E7<=2,1500,0) -> 1500 | J7: 400 | K7: 20 | L7: 41 | M7: 5 | N7: 3 | O7: 2 | P7: 2 | Q7: 5 | R7: 0.2 | S7: 0 | T7: 20 | U7: =_xlfn.IFS(C7="1",2,C7="2",5,C7="3",10,C7="4",20,TRUE,0) -> 2 | V7: 1 | W7: =V7 -> 1 | X7: 中小怪
A8: 10005 | B8: 大哥布林 | C8: =LEFT(A8,1) -> 1 | D8: 1 | E8: 1 | F8: monster005 | G8: =F8 -> monster005 | H8: 800 | I8: =IF(E8<=2,1500,0) -> 1500 | J8: 220 | K8: 25 | L8: 43 | M8: 5 | N8: 3 | O8: 2 | P8: 2 | Q8: 5 | R8: 0.2 | S8: 0 | T8: 25 | U8: =_xlfn.IFS(C8="1",2,C8="2",5,C8="3",10,C8="4",20,TRUE,0) -> 2 | V8: 1 | W8: =V8 -> 1 | X8: 正常小怪
A9: 10006 | B9: 哥布林战士 | C9: =LEFT(A9,1) -> 1 | D9: 1 | E9: 1 | F9: monster006 | G9: =F9 -> monster006 | H9: 250 | I9: =IF(E9<=2,1500,0) -> 1500 | J9: 250 | K9: 20 | L9: 45 | M9: 6 | N9: 4 | O9: 3 | P9: 2 | Q9: 6 | R9: 0.2 | S9: 0 | T9: 25 | U9: =_xlfn.IFS(C9="1",2,C9="2",5,C9="3",10,C9="4",20,TRUE,0) -> 2 | V9: 1 | W9: =V9 -> 1
A10: 10007 | B10: 哥布林牧师 | C10: =LEFT(A10,1) -> 1 | D10: 6 | E10: 1 | F10: monster007 | G10: =F10 -> monster007 | H10: 700 | I10: =IF(E10<=2,1500,0) -> 1500 | J10: 220 | K10: 25 | L10: 43 | M10: 5 | N10: 4 | O10: 4 | P10: 4 | Q10: 6 | R10: 0.2 | S10: 0 | T10: 25 | U10: =_xlfn.IFS(C10="1",2,C10="2",5,C10="3",10,C10="4",20,TRUE,0) -> 2 | V10: 1 | W10: =V10 -> 1
A11: 10008 | B11: 哥布林法师 | C11: =LEFT(A11,1) -> 1 | D11: 5 | E11: 1 | F11: monster008 | G11: =F11 -> monster008 | H11: 700 | I11: =IF(E11<=2,1500,0) -> 1500 | J11: 220 | K11: 25 | L11: 42 | M11: 5 | N11: 3 | O11: 5 | P11: 4 | Q11: 6 | R11: 0.2 | S11: 0 | T11: 25 | U11: =_xlfn.IFS(C11="1",2,C11="2",5,C11="3",10,C11="4",20,TRUE,0) -> 2 | V11: 1 | W11: =V11 -> 1
A12: 10009 | B12: 哥布林守卫 | C12: =LEFT(A12,1) -> 1 | D12: 1 | E12: 2 | F12: monster009 | G12: =F12 -> monster009 | H12: 250 | I12: =IF(E12<=2,1500,0) -> 1500 | J12: 250 | K12: 20 | L12: 45 | M12: 7 | N12: 5 | O12: 3 | P12: 5 | Q12: 8 | R12: 0.2 | S12: 0 | T12: 25 | U12: =_xlfn.IFS(C12="1",2,C12="2",5,C12="3",10,C12="4",20,TRUE,0) -> 2 | V12: 1 | W12: =V12 -> 1
A13: 10010 | B13: 哥布林队长 | C13: =LEFT(A13,1) -> 1 | D13: 1 | E13: 2 | F13: monster010 | G13: =F13 -> monster010 | H13: 250 | I13: =IF(E13<=2,1500,0) -> 1500 | J13: 250 | K13: 20 | L13: 45 | M13: 8 | N13: 6 | O13: 3 | P13: 6 | Q13: 8 | R13: 0.2 | S13: 0 | T13: 25 | U13: =_xlfn.IFS(C13="1",2,C13="2",5,C13="3",10,C13="4",20,TRUE,0) -> 2 | V13: 1 | W13: =V13 -> 1
A14: 10011 | B14: 步兵 | C14: =LEFT(A14,1) -> 1 | D14: 1 | E14: 1 | F14: bubing01_Lv1 | G14: =F14 -> bubing01_Lv1 | H14: 250 | I14: =IF(E14<=2,1500,0) -> 1500 | J14: 250 | K14: 15 | L14: 45 | M14: 9 | N14: 5 | O14: 5 | P14: 3 | Q14: 10 | R14: 0.3 | S14: 0 | T14: 30 | U14: =_xlfn.IFS(C14="1",2,C14="2",5,C14="3",10,C14="4",20,TRUE,0) -> 2 | V14: 1 | W14: =V14 -> 1
A15: 10012 | B15: 枪兵 | C15: =LEFT(A15,1) -> 1 | D15: 1 | E15: 1 | F15: bubing02_Lv1 | G15: =F15 -> bubing02_Lv1 | H15: 250 | I15: =IF(E15<=2,1500,0) -> 1500 | J15: 250 | K15: 15 | L15: 50 | M15: 5 | N15: 6 | O15: 5 | P15: 4 | Q15: 10 | R15: 0.3 | S15: 0 | T15: 30 | U15: =_xlfn.IFS(C15="1",2,C15="2",5,C15="3",10,C15="4",20,TRUE,0) -> 2 | V15: 1 | W15: =V15 -> 1
A16: 10013 | B16: 骑兵 | C16: =LEFT(A16,1) -> 1 | D16: 2 | E16: 2 | F16: qibing01_Lv1 | G16: =F16 -> qibing01_Lv1 | H16: 250 | I16: =IF(E16<=2,1500,0) -> 1500 | J16: 400 | K16: 15 | L16: 47 | M16: 9 | N16: 4 | O16: 4 | P16: 4 | Q16: 10 | R16: 0.3 | S16: 0 | T16: 30 | U16: =_xlfn.IFS(C16="1",2,C16="2",5,C16="3",10,C16="4",20,TRUE,0) -> 2 | V16: 1 | W16: =V16 -> 1
A17: 10014 | B17: 木精灵 | C17: =LEFT(A17,1) -> 1 | D17: 3 | E17: 1 | F17: gongbing01_Lv1 | G17: =F17 -> gongbing01_Lv1 | H17: 1000 | I17: =IF(E17<=2,1500,0) -> 1500 | J17: 250 | K17: 20 | L17: 45 | M17: 8 | N17: 3 | O17: 6 | P17: 6 | Q17: 10 | R17: 0.3 | S17: 0 | T17: 30 | U17: =_xlfn.IFS(C17="1",2,C17="2",5,C17="3",10,C17="4",20,TRUE,0) -> 2 | V17: 1 | W17: =V17 -> 1
A18: 10015 | B18: 飞鹰骑士 | C18: =LEFT(A18,1) -> 1 | D18: 4 | E18: 2 | F18: feibing01_Lv1 | G18: =F18 -> feibing01_Lv1 | H18: 250 | I18: =IF(E18<=2,1500,0) -> 1500 | J18: 400 | K18: 15 | L18: 47 | M18: 8 | N18: 5 | O18: 8 | P18: 6 | Q18: 10 | R18: 0.3 | S18: 0 | T18: 30 | U18: =_xlfn.IFS(C18="1",2,C18="2",5,C18="3",10,C18="4",20,TRUE,0) -> 2 | V18: 1 | W18: =V18 -> 1
A19: 10016 | B19: 法师学徒 | C19: =LEFT(A19,1) -> 1 | D19: 5 | E19: 1 | F19: fashi01_Lv1 | G19: =F19 -> fashi01_Lv1 | H19: 1000 | I19: =IF(E19<=2,1500,0) -> 1500 | J19: 250 | K19: 20 | L19: 45 | M19: 5 | N19: 3 | O19: 9 | P19: 5 | Q19: 10 | R19: 0.3 | S19: 0 | T19: 30 | U19: =_xlfn.IFS(C19="1",2,C19="2",5,C19="3",10,C19="4",20,TRUE,0) -> 2 | V19: 1 | W19: =V19 -> 1
A20: 10017 | B20: 僧侣 | C20: =LEFT(A20,1) -> 1 | D20: 6 | E20: 1 | F20: mushi01_Lv1 | G20: =F20 -> mushi01_Lv1 | H20: 1000 | I20: =IF(E20<=2,1500,0) -> 1500 | J20: 250 | K20: 20 | L20: 46 | M20: 5 | N20: 7 | O20: 5 | P20: 10 | Q20: 10 | R20: 0.3 | S20: 0 | T20: 30 | U20: =_xlfn.IFS(C20="1",2,C20="2",5,C20="3",10,C20="4",20,TRUE,0) -> 2 | V20: 1 | W20: =V20 -> 1
A21: 10018 | B21: 骷髅兵 | C21: =LEFT(A21,1) -> 1 | D21: 7 | E21: 2 | F21: moshou01_Lv1 | G21: =F21 -> moshou01_Lv1 | H21: 250 | I21: =IF(E21<=2,1500,0) -> 1500 | J21: 250 | K21: 15 | L21: 48 | M21: 9 | N21: 5 | O21: 5 | P21: 5 | Q21: 10 | R21: 0.3 | S21: 0 | T21: 30 | U21: =_xlfn.IFS(C21="1",2,C21="2",5,C21="3",10,C21="4",20,TRUE,0) -> 2 | V21: 1 | W21: =V21 -> 1
A22: 10019 | B22: 狼战士 | C22: =LEFT(A22,1) -> 1 | D22: 8 | E22: 1 | F22: yeshou01_lv1 | G22: =F22 -> yeshou01_lv1 | H22: 250 | I22: =IF(E22<=2,1500,0) -> 1500 | J22: 250 | K22: 15 | L22: 47 | M22: 10 | N22: 4 | O22: 5 | P22: 5 | Q22: 10 | R22: 0.3 | S22: 0 | T22: 30 | U22: =_xlfn.IFS(C22="1",2,C22="2",5,C22="3",10,C22="4",20,TRUE,0) -> 2 | V22: 1 | W22: =V22 -> 1
A23: 20001 | B23: 野猪首领 | C23: =LEFT(A23,1) -> 2 | D23: 8 | E23: 1 | F23: jymonster001 | G23: =F23 -> jymonster001 | H23: 250 | I23: =IF(E23<=2,1500,0) -> 1500 | J23: 300 | K23: 20 | L23: 55 | M23: 11 | N23: 5 | O23: 5 | P23: 5 | Q23: 10 | R23: 0.3 | S23: 0 | T23: 50 | U23: =_xlfn.IFS(C23="1",2,C23="2",5,C23="3",10,C23="4",20,TRUE,0) -> 5 | V23: 1 | W23: =V23 -> 1 | X23: 弱精英
A24: 20002 | B24: 树精首领 | C24: =LEFT(A24,1) -> 2 | D24: 7 | E24: 1 | F24: jymonster002 | G24: =F24 -> jymonster002 | H24: 800 | I24: =IF(E24<=2,1500,0) -> 1500 | J24: 250 | K24: 25 | L24: 60 | M24: 7 | N24: 6 | O24: 6 | P24: 7 | Q24: 10 | R24: 0.3 | S24: 0 | T24: 50 | U24: =_xlfn.IFS(C24="1",2,C24="2",5,C24="3",10,C24="4",20,TRUE,0) -> 5 | V24: 1 | W24: =V24 -> 1 | X24: 弱精英
A25: 20003 | B25: 甲虫战士 | C25: =LEFT(A25,1) -> 2 | D25: 8 | E25: 1 | F25: jymonster003 | G25: =F25 -> jymonster003 | H25: 250 | I25: =IF(E25<=2,1500,0) -> 1500 | J25: 300 | K25: 20 | L25: 60 | M25: 11 | N25: 6 | O25: 6 | P25: 6 | Q25: 10 | R25: 0.3 | S25: 0 | T25: 50 | U25: =_xlfn.IFS(C25="1",2,C25="2",5,C25="3",10,C25="4",20,TRUE,0) -> 5 | V25: 1 | W25: =V25 -> 1 | X25: 正常精英
A26: 20004 | B26: 史莱金 | C26: =LEFT(A26,1) -> 2 | D26: 7 | E26: 1 | F26: jymonster004 | G26: =F26 -> jymonster004 | H26: 250 | I26: =IF(E26<=2,1500,0) -> 1500 | J26: 250 | K26: 20 | L26: 65 | M26: 12 | N26: 6 | O26: 6 | P26: 6 | Q26: 10 | R26: 0.3 | S26: 0 | T26: 50 | U26: =_xlfn.IFS(C26="1",2,C26="2",5,C26="3",10,C26="4",20,TRUE,0) -> 5 | V26: 1 | W26: =V26 -> 1 | X26: 正常精英
A27: 20005 | B27: 重装步兵 | C27: =LEFT(A27,1) -> 2 | D27: 1 | E27: 1 | F27: bubing01_Lv2 | G27: =F27 -> bubing01_Lv2 | H27: 250 | I27: =IF(E27<=2,1500,0) -> 1500 | J27: 250 | K27: 15 | L27: 76 | M27: 10 | N27: 7 | O27: 6 | P27: 5 | Q27: 15 | R27: 0.4 | S27: 0 | T27: 80 | U27: =_xlfn.IFS(C27="1",2,C27="2",5,C27="3",10,C27="4",20,TRUE,0) -> 5 | V27: 1 | W27: =V27 -> 1
A28: 20006 | B28: 重装枪兵 | C28: =LEFT(A28,1) -> 2 | D28: 1 | E28: 1 | F28: bubing02_Lv2 | G28: =F28 -> bubing02_Lv2 | H28: 250 | I28: =IF(E28<=2,1500,0) -> 1500 | J28: 250 | K28: 15 | L28: 80 | M28: 8 | N28: 8 | O28: 6 | P28: 5 | Q28: 15 | R28: 0.4 | S28: 0 | T28: 80 | U28: =_xlfn.IFS(C28="1",2,C28="2",5,C28="3",10,C28="4",20,TRUE,0) -> 5 | V28: 1 | W28: =V28 -> 1
A29: 20007 | B29: 精锐骑士 | C29: =LEFT(A29,1) -> 2 | D29: 2 | E29: 2 | F29: qibing01_Lv2 | G29: =F29 -> qibing01_Lv2 | H29: 250 | I29: =IF(E29<=2,1500,0) -> 1500 | J29: 400 | K29: 15 | L29: 76 | M29: 11 | N29: 6 | O29: 6 | P29: 5 | Q29: 15 | R29: 0.4 | S29: 0 | T29: 80 | U29: =_xlfn.IFS(C29="1",2,C29="2",5,C29="3",10,C29="4",20,TRUE,0) -> 5 | V29: 1 | W29: =V29 -> 1
A30: 20008 | B30: 精灵射手 | C30: =LEFT(A30,1) -> 2 | D30: 3 | E30: 1 | F30: gongbing01_Lv2 | G30: =F30 -> gongbing01_Lv2 | H30: 1100 | I30: =IF(E30<=2,1500,0) -> 1500 | J30: 250 | K30: 20 | L30: 72 | M30: 9 | N30: 5 | O30: 8 | P30: 5 | Q30: 15 | R30: 0.4 | S30: 0 | T30: 80 | U30: =_xlfn.IFS(C30="1",2,C30="2",5,C30="3",10,C30="4",20,TRUE,0) -> 5 | V30: 1 | W30: =V30 -> 1
A31: 20009 | B31: 飞马骑士 | C31: =LEFT(A31,1) -> 2 | D31: 4 | E31: 2 | F31: feibing01_Lv2 | G31: =F31 -> feibing01_Lv2 | H31: 250 | I31: =IF(E31<=2,1500,0) -> 1500 | J31: 400 | K31: 15 | L31: 74 | M31: 10 | N31: 6 | O31: 9 | P31: 6 | Q31: 15 | R31: 0.4 | S31: 0 | T31: 80 | U31: =_xlfn.IFS(C31="1",2,C31="2",5,C31="3",10,C31="4",20,TRUE,0) -> 5 | V31: 1 | W31: =V31 -> 1
A32: 20010 | B32: 魔女 | C32: =LEFT(A32,1) -> 2 | D32: 5 | E32: 1 | F32: fashi01_Lv2 | G32: =F32 -> fashi01_Lv2 | H32: 1000 | I32: =IF(E32<=2,1500,0) -> 1500 | J32: 250 | K32: 20 | L32: 72 | M32: 8 | N32: 5 | O32: 12 | P32: 8 | Q32: 15 | R32: 0.4 | S32: 0 | T32: 80 | U32: =_xlfn.IFS(C32="1",2,C32="2",5,C32="3",10,C32="4",20,TRUE,0) -> 5 | V32: 1 | W32: =V32 -> 1
A33: 20011 | B33: 神官 | C33: =LEFT(A33,1) -> 2 | D33: 6 | E33: 1 | F33: mushi01_Lv2 | G33: =F33 -> mushi01_Lv2 | H33: 1000 | I33: =IF(E33<=2,1500,0) -> 1500 | J33: 250 | K33: 20 | L33: 70 | M33: 8 | N33: 5 | O33: 11 | P33: 7 | Q33: 15 | R33: 0.4 | S33: 0 | T33: 80 | U33: =_xlfn.IFS(C33="1",2,C33="2",5,C33="3",10,C33="4",20,TRUE,0) -> 5 | V33: 1 | W33: =V33 -> 1
A34: 20012 | B34: 骷髅勇士 | C34: =LEFT(A34,1) -> 2 | D34: 7 | E34: 2 | F34: moshou01_Lv2 | G34: =F34 -> moshou01_Lv2 | H34: 250 | I34: =IF(E34<=2,1500,0) -> 1500 | J34: 250 | K34: 15 | L34: 76 | M34: 10 | N34: 6 | O34: 5 | P34: 4 | Q34: 15 | R34: 0.4 | S34: 0 | T34: 80 | U34: =_xlfn.IFS(C34="1",2,C34="2",5,C34="3",10,C34="4",20,TRUE,0) -> 5 | V34: 1 | W34: =V34 -> 1
A35: 20013 | B35: 狼人统领 | C35: =LEFT(A35,1) -> 2 | D35: 8 | E35: 1 | F35: yeshou01_lv2 | G35: =F35 -> yeshou01_lv2 | H35: 250 | I35: =IF(E35<=2,1500,0) -> 1500 | J35: 250 | K35: 15 | L35: 80 | M35: 12 | N35: 5 | O35: 5 | P35: 4 | Q35: 15 | R35: 0.4 | S35: 0 | T35: 80 | U35: =_xlfn.IFS(C35="1",2,C35="2",5,C35="3",10,C35="4",20,TRUE,0) -> 5 | V35: 1 | W35: =V35 -> 1
A36: 30001 | B36: 神秘史莱紫 | C36: =LEFT(A36,1) -> 3 | D36: 7 | E36: 1 | F36: boss001 | G36: =F36 -> boss001 | H36: 800 | I36: =IF(E36<=2,1500,0) -> 1500 | J36: 250 | K36: 25 | L36: 80 | M36: 8 | N36: 5 | O36: 12 | P36: 8 | Q36: 15 | R36: 0.4 | S36: 0 | T36: 100 | U36: =_xlfn.IFS(C36="1",2,C36="2",5,C36="3",10,C36="4",20,TRUE,0) -> 10 | V36: 1 | W36: =V36 -> 1 | X36: 弱BOSS
A37: 30002 | B37: 哥布林将军 | C37: =LEFT(A37,1) -> 3 | D37: 1 | E37: 2 | F37: boss002 | G37: =F37 -> boss002 | H37: 250 | I37: =IF(E37<=2,1500,0) -> 1500 | J37: 250 | K37: 20 | L37: 80 | M37: 8 | N37: 8 | O37: 6 | P37: 5 | Q37: 15 | R37: 0.4 | S37: 0 | T37: 100 | U37: =_xlfn.IFS(C37="1",2,C37="2",5,C37="3",10,C37="4",20,TRUE,0) -> 10 | V37: 1 | W37: =V37 -> 1
A38: 30003 | B38: 牛头人战士 | C38: =LEFT(A38,1) -> 3 | D38: 1 | E38: 2 | F38: boss003 | G38: =F38 -> boss003 | H38: 250 | I38: =IF(E38<=2,1500,0) -> 1500 | J38: 250 | K38: 20 | L38: 80 | M38: 10 | N38: 7 | O38: 6 | P38: 5 | Q38: 15 | R38: 0.4 | S38: 0 | T38: 100 | U38: =_xlfn.IFS(C38="1",2,C38="2",5,C38="3",10,C38="4",20,TRUE,0) -> 10 | V38: 1 | W38: =V38 -> 1
A39: 30004 | B39: 皇室近卫 | C39: =LEFT(A39,1) -> 3 | D39: 1 | E39: 1 | F39: bubing01_Lv3 | G39: =F39 -> bubing01_Lv3 | H39: 250 | I39: =IF(E39<=2,1500,0) -> 1500 | J39: 250 | K39: 15 | L39: 98 | M39: 13 | N39: 8 | O39: 7 | P39: 7 | Q39: 15 | R39: 0.5 | S39: 0 | T39: 120 | U39: =_xlfn.IFS(C39="1",2,C39="2",5,C39="3",10,C39="4",20,TRUE,0) -> 10 | V39: 1 | W39: =V39 -> 1
A40: 30005 | B40: 刀锋战士 | C40: =LEFT(A40,1) -> 3 | D40: 1 | E40: 1 | F40: bubing02_Lv3 | G40: =F40 -> bubing02_Lv3 | H40: 250 | I40: =IF(E40<=2,1500,0) -> 1500 | J40: 250 | K40: 15 | L40: 96 | M40: 14 | N40: 7 | O40: 6 | P40: 6 | Q40: 15 | R40: 0.5 | S40: 0 | T40: 120 | U40: =_xlfn.IFS(C40="1",2,C40="2",5,C40="3",10,C40="4",20,TRUE,0) -> 10 | V40: 1 | W40: =V40 -> 1
A41: 30006 | B41: 格斗专家 | C41: =LEFT(A41,1) -> 3 | D41: 1 | E41: 1 | F41: bubing03_Lv3 | G41: =F41 -> bubing03_Lv3 | H41: 250 | I41: =IF(E41<=2,1500,0) -> 1500 | J41: 250 | K41: 15 | L41: 94 | M41: 12 | N41: 7 | O41: 6 | P41: 6 | Q41: 15 | R41: 0.5 | S41: 0 | T41: 120 | U41: =_xlfn.IFS(C41="1",2,C41="2",5,C41="3",10,C41="4",20,TRUE,0) -> 10 | V41: 1 | W41: =V41 -> 1
A42: 30007 | B42: 将军 | C42: =LEFT(A42,1) -> 3 | D42: 1 | E42: 1 | F42: bubing04_Lv3 | G42: =F42 -> bubing04_Lv3 | H42: 250 | I42: =IF(E42<=2,1500,0) -> 1500 | J42: 250 | K42: 15 | L42: 100 | M42: 10 | N42: 10 | O42: 5 | P42: 5 | Q42: 15 | R42: 0.5 | S42: 0 | T42: 120 | U42: =_xlfn.IFS(C42="1",2,C42="2",5,C42="3",10,C42="4",20,TRUE,0) -> 10 | V42: 1 | W42: =V42 -> 1
A43: 30008 | B43: 皇家骑士 | C43: =LEFT(A43,1) -> 3 | D43: 2 | E43: 1 | F43: qibing01_Lv3 | G43: =F43 -> qibing01_Lv3 | H43: 250 | I43: =IF(E43<=2,1500,0) -> 1500 | J43: 400 | K43: 15 | L43: 96 | M43: 13 | N43: 8 | O43: 6 | P43: 8 | Q43: 15 | R43: 0.5 | S43: 0 | T43: 120 | U43: =_xlfn.IFS(C43="1",2,C43="2",5,C43="3",10,C43="4",20,TRUE,0) -> 10 | V43: 1 | W43: =V43 -> 1
A44: 30009 | B44: 黑暗骑士 | C44: =LEFT(A44,1) -> 3 | D44: 2 | E44: 1 | F44: qibing02_Lv3 | G44: =F44 -> qibing02_Lv3 | H44: 250 | I44: =IF(E44<=2,1500,0) -> 1500 | J44: 400 | K44: 15 | L44: 95 | M44: 14 | N44: 7 | O44: 6 | P44: 7 | Q44: 15 | R44: 0.5 | S44: 0 | T44: 120 | U44: =_xlfn.IFS(C44="1",2,C44="2",5,C44="3",10,C44="4",20,TRUE,0) -> 10 | V44: 1 | W44: =V44 -> 1
A45: 30010 | B45: 守护骑士 | C45: =LEFT(A45,1) -> 3 | D45: 2 | E45: 1 | F45: qibing03_Lv3 | G45: =F45 -> qibing03_Lv3 | H45: 250 | I45: =IF(E45<=2,1500,0) -> 1500 | J45: 400 | K45: 15 | L45: 98 | M45: 12 | N45: 9 | O45: 7 | P45: 7 | Q45: 15 | R45: 0.5 | S45: 0 | T45: 120 | U45: =_xlfn.IFS(C45="1",2,C45="2",5,C45="3",10,C45="4",20,TRUE,0) -> 10 | V45: 1 | W45: =V45 -> 1
A46: 30011 | B46: 幻影射手 | C46: =LEFT(A46,1) -> 3 | D46: 3 | E46: 1 | F46: gongbing01_Lv3 | G46: =F46 -> gongbing01_Lv3 | H46: 1150 | I46: =IF(E46<=2,1500,0) -> 1500 | J46: 250 | K46: 20 | L46: 84 | M46: 13 | N46: 7 | O46: 6 | P46: 7 | Q46: 50 | R46: 0.5 | S46: 0 | T46: 120 | U46: =_xlfn.IFS(C46="1",2,C46="2",5,C46="3",10,C46="4",20,TRUE,0) -> 10 | V46: 1 | W46: =V46 -> 1
A47: 30012 | B47: 巡游射手 | C47: =LEFT(A47,1) -> 3 | D47: 3 | E47: 1 | F47: gongbing02_Lv3 | G47: =F47 -> gongbing02_Lv3 | H47: 1000 | I47: =IF(E47<=2,1500,0) -> 1500 | J47: 400 | K47: 20 | L47: 82 | M47: 14 | N47: 7 | O47: 6 | P47: 7 | Q47: 50 | R47: 0.5 | S47: 0 | T47: 120 | U47: =_xlfn.IFS(C47="1",2,C47="2",5,C47="3",10,C47="4",20,TRUE,0) -> 10 | V47: 1 | W47: =V47 -> 1
A48: 30013 | B48: 影 | C48: =LEFT(A48,1) -> 3 | D48: 3 | E48: 1 | F48: gongbing03_Lv3 | G48: =F48 -> gongbing03_Lv3 | H48: 1000 | I48: =IF(E48<=2,1500,0) -> 1500 | J48: 250 | K48: 20 | L48: 80 | M48: 15 | N48: 7 | O48: 6 | P48: 7 | Q48: 50 | R48: 0.5 | S48: 0 | T48: 120 | U48: =_xlfn.IFS(C48="1",2,C48="2",5,C48="3",10,C48="4",20,TRUE,0) -> 10 | V48: 1 | W48: =V48 -> 1
A49: 30014 | B49: 圣天马骑士 | C49: =LEFT(A49,1) -> 3 | D49: 4 | E49: 1 | F49: feibing01_Lv3 | G49: =F49 -> feibing01_Lv3 | H49: 250 | I49: =IF(E49<=2,1500,0) -> 1500 | J49: 400 | K49: 15 | L49: 95 | M49: 13 | N49: 8 | O49: 8 | P49: 10 | Q49: 15 | R49: 0.5 | S49: 0 | T49: 120 | U49: =_xlfn.IFS(C49="1",2,C49="2",5,C49="3",10,C49="4",20,TRUE,0) -> 10 | V49: 1 | W49: =V49 -> 1
A50: 30015 | B50: 飞龙骑士 | C50: =LEFT(A50,1) -> 3 | D50: 4 | E50: 1 | F50: feibing02_Lv3 | G50: =F50 -> feibing02_Lv3 | H50: 250 | I50: =IF(E50<=2,1500,0) -> 1500 | J50: 400 | K50: 15 | L50: 96 | M50: 14 | N50: 8 | O50: 6 | P50: 6 | Q50: 15 | R50: 0.5 | S50: 0 | T50: 120 | U50: =_xlfn.IFS(C50="1",2,C50="2",5,C50="3",10,C50="4",20,TRUE,0) -> 10 | V50: 1 | W50: =V50 -> 1
... A63: 30028 | B63: 雪原巨人 | C63: =LEFT(A63,1) -> 3 | D63: 8 | E63: 1 | F63: moshou01_Lv3 | G63: =F63 -> moshou01_Lv3 | H63: 250 | I63: =IF(E63<=2,1500,0) -> 1500 | J63: 250 | K63: 15 | L63: 100 | M63: 12 | N63: 9 | O63: 6 | P63: 5 | Q63: 15 | R63: 0.5 | S63: 0 | T63: 120 | U63: =_xlfn.IFS(C63="1",2,C63="2",5,C63="3",10,C63="4",20,TRUE,0) -> 10 | V63: 1 | W63: =V63 -> 1
A64: 40001 | B64: 伯爵 | C64: =LEFT(A64,1) -> 4 | D64: 8 | E64: 1 | F64: moshou02_Lv3 | G64: moshou02_Lv3 | H64: 250 | I64: =IF(E64<=2,1500,0) -> 1500 | J64: 250 | K64: 15 | L64: 2000 | M64: 15 | N64: 8 | O64: 6 | P64: 5 | Q64: 15 | R64: 0.5 | S64: 0 | T64: 120 | U64: =_xlfn.IFS(C64="1",2,C64="2",5,C64="3",10,C64="4",20,TRUE,0) -> 20 | V64: 2 | W64: =V64 -> 2
A65: 40002 | B65: 死灵法师 | C65: =LEFT(A65,1) -> 4 | D65: 8 | E65: 1 | F65: moshou03_Lv3 | G65: moshou03_Lv3 | H65: 1200 | I65: =IF(E65<=2,1500,0) -> 1500 | J65: 250 | K65: 20 | L65: 2000 | M65: 15 | N65: 8 | O65: 6 | P65: 5 | Q65: 15 | R65: 0.5 | S65: 0 | T65: 120 | U65: =_xlfn.IFS(C65="1",2,C65="2",5,C65="3",10,C65="4",20,TRUE,0) -> 20 | V65: 1.8 | W65: =V65 -> 1.8
A66: 40003 | B66: 狼王 | C66: =LEFT(A66,1) -> 4 | D66: 8 | E66: 1 | F66: yeshou01_lv3 | G66: yeshou01_lv3 | H66: 250 | I66: =IF(E66<=2,1500,0) -> 1500 | J66: 250 | K66: 15 | L66: 2000 | M66: 15 | N66: 8 | O66: 6 | P66: 5 | Q66: 15 | R66: 0.5 | S66: 0 | T66: 120 | U66: =_xlfn.IFS(C66="1",2,C66="2",5,C66="3",10,C66="4",20,TRUE,0) -> 20 | V66: 1.5 | W66: =V66 -> 1.5
A67: 40004 | B67: 王蜥猎手 | C67: =LEFT(A67,1) -> 4 | D67: 8 | E67: 1 | F67: yeshou02_lv3 | G67: yeshou02_lv3 | H67: 1200 | I67: =IF(E67<=2,1500,0) -> 1500 | J67: 250 | K67: 20 | L67: 2000 | M67: 15 | N67: 8 | O67: 6 | P67: 5 | Q67: 15 | R67: 0.5 | S67: 0 | T67: 120 | U67: =_xlfn.IFS(C67="1",2,C67="2",5,C67="3",10,C67="4",20,TRUE,0) -> 20 | V67: 1 | W67: =V67 -> 1
A68: 90001 | B68: 矿石宝箱 | C68: =LEFT(A68,1) -> 9 | D68: 0 | E68: 0 | F68: baoxiang | G68: baoxiang | H68: 0 | I68: 500 | J68: 0 | K68: 0 | L68: 0 | M68: 0 | N68: 0 | O68: 0 | P68: 0 | Q68: 0 | R68: 0 | S68: 0 | T68: 0 | U68: =_xlfn.IFS(C68="1",2,C68="2",5,C68="3",10,C68="4",20,TRUE,0) -> 0 | V68: 1 | W68: =V68 -> 1
A69: 90002 | B69: 技能道具 | C69: =LEFT(A69,1) -> 9 | D69: 0 | E69: 0 | F69: juanzhou | G69: juanzhou | H69: 0 | I69: 500 | J69: 0 | K69: 0 | L69: 0 | M69: 0 | N69: 0 | O69: 0 | P69: 0 | Q69: 0 | R69: 0 | S69: 0 | T69: 0 | U69: =_xlfn.IFS(C69="1",2,C69="2",5,C69="3",10,C69="4",20,TRUE,0) -> 0 | V69: 1 | W69: =V69 -> 1
A70: 90003 | B70: 英雄经验 | C70: =LEFT(A70,1) -> 9 | D70: 0 | E70: 0 | F70: jingyanshu | G70: jingyan | H70: 0 | I70: 500 | J70: 0 | K70: 0 | L70: 0 | M70: 0 | N70: 0 | O70: 0 | P70: 0 | Q70: 0 | R70: 0 | S70: 0 | T70: 0 | U70: =_xlfn.IFS(C70="1",2,C70="2",5,C70="3",10,C70="4",20,TRUE,0) -> 0 | V70: 1 | W70: =V70 -> 1

Sheet 环形怪物属性
E1: 0.2 | F1: 3 | G1: 300 | H1: 0.15 | I1: 1.5 | J1: 10 | K1: 0.1 | L1: 0.5 | M1: 3 | N1: =H1 -> 0.15 | O1: =I1 -> 1.5 | P1: =J1 -> 10 | Q1: 0.1 | R1: 0.5 | S1: 3
A2: id | B2: Name | C2: type | D2: Career | E2: AttackType | F2: Hp | G2: Hp | I2: Atk | L2: Def | O2: Ap | R2: Mdef
A3: int | B3: string | C3: int | D3: int | E3: int | F3: float | G3: float | I3: float | L3: float | O3: float | R3: float
A4: 怪物ID | B4: 名称 | C4: 类型 | D4: 初始职业 | E4: 攻击倾向 | F4: 生命 | G4: 原本生命 | H4: 攻击 | I4: 原本攻击 | K4: 防御 | L4: 原本防御 | N4: 魔力 | O4: 原本魔力 | Q4: 魔防 | R4: 原本魔防
A5: 10001 | B5: 史莱黄 | C5: =LEFT(A5,1) -> 1 | D5: 7 | E5: 1 | F5: =INT(G5*$F$1+(C5*$E$1*G5)+$G$1) -> 415 | G5: 36 | H5: =INT(I5*$I$1+(C5*$H$1*I5)+$J$1) -> 36 | I5: 16 | K5: =INT(L5*$L$1+(C5*$K$1*L5)+$M$1) -> 4 | L5: 3 | N5: =INT(O5*$O$1+(C5*$N$1*O5)+$P$1) -> 23 | O5: 8 | Q5: =INT(R5*$R$1+(C5*$Q$1*R5)+$S$1) -> 4 | R5: =L5 -> 3
A6: 10002 | B6: 史莱红 | C6: =LEFT(A6,1) -> 1 | D6: 7 | E6: 1 | F6: =INT(G6*$F$1+(C6*$E$1*G6)+$G$1) -> 419 | G6: 37.2 | H6: =INT(I6*$I$1+(C6*$H$1*I6)+$J$1) -> 36 | I6: 16 | K6: =INT(L6*$L$1+(C6*$K$1*L6)+$M$1) -> 4 | L6: 3 | N6: =INT(O6*$O$1+(C6*$N$1*O6)+$P$1) -> 23 | O6: 8 | Q6: =INT(R6*$R$1+(C6*$Q$1*R6)+$S$1) -> 4 | R6: =L6 -> 3
A7: 10003 | B7: 史莱黑 | C7: =LEFT(A7,1) -> 1 | D7: 7 | E7: 1 | F7: =INT(G7*$F$1+(C7*$E$1*G7)+$G$1) -> 422 | G7: 38.4 | H7: =INT(I7*$I$1+(C7*$H$1*I7)+$J$1) -> 26 | I7: 10 | K7: =INT(L7*$L$1+(C7*$K$1*L7)+$M$1) -> 4 | L7: 3 | N7: =INT(O7*$O$1+(C7*$N$1*O7)+$P$1) -> 28 | O7: 11 | Q7: =INT(R7*$R$1+(C7*$Q$1*R7)+$S$1) -> 4 | R7: =L7 -> 3
A8: 10004 | B8: 小哥布林 | C8: =LEFT(A8,1) -> 1 | D8: 7 | E8: 1 | F8: =INT(G8*$F$1+(C8*$E$1*G8)+$G$1) -> 426 | G8: 39.6 | H8: =INT(I8*$I$1+(C8*$H$1*I8)+$J$1) -> 38 | I8: 17 | K8: =INT(L8*$L$1+(C8*$K$1*L8)+$M$1) -> 5 | L8: 4 | N8: =INT(O8*$O$1+(C8*$N$1*O8)+$P$1) -> 24 | O8: 9 | Q8: =INT(R8*$R$1+(C8*$Q$1*R8)+$S$1) -> 5 | R8: =L8 -> 4
A9: 10005 | B9: 大哥布林 | C9: =LEFT(A9,1) -> 1 | D9: 7 | E9: 1 | F9: =INT(G9*$F$1+(C9*$E$1*G9)+$G$1) -> 430 | G9: 40.8 | H9: =INT(I9*$I$1+(C9*$H$1*I9)+$J$1) -> 39 | I9: 18 | K9: =INT(L9*$L$1+(C9*$K$1*L9)+$M$1) -> 5 | L9: 4 | N9: =INT(O9*$O$1+(C9*$N$1*O9)+$P$1) -> 24 | O9: 9 | Q9: =INT(R9*$R$1+(C9*$Q$1*R9)+$S$1) -> 5 | R9: =L9 -> 4
A10: 10006 | B10: 哥布林战士 | C10: =LEFT(A10,1) -> 1 | D10: 7 | E10: 1 | F10: =INT(G10*$F$1+(C10*$E$1*G10)+$G$1) -> 434 | G10: 42 | H10: =INT(I10*$I$1+(C10*$H$1*I10)+$J$1) -> 41 | I10: 19 | K10: =INT(L10*$L$1+(C10*$K$1*L10)+$M$1) -> 6 | L10: 5 | N10: =INT(O10*$O$1+(C10*$N$1*O10)+$P$1) -> 26 | O10: 10 | Q10: =INT(R10*$R$1+(C10*$Q$1*R10)+$S$1) -> 6 | R10: =L10 -> 5
A11: 10007 | B11: 哥布林牧师 | C11: =LEFT(A11,1) -> 1 | D11: 6 | E11: 1 | F11: =INT(G11*$F$1+(C11*$E$1*G11)+$G$1) -> 419 | G11: 37.2 | H11: =INT(I11*$I$1+(C11*$H$1*I11)+$J$1) -> 24 | I11: 9 | K11: =INT(L11*$L$1+(C11*$K$1*L11)+$M$1) -> 6 | L11: 5 | N11: =INT(O11*$O$1+(C11*$N$1*O11)+$P$1) -> 39 | O11: 18 | Q11: =INT(R11*$R$1+(C11*$Q$1*R11)+$S$1) -> 6 | R11: =L11 -> 5
A12: 10008 | B12: 哥布林法师 | C12: =LEFT(A12,1) -> 1 | D12: 5 | E12: 1 | F12: =INT(G12*$F$1+(C12*$E$1*G12)+$G$1) -> 422 | G12: 38.4 | H12: =INT(I12*$I$1+(C12*$H$1*I12)+$J$1) -> 26 | I12: 10 | K12: =INT(L12*$L$1+(C12*$K$1*L12)+$M$1) -> 6 | L12: 5 | N12: =INT(O12*$O$1+(C12*$N$1*O12)+$P$1) -> 39 | O12: 18 | Q12: =INT(R12*$R$1+(C12*$Q$1*R12)+$S$1) -> 6 | R12: =L12 -> 5
A13: 10009 | B13: 哥布林射手 | C13: =LEFT(A13,1) -> 1 | D13: 3 | E13: 1 | F13: =INT(G13*$F$1+(C13*$E$1*G13)+$G$1) -> 426 | G13: 39.6 | H13: =INT(I13*$I$1+(C13*$H$1*I13)+$J$1) -> 38 | I13: 17 | K13: =INT(L13*$L$1+(C13*$K$1*L13)+$M$1) -> 6 | L13: 6 | N13: =INT(O13*$O$1+(C13*$N$1*O13)+$P$1) -> 28 | O13: 11 | Q13: =INT(R13*$R$1+(C13*$Q$1*R13)+$S$1) -> 6 | R13: =L13 -> 6
A14: 10010 | B14: 哥布林队长 | C14: =LEFT(A14,1) -> 1 | D14: 1 | E14: 1 | F14: =INT(G14*$F$1+(C14*$E$1*G14)+$G$1) -> 453 | G14: 48 | H14: =INT(I14*$I$1+(C14*$H$1*I14)+$J$1) -> 47 | I14: 23 | K14: =INT(L14*$L$1+(C14*$K$1*L14)+$M$1) -> 7 | L14: 7 | N14: =INT(O14*$O$1+(C14*$N$1*O14)+$P$1) -> 29 | O14: 12 | Q14: =INT(R14*$R$1+(C14*$Q$1*R14)+$S$1) -> 7 | R14: =L14 -> 7
A15: 10011 | B15: 步兵 | C15: =LEFT(A15,1) -> 1 | D15: 1 | E15: 1 | F15: =INT(G15*$F$1+(C15*$E$1*G15)+$G$1) -> 472 | G15: 54 | H15: =INT(I15*$I$1+(C15*$H$1*I15)+$J$1) -> 51 | I15: 25 | K15: =INT(L15*$L$1+(C15*$K$1*L15)+$M$1) -> 9 | L15: 10 | N15: =INT(O15*$O$1+(C15*$N$1*O15)+$P$1) -> 26 | O15: 10 | Q15: =INT(R15*$R$1+(C15*$Q$1*R15)+$S$1) -> 4 | R15: 3
A16: 10012 | B16: 枪兵 | C16: =LEFT(A16,1) -> 1 | D16: 1 | E16: 1 | F16: =INT(G16*$F$1+(C16*$E$1*G16)+$G$1) -> 492 | G16: 60 | H16: =INT(I16*$I$1+(C16*$H$1*I16)+$J$1) -> 44 | I16: 21 | K16: =INT(L16*$L$1+(C16*$K$1*L16)+$M$1) -> 9 | L16: 11 | N16: =INT(O16*$O$1+(C16*$N$1*O16)+$P$1) -> 26 | O16: 10 | Q16: =INT(R16*$R$1+(C16*$Q$1*R16)+$S$1) -> 5 | R16: 4
A17: 10013 | B17: 骑兵 | C17: =LEFT(A17,1) -> 1 | D17: 2 | E17: 1 | F17: =INT(G17*$F$1+(C17*$E$1*G17)+$G$1) -> 480 | G17: 56.4 | H17: =INT(I17*$I$1+(C17*$H$1*I17)+$J$1) -> 51 | I17: 25 | K17: =INT(L17*$L$1+(C17*$K$1*L17)+$M$1) -> 8 | L17: 9 | N17: =INT(O17*$O$1+(C17*$N$1*O17)+$P$1) -> 24 | O17: 9 | Q17: =INT(R17*$R$1+(C17*$Q$1*R17)+$S$1) -> 5 | R17: 4
A18: 10014 | B18: 木精灵 | C18: =LEFT(A18,1) -> 1 | D18: 3 | E18: 1 | F18: =INT(G18*$F$1+(C18*$E$1*G18)+$G$1) -> 434 | G18: 42 | H18: =INT(I18*$I$1+(C18*$H$1*I18)+$J$1) -> 41 | I18: 19 | K18: =INT(L18*$L$1+(C18*$K$1*L18)+$M$1) -> 7 | L18: 8 | N18: =INT(O18*$O$1+(C18*$N$1*O18)+$P$1) -> 28 | O18: 11 | Q18: =INT(R18*$R$1+(C18*$Q$1*R18)+$S$1) -> 6 | R18: 6
A19: 10015 | B19: 飞鹰骑士 | C19: =LEFT(A19,1) -> 1 | D19: 4 | E19: 1 | F19: =INT(G19*$F$1+(C19*$E$1*G19)+$G$1) -> 480 | G19: 56.4 | H19: =INT(I19*$I$1+(C19*$H$1*I19)+$J$1) -> 49 | I19: 24 | K19: =INT(L19*$L$1+(C19*$K$1*L19)+$M$1) -> 9 | L19: 10 | N19: =INT(O19*$O$1+(C19*$N$1*O19)+$P$1) -> 31 | O19: 13 | Q19: =INT(R19*$R$1+(C19*$Q$1*R19)+$S$1) -> 6 | R19: 6
A20: 10016 | B20: 法师学徒 | C20: =LEFT(A20,1) -> 1 | D20: 5 | E20: 1 | F20: =INT(G20*$F$1+(C20*$E$1*G20)+$G$1) -> 434 | G20: 42 | H20: =INT(I20*$I$1+(C20*$H$1*I20)+$J$1) -> 26 | I20: 10 | K20: =INT(L20*$L$1+(C20*$K$1*L20)+$M$1) -> 7 | L20: 8 | N20: =INT(O20*$O$1+(C20*$N$1*O20)+$P$1) -> 43 | O20: 20 | Q20: =INT(R20*$R$1+(C20*$Q$1*R20)+$S$1) -> 6 | R20: 5
A21: 10017 | B21: 僧侣 | C21: =LEFT(A21,1) -> 1 | D21: 6 | E21: 1 | F21: =INT(G21*$F$1+(C21*$E$1*G21)+$G$1) -> 438 | G21: 43.2 | H21: =INT(I21*$I$1+(C21*$H$1*I21)+$J$1) -> 26 | I21: 10 | K21: =INT(L21*$L$1+(C21*$K$1*L21)+$M$1) -> 10 | L21: 12 | N21: =INT(O21*$O$1+(C21*$N$1*O21)+$P$1) -> 39 | O21: 18 | Q21: =INT(R21*$R$1+(C21*$Q$1*R21)+$S$1) -> 9 | R21: 10
A22: 10018 | B22: 骷髅兵 | C22: =LEFT(A22,1) -> 1 | D22: 7 | E22: 1 | F22: =INT(G22*$F$1+(C22*$E$1*G22)+$G$1) -> 484 | G22: 57.6 | H22: =INT(I22*$I$1+(C22*$H$1*I22)+$J$1) -> 43 | I22: 20 | K22: =INT(L22*$L$1+(C22*$K$1*L22)+$M$1) -> 9 | L22: 10 | N22: =INT(O22*$O$1+(C22*$N$1*O22)+$P$1) -> 26 | O22: 10 | Q22: =INT(R22*$R$1+(C22*$Q$1*R22)+$S$1) -> 6 | R22: 5
A23: 10019 | B23: 狼战士 | C23: =LEFT(A23,1) -> 1 | D23: 8 | E23: 1 | F23: =INT(G23*$F$1+(C23*$E$1*G23)+$G$1) -> 461 | G23: 50.4 | H23: =INT(I23*$I$1+(C23*$H$1*I23)+$J$1) -> 52 | I23: 26 | K23: =INT(L23*$L$1+(C23*$K$1*L23)+$M$1) -> 8 | L23: 9 | N23: =INT(O23*$O$1+(C23*$N$1*O23)+$P$1) -> 26 | O23: 10 | Q23: =INT(R23*$R$1+(C23*$Q$1*R23)+$S$1) -> 6 | R23: 5
A24: 10020 | B24: 骷髅兵 | C24: =LEFT(A24,1) -> 1 | D24: 7 | E24: 1 | F24: =INT(G24*$F$1+(C24*$E$1*G24)+$G$1) -> 434 | G24: 42 | H24: =INT(I24*$I$1+(C24*$H$1*I24)+$J$1) -> 43 | I24: 20 | K24: =INT(L24*$L$1+(C24*$K$1*L24)+$M$1) -> 8 | L24: 9 | N24: =INT(O24*$O$1+(C24*$N$1*O24)+$P$1) -> 26 | O24: 10 | Q24: =INT(R24*$R$1+(C24*$Q$1*R24)+$S$1) -> 6 | R24: 5
A25: 10021 | B25: 骷髅卫士 | C25: =LEFT(A25,1) -> 1 | D25: 7 | E25: 1 | F25: =INT(G25*$F$1+(C25*$E$1*G25)+$G$1) -> 438 | G25: 43.2 | H25: =INT(I25*$I$1+(C25*$H$1*I25)+$J$1) -> 39 | I25: 18 | K25: =INT(L25*$L$1+(C25*$K$1*L25)+$M$1) -> 9 | L25: 11 | N25: =INT(O25*$O$1+(C25*$N$1*O25)+$P$1) -> 26 | O25: 10 | Q25: =INT(R25*$R$1+(C25*$Q$1*R25)+$S$1) -> 6 | R25: 5
A26: 10022 | B26: 骷髅射手 | C26: =LEFT(A26,1) -> 1 | D26: 7 | E26: 1 | F26: =INT(G26*$F$1+(C26*$E$1*G26)+$G$1) -> 399 | G26: 31.2 | H26: =INT(I26*$I$1+(C26*$H$1*I26)+$J$1) -> 44 | I26: 21 | K26: =INT(L26*$L$1+(C26*$K$1*L26)+$M$1) -> 8 | L26: 9 | N26: =INT(O26*$O$1+(C26*$N$1*O26)+$P$1) -> 26 | O26: 10 | Q26: =INT(R26*$R$1+(C26*$Q$1*R26)+$S$1) -> 6 | R26: 5
... A114: 30040 | B114: 炎石巨人 | C114: =LEFT(A114,1) -> 3 | D114: 1 | E114: 1 | F114: =INT(G114*$F$1+(C114*$E$1*G114)+$G$1) -> 2262 | G114: 545 | H114: =INT(I114*$I$1+(C114*$H$1*I114)+$J$1) -> 58 | I114: 24.8 | K114: =INT(L114*$L$1+(C114*$K$1*L114)+$M$1) -> 18 | L114: 19.8 | N114: =INT(O114*$O$1+(C114*$N$1*O114)+$P$1) -> 29 | O114: 10 | Q114: =INT(R114*$R$1+(C114*$Q$1*R114)+$S$1) -> 15 | R114: 15
A115: 40001 | B115: 皇室近卫 | C115: 4 | D115: 1 | E115: 1 | F115: =INT(G115*$F$1+(C115*$E$1*G115)+$G$1) -> 4062 | G115: 990 | H115: =INT(I115*$I$1+(C115*$H$1*I115)+$J$1) -> 64 | I115: 25.9 | K115: =INT(L115*$L$1+(C115*$K$1*L115)+$M$1) -> 19 | L115: 18.6 | N115: =INT(O115*$O$1+(C115*$N$1*O115)+$P$1) -> 31 | O115: 10 | Q115: =INT(R115*$R$1+(C115*$Q$1*R115)+$S$1) -> 13 | R115: 12
A116: 40002 | B116: 刀锋战士 | C116: 4 | D116: 1 | E116: 1 | F116: =INT(G116*$F$1+(C116*$E$1*G116)+$G$1) -> 3796 | G116: 920 | H116: =INT(I116*$I$1+(C116*$H$1*I116)+$J$1) -> 66 | I116: 27 | K116: =INT(L116*$L$1+(C116*$K$1*L116)+$M$1) -> 18 | L116: 17.4 | N116: =INT(O116*$O$1+(C116*$N$1*O116)+$P$1) -> 28 | O116: 9 | Q116: =INT(R116*$R$1+(C116*$Q$1*R116)+$S$1) -> 12 | R116: 11
A117: 40003 | B117: 格斗专家 | C117: 4 | D117: 1 | E117: 1 | F117: =INT(G117*$F$1+(C117*$E$1*G117)+$G$1) -> 4062 | G117: 990 | H117: =INT(I117*$I$1+(C117*$H$1*I117)+$J$1) -> 62 | I117: 24.8 | K117: =INT(L117*$L$1+(C117*$K$1*L117)+$M$1) -> 18 | L117: 17.4 | N117: =INT(O117*$O$1+(C117*$N$1*O117)+$P$1) -> 28 | O117: 9 | Q117: =INT(R117*$R$1+(C117*$Q$1*R117)+$S$1) -> 12 | R117: 11
A118: 40004 | B118: 将军 | C118: 4 | D118: 1 | E118: 1 | F118: =INT(G118*$F$1+(C118*$E$1*G118)+$G$1) -> 4328 | G118: 1060 | H118: =INT(I118*$I$1+(C118*$H$1*I118)+$J$1) -> 57 | I118: 22.6 | K118: =INT(L118*$L$1+(C118*$K$1*L118)+$M$1) -> 21 | L118: 21 | N118: =INT(O118*$O$1+(C118*$N$1*O118)+$P$1) -> 26 | O118: 8 | Q118: =INT(R118*$R$1+(C118*$Q$1*R118)+$S$1) -> 12 | R118: 10
A119: 40005 | B119: 皇家骑士 | C119: 4 | D119: 2 | E119: 1 | F119: =INT(G119*$F$1+(C119*$E$1*G119)+$G$1) -> 4328 | G119: 1060 | H119: =INT(I119*$I$1+(C119*$H$1*I119)+$J$1) -> 64 | I119: 25.9 | K119: =INT(L119*$L$1+(C119*$K$1*L119)+$M$1) -> 19 | L119: 18.6 | N119: =INT(O119*$O$1+(C119*$N$1*O119)+$P$1) -> 28 | O119: 9 | Q119: =INT(R119*$R$1+(C119*$Q$1*R119)+$S$1) -> 14 | R119: 13
A120: 40006 | B120: 黑暗骑士 | C120: 4 | D120: 2 | E120: 1 | F120: =INT(G120*$F$1+(C120*$E$1*G120)+$G$1) -> 3796 | G120: 920 | H120: =INT(I120*$I$1+(C120*$H$1*I120)+$J$1) -> 66 | I120: 27 | K120: =INT(L120*$L$1+(C120*$K$1*L120)+$M$1) -> 18 | L120: 17.4 | N120: =INT(O120*$O$1+(C120*$N$1*O120)+$P$1) -> 28 | O120: 9 | Q120: =INT(R120*$R$1+(C120*$Q$1*R120)+$S$1) -> 13 | R120: 12
A121: 40007 | B121: 守护骑士 | C121: 4 | D121: 2 | E121: 1 | F121: =INT(G121*$F$1+(C121*$E$1*G121)+$G$1) -> 4062 | G121: 990 | H121: =INT(I121*$I$1+(C121*$H$1*I121)+$J$1) -> 62 | I121: 24.8 | K121: =INT(L121*$L$1+(C121*$K$1*L121)+$M$1) -> 20 | L121: 19.8 | N121: =INT(O121*$O$1+(C121*$N$1*O121)+$P$1) -> 31 | O121: 10 | Q121: =INT(R121*$R$1+(C121*$Q$1*R121)+$S$1) -> 13 | R121: 12
A122: 40008 | B122: 幻影射手 | C122: 4 | D122: 3 | E122: 1 | F122: =INT(G122*$F$1+(C122*$E$1*G122)+$G$1) -> 3264 | G122: 780 | H122: =INT(I122*$I$1+(C122*$H$1*I122)+$J$1) -> 52 | I122: 20.4 | K122: =INT(L122*$L$1+(C122*$K$1*L122)+$M$1) -> 18 | L122: 17.4 | N122: =INT(O122*$O$1+(C122*$N$1*O122)+$P$1) -> 28 | O122: 9 | Q122: =INT(R122*$R$1+(C122*$Q$1*R122)+$S$1) -> 13 | R122: 12
A123: 40009 | B123: 巡游射手 | C123: 4 | D123: 3 | E123: 1 | F123: =INT(G123*$F$1+(C123*$E$1*G123)+$G$1) -> 3530 | G123: 850 | H123: =INT(I123*$I$1+(C123*$H$1*I123)+$J$1) -> 55 | I123: 21.5 | K123: =INT(L123*$L$1+(C123*$K$1*L123)+$M$1) -> 18 | L123: 17.4 | N123: =INT(O123*$O$1+(C123*$N$1*O123)+$P$1) -> 28 | O123: 9 | Q123: =INT(R123*$R$1+(C123*$Q$1*R123)+$S$1) -> 13 | R123: 12
A124: 40010 | B124: 影 | C124: 4 | D124: 3 | E124: 1 | F124: =INT(G124*$F$1+(C124*$E$1*G124)+$G$1) -> 2998 | G124: 710 | H124: =INT(I124*$I$1+(C124*$H$1*I124)+$J$1) -> 57 | I124: 22.6 | K124: =INT(L124*$L$1+(C124*$K$1*L124)+$M$1) -> 18 | L124: 17.4 | N124: =INT(O124*$O$1+(C124*$N$1*O124)+$P$1) -> 28 | O124: 9 | Q124: =INT(R124*$R$1+(C124*$Q$1*R124)+$S$1) -> 13 | R124: 12
A125: 40011 | B125: 圣天马骑士 | C125: 4 | D125: 4 | E125: 1 | F125: =INT(G125*$F$1+(C125*$E$1*G125)+$G$1) -> 3796 | G125: 920 | H125: =INT(I125*$I$1+(C125*$H$1*I125)+$J$1) -> 64 | I125: 25.9 | K125: =INT(L125*$L$1+(C125*$K$1*L125)+$M$1) -> 19 | L125: 18.6 | N125: =INT(O125*$O$1+(C125*$N$1*O125)+$P$1) -> 33 | O125: 11 | Q125: =INT(R125*$R$1+(C125*$Q$1*R125)+$S$1) -> 16 | R125: 15
A126: 40012 | B126: 飞龙骑士 | C126: 4 | D126: 4 | E126: 1 | F126: =INT(G126*$F$1+(C126*$E$1*G126)+$G$1) -> 4328 | G126: 1060 | H126: =INT(I126*$I$1+(C126*$H$1*I126)+$J$1) -> 66 | I126: 27 | K126: =INT(L126*$L$1+(C126*$K$1*L126)+$M$1) -> 19 | L126: 18.6 | N126: =INT(O126*$O$1+(C126*$N$1*O126)+$P$1) -> 28 | O126: 9 | Q126: =INT(R126*$R$1+(C126*$Q$1*R126)+$S$1) -> 12 | R126: 11
... A146: 42003 | B146: 牛头人战士 | C146: 4 | D146: 1 | E146: 1 | F146: =INT(G146*$F$1+(C146*$E$1*G146)+$G$1) -> 2998 | G146: 710 | H146: =INT(I146*$I$1+(C146*$H$1*I146)+$J$1) -> 57 | I146: 22.6 | K146: =INT(L146*$L$1+(C146*$K$1*L146)+$M$1) -> 18 | L146: 17.4 | N146: =INT(O146*$O$1+(C146*$N$1*O146)+$P$1) -> 28 | O146: 9 | Q146: =INT(R146*$R$1+(C146*$Q$1*R146)+$S$1) -> 12 | R146: 10
