Workbook

Sheet SoldierAdd
A1: ID | B1: ID1 | C1: Type | D1: Type1 | E1: Type2 | F1: AddID | G1: Name | H1: Icon | I1: Show | J1: Lv | K1: Nextid | L1: Cost | M1: Unlock | N1: Effcet | O1: zuobiao | P1: Text
A2: int | B2: int | C2: int | D2: int | E2: int | F2: int | G2: string | H2: string | I2: string | J2: int | K2: int | L2: string | M2: string | N2: string | O2: int | P2: string
A3: 主键ID | B3: 科技ID | C3: 类型 | D3: 科技类型 | E3: 兵种和科技 | F3: 科技阶段 | G3: 科技名称 | H3: 科技图标 | I3: 士兵缩放 | J3: 科技等级 | K3: 下级等级 | L3: 升级消耗 | M3: 科技解锁 | N3: 效果 | O3: 位置坐标 | P3: 描述
A4: 10000 | B4: 10000 | C4: 1 | D4: 10001 | E4: 1 | F4: 1 | G4: 初级生命 | H4: icon_01 | I4: 0 | J4: 0 | K4: 10001 | L4: 12:5000|10101:1|10119:1|10122:1 | M4: 0 | N4: 101:0 | O4: 1 | P4: 所有步兵生命增加0
A5: 10001 | B5: 10000 | C5: 1 | D5: 10001 | E5: 1 | F5: 1 | G5: 初级生命 | H5: icon_01 | I5: 0 | J5: 1 | K5: 10002 | L5: 12:6000|10101:2|10119:2|10122:2 | M5: 0 | N5: 101:30 | O5: 1 | P5: 所有步兵生命增加30
A6: 10002 | B6: 10000 | C6: 1 | D6: 10001 | E6: 1 | F6: 1 | G6: 初级生命 | H6: icon_01 | I6: 0 | J6: 2 | K6: 10003 | L6: 12:8000|10101:3|10119:3|10122:3 | M6: 0 | N6: 101:30 | O6: 1 | P6: 所有步兵生命增加60
A7: 10003 | B7: 10000 | C7: 1 | D7: 10001 | E7: 1 | F7: 1 | G7: 初级生命 | H7: icon_01 | I7: 0 | J7: 3 | K7: 10004 | L7: 12:10000|10101:4|10119:4|10122:4 | M7: 0 | N7: 101:30 | O7: 1 | P7: 所有步兵生命增加90
A8: 10004 | B8: 10000 | C8: 1 | D8: 10001 | E8: 1 | F8: 1 | G8: 初级生命 | H8: icon_01 | I8: 0 | J8: 4 | K8: 10005 | L8: 12:13000|10101:5|10119:5|10122:5 | M8: 0 | N8: 101:30 | O8: 1 | P8: 所有步兵生命增加120
A9: 10005 | B9: 10000 | C9: 1 | D9: 10001 | E9: 1 | F9: 1 | G9: 初级生命 | H9: icon_01 | I9: 0 | J9: 5 | K9: 0 | L9: 0 | M9: 0 | N9: 101:30 | O9: 1 | P9: 所有步兵生命增加150
A10: 10100 | B10: 10100 | C10: 1 | D10: 10001 | E10: 1 | F10: 1 | G10: 初级防御 | H10: icon_02 | I10: 0 | J10: 0 | K10: 10101 | L10: 12:5000|10101:1|10119:1|10122:1 | M10: 1:10000:1 | N10: 103:0 | O10: 2 | P10: 所有步兵防御增加0
A11: 10101 | B11: 10100 | C11: 1 | D11: 10001 | E11: 1 | F11: 1 | G11: 初级防御 | H11: icon_02 | I11: 0 | J11: 1 | K11: 10102 | L11: 12:6000|10101:2|10119:2|10122:2 | M11: 1:10000:1 | N11: 103:6 | O11: 2 | P11: 所有步兵防御增加6
A12: 10102 | B12: 10100 | C12: 1 | D12: 10001 | E12: 1 | F12: 1 | G12: 初级防御 | H12: icon_02 | I12: 0 | J12: 2 | K12: 10103 | L12: 12:8000|10101:3|10119:3|10122:3 | M12: 1:10000:1 | N12: 103:6 | O12: 2 | P12: 所有步兵防御增加12
... A2433: 62920 | B2433: 62900 | C2433: 6 | D2433: 60003 | E2433: 2 | F2433: 3 | G2433: 死灵法师训练 | H2433: moshou03_Lv3 | I2433: 1.5 | J2433: 20 | K2433: 0 | L2433: 0 | M2433: 0 | N2433: 1022:1 | O2433: 10 | P2433: 死灵法师全属性提升20%

Sheet 链接表
A1: ID | B1: ID1 | C1: Type | D1: Type1 | E1: Type2 | F1: AddID | G1: Name | H1: Icon | I1: Show | J1: Lv | K1: Nextid | L1: Cost | M1: Unlock | N1: Effcet | O1: zuobiao | P1: Text | Q1: 增加 | R1: 所有步兵 | S1: 所有飞兵
A2: int | B2: int | C2: int | D2: int | E2: int | F2: int | G2: string | H2: string | I2: string | J2: int | K2: int | L2: string | M2: string | N2: string | O2: int | P2: string | R2: 所有骑兵 | S2: 所有牧师和法师 | W2: :
A3: 主键ID | B3: 科技ID | C3: 类型 | D3: 科技 | E3: 兵种和科技 | F3: 科技阶段 | G3: 科技名称 | H3: 科技图标 | I3: 士兵缩放 | J3: 科技等级 | K3: 下级等级 | L3: 升级消耗 | M3: 科技解锁 | N3: 效果 | O3: 位置坐标 | P3: 描述 | R3: 所有弓兵 | S3: 所有魔物和野兽 | V3: 属性名称 | W3: 属性id
A4: 10000 | B4: =ROUND(A4,-2) -> 10000 | C4: =LEFT(A4,1) -> 1 | D4: =$A$4+F4 -> 10001 | E4: 1 | F4: =MID(B4,2,1)+1 -> 1 | G4: 初级生命 | H4: icon_01 | I4: 0 | J4: 0 | K4: =A5 -> 10001 | L4: 12:5000|10101:1|10119:1|10122:1 | M4: 0 | N4: =W4&$W$2&X4 -> 101:1 | O4: =MID(A4,3,1)+1 -> 1 | P4: =$R$1&R4&$Q$1&T4 -> 所有步兵生命增加0 | R4: 生命 | T4: =加成属性!L5 -> 0 | U4: =MID(P4,3,2) -> 步兵 | V4: 步兵生命 | W4: =属性类型!G4 -> 101 | X4: 1
A5: =A4+1 -> 10001 | B5: =ROUND(A5,-2) -> 10000 | C5: =LEFT(A5,1) -> 1 | D5: =$A$4+F5 -> 10001 | E5: 1 | F5: =MID(B5,2,1)+1 -> 1 | G5: =G4 -> 初级生命 | H5: =H4 -> icon_01 | I5: 0 | J5: 1 | K5: =A6 -> 10002 | L5: 12:6000|10101:2|10119:2|10122:2 | M5: =M4 -> 0 | N5: =W5&$W$2&X5 -> 101:1 | O5: =MID(A5,3,1)+1 -> 1 | P5: =$R$1&R5&$Q$1&T5 -> 所有步兵生命增加0 | R5: =R4 -> 生命 | T5: =加成属性!L6 -> 0 | U5: =MID(P5,3,2) -> 步兵 | V5: 步兵生命 | W5: =属性类型!G5 -> 101 | X5: 1
A6: =A5+1 -> 10002 | B6: =ROUND(A6,-2) -> 10000 | C6: =LEFT(A6,1) -> 1 | D6: =$A$4+F6 -> 10001 | E6: 1 | F6: =MID(B6,2,1)+1 -> 1 | G6: =G5 -> 初级生命 | H6: =H5 -> icon_01 | I6: 0 | J6: 2 | K6: =A7 -> 10003 | L6: 12:8000|10101:3|10119:3|10122:3 | M6: =M5 -> 0 | N6: =W6&$W$2&X6 -> 101:1 | O6: =MID(A6,3,1)+1 -> 1 | P6: =$R$1&R6&$Q$1&T6 -> 所有步兵生命增加0 | R6: =R5 -> 生命 | T6: =加成属性!L7 -> 0 | U6: =MID(P6,3,2) -> 步兵 | V6: 步兵生命 | W6: =属性类型!G6 -> 101 | X6: 1
A7: =A6+1 -> 10003 | B7: =ROUND(A7,-2) -> 10000 | C7: =LEFT(A7,1) -> 1 | D7: =$A$4+F7 -> 10001 | E7: 1 | F7: =MID(B7,2,1)+1 -> 1 | G7: =G6 -> 初级生命 | H7: =H6 -> icon_01 | I7: 0 | J7: 3 | K7: =A8 -> 10004 | L7: 12:10000|10101:4|10119:4|10122:4 | M7: =M6 -> 0 | N7: =W7&$W$2&X7 -> 101:1 | O7: =MID(A7,3,1)+1 -> 1 | P7: =$R$1&R7&$Q$1&T7 -> 所有步兵生命增加0 | R7: =R6 -> 生命 | T7: =加成属性!L8 -> 0 | U7: =MID(P7,3,2) -> 步兵 | V7: 步兵生命 | W7: =属性类型!G7 -> 101 | X7: 1
A8: =A7+1 -> 10004 | B8: =ROUND(A8,-2) -> 10000 | C8: =LEFT(A8,1) -> 1 | D8: =$A$4+F8 -> 10001 | E8: 1 | F8: =MID(B8,2,1)+1 -> 1 | G8: =G7 -> 初级生命 | H8: =H7 -> icon_01 | I8: 0 | J8: 4 | K8: =A9 -> 10005 | L8: 12:13000|10101:5|10119:5|10122:5 | M8: =M7 -> 0 | N8: =W8&$W$2&X8 -> 101:1 | O8: =MID(A8,3,1)+1 -> 1 | P8: =$R$1&R8&$Q$1&T8 -> 所有步兵生命增加0 | R8: =R7 -> 生命 | T8: =加成属性!L9 -> 0 | U8: =MID(P8,3,2) -> 步兵 | V8: 步兵生命 | W8: =属性类型!G8 -> 101 | X8: 1
A9: =A8+1 -> 10005 | B9: =ROUND(A9,-2) -> 10000 | C9: =LEFT(A9,1) -> 1 | D9: =$A$4+F9 -> 10001 | E9: 1 | F9: =MID(B9,2,1)+1 -> 1 | G9: =G8 -> 初级生命 | H9: =H8 -> icon_01 | I9: 0 | J9: 5 | K9: 0 | L9: 0 | M9: =M8 -> 0 | N9: =W9&$W$2&X9 -> 101:1 | O9: =MID(A9,3,1)+1 -> 1 | P9: =$R$1&R9&$Q$1&T9 -> 所有步兵生命增加 | R9: =R8 -> 生命 | U9: =MID(P9,3,2) -> 步兵 | V9: 步兵生命 | W9: =属性类型!G9 -> 101 | X9: 1
A10: =A4+100 -> 10100 | B10: =ROUND(A10,-2) -> 10100 | C10: =LEFT(A10,1) -> 1 | D10: =$A$4+F10 -> 10001 | E10: 1 | F10: =MID(B10,2,1)+1 -> 1 | G10: 初级防御 | H10: icon_02 | I10: 0 | J10: 0 | K10: =A11 -> 10101 | L10: 12:5000|10101:1|10119:1|10122:1 | M10: 1:10000:1 | N10: =W10&$W$2&X10 -> 103:1 | O10: =MID(A10,3,1)+1 -> 2 | P10: =$R$1&R10&$Q$1&T10 -> 所有步兵防御增加:1 | R10: 防御 | T10: =RIGHT(N10,2) -> :1 | U10: =MID(P10,3,2) -> 步兵 | V10: 步兵防御 | W10: =属性类型!G10 -> 103 | X10: 1
A11: =A10+1 -> 10101 | B11: =ROUND(A11,-2) -> 10100 | C11: =LEFT(A11,1) -> 1 | D11: =$A$4+F11 -> 10001 | E11: 1 | F11: =MID(B11,2,1)+1 -> 1 | G11: =G10 -> 初级防御 | H11: =H10 -> icon_02 | I11: 0 | J11: 1 | K11: =A12 -> 10102 | L11: 12:6000|10101:2|10119:2|10122:2 | M11: =M10 -> 1:10000:1 | N11: =W11&$W$2&X11 -> 103:1 | O11: =MID(A11,3,1)+1 -> 2 | P11: =$R$1&R11&$Q$1&T11 -> 所有步兵防御增加:1 | R11: =R10 -> 防御 | T11: =RIGHT(N11,2) -> :1 | U11: =MID(P11,3,2) -> 步兵 | V11: 步兵防御 | W11: =属性类型!G11 -> 103 | X11: 1
A12: =A11+1 -> 10102 | B12: =ROUND(A12,-2) -> 10100 | C12: =LEFT(A12,1) -> 1 | D12: =$A$4+F12 -> 10001 | E12: 1 | F12: =MID(B12,2,1)+1 -> 1 | G12: =G11 -> 初级防御 | H12: =H11 -> icon_02 | I12: 0 | J12: 2 | K12: =A13 -> 10103 | L12: 12:8000|10101:3|10119:3|10122:3 | M12: =M11 -> 1:10000:1 | N12: =W12&$W$2&X12 -> 103:1 | O12: =MID(A12,3,1)+1 -> 2 | P12: =$R$1&R12&$Q$1&T12 -> 所有步兵防御增加:1 | R12: =R11 -> 防御 | T12: =RIGHT(N12,2) -> :1 | U12: =MID(P12,3,2) -> 步兵 | V12: 步兵防御 | W12: =属性类型!G12 -> 103 | X12: 1
A13: =A12+1 -> 10103 | B13: =ROUND(A13,-2) -> 10100 | C13: =LEFT(A13,1) -> 1 | D13: =$A$4+F13 -> 10001 | E13: 1 | F13: =MID(B13,2,1)+1 -> 1 | G13: =G12 -> 初级防御 | H13: =H12 -> icon_02 | I13: 0 | J13: 3 | K13: =A14 -> 10104 | L13: 12:10000|10101:4|10119:4|10122:4 | M13: =M12 -> 1:10000:1 | N13: =W13&$W$2&X13 -> 103:1 | O13: =MID(A13,3,1)+1 -> 2 | P13: =$R$1&R13&$Q$1&T13 -> 所有步兵防御增加:1 | R13: =R12 -> 防御 | T13: =RIGHT(N13,2) -> :1 | U13: =MID(P13,3,2) -> 步兵 | V13: 步兵防御 | W13: =属性类型!G13 -> 103 | X13: 1
A14: =A13+1 -> 10104 | B14: =ROUND(A14,-2) -> 10100 | C14: =LEFT(A14,1) -> 1 | D14: =$A$4+F14 -> 10001 | E14: 1 | F14: =MID(B14,2,1)+1 -> 1 | G14: =G13 -> 初级防御 | H14: =H13 -> icon_02 | I14: 0 | J14: 4 | K14: =A15 -> 10105 | L14: 12:13000|10101:5|10119:5|10122:5 | M14: =M13 -> 1:10000:1 | N14: =W14&$W$2&X14 -> 103:1 | O14: =MID(A14,3,1)+1 -> 2 | P14: =$R$1&R14&$Q$1&T14 -> 所有步兵防御增加:1 | R14: =R13 -> 防御 | T14: =RIGHT(N14,2) -> :1 | U14: =MID(P14,3,2) -> 步兵 | V14: 步兵防御 | W14: =属性类型!G14 -> 103 | X14: 1
A15: =A14+1 -> 10105 | B15: =ROUND(A15,-2) -> 10100 | C15: =LEFT(A15,1) -> 1 | D15: =$A$4+F15 -> 10001 | E15: 1 | F15: =MID(B15,2,1)+1 -> 1 | G15: =G14 -> 初级防御 | H15: =H14 -> icon_02 | I15: 0 | J15: 5 | K15: 0 | L15: 0 | M15: =M14 -> 1:10000:1 | N15: =W15&$W$2&X15 -> 103:1 | O15: =MID(A15,3,1)+1 -> 2 | P15: =$R$1&R15&$Q$1&T15 -> 所有步兵防御增加:1 | R15: =R14 -> 防御 | T15: =RIGHT(N15,2) -> :1 | U15: =MID(P15,3,2) -> 步兵 | V15: 步兵防御 | W15: =属性类型!G15 -> 103 | X15: 1
A16: =A10+100 -> 10200 | B16: =ROUND(A16,-2) -> 10200 | C16: =LEFT(A16,1) -> 1 | D16: =$A$4+F16 -> 10001 | E16: 1 | F16: =MID(B16,2,1)+1 -> 1 | G16: 初级攻击 | H16: icon_03 | I16: 0 | J16: 0 | K16: =A17 -> 10201 | L16: 12:5000|10101:1|10119:1|10122:1 | M16: 1:10000:1 | N16: =W16&$W$2&X16 -> 102:1 | O16: =MID(A16,3,1)+1 -> 3 | P16: =$R$1&R16&$Q$1&T16 -> 所有步兵攻击增加:1 | R16: 攻击 | T16: =RIGHT(N16,2) -> :1 | U16: =MID(P16,3,2) -> 步兵 | V16: 步兵攻击 | W16: =属性类型!G16 -> 102 | X16: 1
A17: =A16+1 -> 10201 | B17: =ROUND(A17,-2) -> 10200 | C17: =LEFT(A17,1) -> 1 | D17: =$A$4+F17 -> 10001 | E17: 1 | F17: =MID(B17,2,1)+1 -> 1 | G17: =G16 -> 初级攻击 | H17: =H16 -> icon_03 | I17: 0 | J17: 1 | K17: =A18 -> 10202 | L17: 12:6000|10101:2|10119:2|10122:2 | M17: =M16 -> 1:10000:1 | N17: =W17&$W$2&X17 -> 102:1 | O17: =MID(A17,3,1)+1 -> 3 | P17: =$R$1&R17&$Q$1&T17 -> 所有步兵攻击增加:1 | R17: =R16 -> 攻击 | T17: =RIGHT(N17,2) -> :1 | U17: =MID(P17,3,2) -> 步兵 | V17: 步兵攻击 | W17: =属性类型!G17 -> 102 | X17: 1
A18: =A17+1 -> 10202 | B18: =ROUND(A18,-2) -> 10200 | C18: =LEFT(A18,1) -> 1 | D18: =$A$4+F18 -> 10001 | E18: 1 | F18: =MID(B18,2,1)+1 -> 1 | G18: =G17 -> 初级攻击 | H18: =H17 -> icon_03 | I18: 0 | J18: 2 | K18: =A19 -> 10203 | L18: 12:8000|10101:3|10119:3|10122:3 | M18: =M17 -> 1:10000:1 | N18: =W18&$W$2&X18 -> 102:1 | O18: =MID(A18,3,1)+1 -> 3 | P18: =$R$1&R18&$Q$1&T18 -> 所有步兵攻击增加:1 | R18: =R17 -> 攻击 | T18: =RIGHT(N18,2) -> :1 | U18: =MID(P18,3,2) -> 步兵 | V18: 步兵攻击 | W18: =属性类型!G18 -> 102 | X18: 1
A19: =A18+1 -> 10203 | B19: =ROUND(A19,-2) -> 10200 | C19: =LEFT(A19,1) -> 1 | D19: =$A$4+F19 -> 10001 | E19: 1 | F19: =MID(B19,2,1)+1 -> 1 | G19: =G18 -> 初级攻击 | H19: =H18 -> icon_03 | I19: 0 | J19: 3 | K19: =A20 -> 10204 | L19: 12:10000|10101:4|10119:4|10122:4 | M19: =M18 -> 1:10000:1 | N19: =W19&$W$2&X19 -> 102:1 | O19: =MID(A19,3,1)+1 -> 3 | P19: =$R$1&R19&$Q$1&T19 -> 所有步兵攻击增加:1 | R19: =R18 -> 攻击 | T19: =RIGHT(N19,2) -> :1 | U19: =MID(P19,3,2) -> 步兵 | V19: 步兵攻击 | W19: =属性类型!G19 -> 102 | X19: 1
A20: =A19+1 -> 10204 | B20: =ROUND(A20,-2) -> 10200 | C20: =LEFT(A20,1) -> 1 | D20: =$A$4+F20 -> 10001 | E20: 1 | F20: =MID(B20,2,1)+1 -> 1 | G20: =G19 -> 初级攻击 | H20: =H19 -> icon_03 | I20: 0 | J20: 4 | K20: =A21 -> 10205 | L20: 12:13000|10101:5|10119:5|10122:5 | M20: =M19 -> 1:10000:1 | N20: =W20&$W$2&X20 -> 102:1 | O20: =MID(A20,3,1)+1 -> 3 | P20: =$R$1&R20&$Q$1&T20 -> 所有步兵攻击增加:1 | R20: =R19 -> 攻击 | T20: =RIGHT(N20,2) -> :1 | U20: =MID(P20,3,2) -> 步兵 | V20: 步兵攻击 | W20: =属性类型!G20 -> 102 | X20: 1
A21: =A20+1 -> 10205 | B21: =ROUND(A21,-2) -> 10200 | C21: =LEFT(A21,1) -> 1 | D21: =$A$4+F21 -> 10001 | E21: 1 | F21: =MID(B21,2,1)+1 -> 1 | G21: =G20 -> 初级攻击 | H21: =H20 -> icon_03 | I21: 0 | J21: 5 | K21: 0 | L21: 0 | M21: =M20 -> 1:10000:1 | N21: =W21&$W$2&X21 -> 102:1 | O21: =MID(A21,3,1)+1 -> 3 | P21: =$R$1&R21&$Q$1&T21 -> 所有步兵攻击增加:1 | R21: =R20 -> 攻击 | T21: =RIGHT(N21,2) -> :1 | U21: =MID(P21,3,2) -> 步兵 | V21: 步兵攻击 | W21: =属性类型!G21 -> 102 | X21: 1
A22: =A16+100 -> 10300 | B22: =ROUND(A22,-2) -> 10300 | C22: =LEFT(A22,1) -> 1 | D22: =$A$4+F22 -> 10001 | E22: 1 | F22: =MID(B22,2,1)+1 -> 1 | G22: 初级魔防 | H22: icon_04 | I22: 0 | J22: 0 | K22: =A23 -> 10301 | L22: 12:5000|10101:1|10119:1|10122:1 | M22: 1:10000:1 | N22: =W22&$W$2&X22 -> 104:1 | O22: =MID(A22,3,1)+1 -> 4 | P22: =$R$1&R22&$Q$1&T22 -> 所有步兵魔防增加:1 | R22: 魔防 | T22: =RIGHT(N22,2) -> :1 | U22: =MID(P22,3,2) -> 步兵 | V22: 步兵魔防 | W22: =属性类型!G22 -> 104 | X22: 1
A23: =A22+1 -> 10301 | B23: =ROUND(A23,-2) -> 10300 | C23: =LEFT(A23,1) -> 1 | D23: =$A$4+F23 -> 10001 | E23: 1 | F23: =MID(B23,2,1)+1 -> 1 | G23: =G22 -> 初级魔防 | H23: =H22 -> icon_04 | I23: 0 | J23: 1 | K23: =A24 -> 10302 | L23: 12:6000|10101:2|10119:2|10122:2 | M23: =M22 -> 1:10000:1 | N23: =W23&$W$2&X23 -> 104:1 | O23: =MID(A23,3,1)+1 -> 4 | P23: =$R$1&R23&$Q$1&T23 -> 所有步兵魔防增加:1 | R23: =R22 -> 魔防 | T23: =RIGHT(N23,2) -> :1 | U23: =MID(P23,3,2) -> 步兵 | V23: 步兵魔防 | W23: =属性类型!G23 -> 104 | X23: 1
A24: =A23+1 -> 10302 | B24: =ROUND(A24,-2) -> 10300 | C24: =LEFT(A24,1) -> 1 | D24: =$A$4+F24 -> 10001 | E24: 1 | F24: =MID(B24,2,1)+1 -> 1 | G24: =G23 -> 初级魔防 | H24: =H23 -> icon_04 | I24: 0 | J24: 2 | K24: =A25 -> 10303 | L24: 12:8000|10101:3|10119:3|10122:3 | M24: =M23 -> 1:10000:1 | N24: =W24&$W$2&X24 -> 104:1 | O24: =MID(A24,3,1)+1 -> 4 | P24: =$R$1&R24&$Q$1&T24 -> 所有步兵魔防增加:1 | R24: =R23 -> 魔防 | T24: =RIGHT(N24,2) -> :1 | U24: =MID(P24,3,2) -> 步兵 | V24: 步兵魔防 | W24: =属性类型!G24 -> 104 | X24: 1
A25: =A24+1 -> 10303 | B25: =ROUND(A25,-2) -> 10300 | C25: =LEFT(A25,1) -> 1 | D25: =$A$4+F25 -> 10001 | E25: 1 | F25: =MID(B25,2,1)+1 -> 1 | G25: =G24 -> 初级魔防 | H25: =H24 -> icon_04 | I25: 0 | J25: 3 | K25: =A26 -> 10304 | L25: 12:10000|10101:4|10119:4|10122:4 | M25: =M24 -> 1:10000:1 | N25: =W25&$W$2&X25 -> 104:1 | O25: =MID(A25,3,1)+1 -> 4 | P25: =$R$1&R25&$Q$1&T25 -> 所有步兵魔防增加:1 | R25: =R24 -> 魔防 | T25: =RIGHT(N25,2) -> :1 | U25: =MID(P25,3,2) -> 步兵 | V25: 步兵魔防 | W25: =属性类型!G25 -> 104 | X25: 1
A26: =A25+1 -> 10304 | B26: =ROUND(A26,-2) -> 10300 | C26: =LEFT(A26,1) -> 1 | D26: =$A$4+F26 -> 10001 | E26: 1 | F26: =MID(B26,2,1)+1 -> 1 | G26: =G25 -> 初级魔防 | H26: =H25 -> icon_04 | I26: 0 | J26: 4 | K26: =A27 -> 10305 | L26: 12:13000|10101:5|10119:5|10122:5 | M26: =M25 -> 1:10000:1 | N26: =W26&$W$2&X26 -> 104:1 | O26: =MID(A26,3,1)+1 -> 4 | P26: =$R$1&R26&$Q$1&T26 -> 所有步兵魔防增加:1 | R26: =R25 -> 魔防 | T26: =RIGHT(N26,2) -> :1 | U26: =MID(P26,3,2) -> 步兵 | V26: 步兵魔防 | W26: =属性类型!G26 -> 104 | X26: 1
A27: =A26+1 -> 10305 | B27: =ROUND(A27,-2) -> 10300 | C27: =LEFT(A27,1) -> 1 | D27: =$A$4+F27 -> 10001 | E27: 1 | F27: =MID(B27,2,1)+1 -> 1 | G27: =G26 -> 初级魔防 | H27: =H26 -> icon_04 | I27: 0 | J27: 5 | K27: 0 | L27: 0 | M27: =M26 -> 1:10000:1 | N27: =W27&$W$2&X27 -> 104:1 | O27: =MID(A27,3,1)+1 -> 4 | P27: =$R$1&R27&$Q$1&T27 -> 所有步兵魔防增加:1 | R27: =R26 -> 魔防 | T27: =RIGHT(N27,2) -> :1 | U27: =MID(P27,3,2) -> 步兵 | V27: 步兵魔防 | W27: =属性类型!G27 -> 104 | X27: 1
A28: =A22+100 -> 10400 | B28: =ROUND(A28,-2) -> 10400 | C28: =LEFT(A28,1) -> 1 | D28: =$A$4+F28 -> 10001 | E28: 1 | F28: =MID(B28,2,1)+1 -> 1 | G28: 初级防御百分比 | H28: icon_05 | I28: 0 | J28: 0 | K28: =A29 -> 10401 | L28: 12:5000|10101:1|10119:1|10122:1 | M28: 1:10100:5 | N28: =W28&$W$2&X28 -> 108:1 | O28: =MID(A28,3,1)+1 -> 5 | P28: =$R$1&R28&$Q$1&T28 -> 所有步兵防御百分比增加1 | R28: 防御百分比 | T28: =RIGHT(N28,1) -> 1 | U28: =MID(P28,3,2) -> 步兵 | V28: 步兵防御百分比 | W28: =属性类型!G28 -> 108 | X28: 1
A29: =A28+1 -> 10401 | B29: =ROUND(A29,-2) -> 10400 | C29: =LEFT(A29,1) -> 1 | D29: =$A$4+F29 -> 10001 | E29: 1 | F29: =MID(B29,2,1)+1 -> 1 | G29: =G28 -> 初级防御百分比 | H29: =H28 -> icon_05 | I29: 0 | J29: 1 | K29: =A30 -> 10402 | L29: 12:6000|10101:2|10119:2|10122:2 | M29: =M28 -> 1:10100:5 | N29: =W29&$W$2&X29 -> 108:1 | O29: =MID(A29,3,1)+1 -> 5 | P29: =$R$1&R29&$Q$1&T29 -> 所有步兵防御百分比增加:1 | R29: =R28 -> 防御百分比 | T29: =RIGHT(N29,2) -> :1 | U29: =MID(P29,3,2) -> 步兵 | V29: 步兵防御百分比 | W29: =属性类型!G29 -> 108 | X29: 1
A30: =A29+1 -> 10402 | B30: =ROUND(A30,-2) -> 10400 | C30: =LEFT(A30,1) -> 1 | D30: =$A$4+F30 -> 10001 | E30: 1 | F30: =MID(B30,2,1)+1 -> 1 | G30: =G29 -> 初级防御百分比 | H30: =H29 -> icon_05 | I30: 0 | J30: 2 | K30: =A31 -> 10403 | L30: 12:8000|10101:3|10119:3|10122:3 | M30: =M29 -> 1:10100:5 | N30: =W30&$W$2&X30 -> 108:1 | O30: =MID(A30,3,1)+1 -> 5 | P30: =$R$1&R30&$Q$1&T30 -> 所有步兵防御百分比增加:1 | R30: =R29 -> 防御百分比 | T30: =RIGHT(N30,2) -> :1 | U30: =MID(P30,3,2) -> 步兵 | V30: 步兵防御百分比 | W30: =属性类型!G30 -> 108 | X30: 1
A31: =A30+1 -> 10403 | B31: =ROUND(A31,-2) -> 10400 | C31: =LEFT(A31,1) -> 1 | D31: =$A$4+F31 -> 10001 | E31: 1 | F31: =MID(B31,2,1)+1 -> 1 | G31: =G30 -> 初级防御百分比 | H31: =H30 -> icon_05 | I31: 0 | J31: 3 | K31: =A32 -> 10404 | L31: 12:10000|10101:4|10119:4|10122:4 | M31: =M30 -> 1:10100:5 | N31: =W31&$W$2&X31 -> 108:1 | O31: =MID(A31,3,1)+1 -> 5 | P31: =$R$1&R31&$Q$1&T31 -> 所有步兵防御百分比增加:1 | R31: =R30 -> 防御百分比 | T31: =RIGHT(N31,2) -> :1 | U31: =MID(P31,3,2) -> 步兵 | V31: 步兵防御百分比 | W31: =属性类型!G31 -> 108 | X31: 1
A32: =A31+1 -> 10404 | B32: =ROUND(A32,-2) -> 10400 | C32: =LEFT(A32,1) -> 1 | D32: =$A$4+F32 -> 10001 | E32: 1 | F32: =MID(B32,2,1)+1 -> 1 | G32: =G31 -> 初级防御百分比 | H32: =H31 -> icon_05 | I32: 0 | J32: 4 | K32: =A33 -> 10405 | L32: 12:13000|10101:5|10119:5|10122:5 | M32: =M31 -> 1:10100:5 | N32: =W32&$W$2&X32 -> 108:1 | O32: =MID(A32,3,1)+1 -> 5 | P32: =$R$1&R32&$Q$1&T32 -> 所有步兵防御百分比增加:1 | R32: =R31 -> 防御百分比 | T32: =RIGHT(N32,2) -> :1 | U32: =MID(P32,3,2) -> 步兵 | V32: 步兵防御百分比 | W32: =属性类型!G32 -> 108 | X32: 1
A33: =A32+1 -> 10405 | B33: =ROUND(A33,-2) -> 10400 | C33: =LEFT(A33,1) -> 1 | D33: =$A$4+F33 -> 10001 | E33: 1 | F33: =MID(B33,2,1)+1 -> 1 | G33: =G32 -> 初级防御百分比 | H33: =H32 -> icon_05 | I33: 0 | J33: 5 | K33: =A34 -> 10406 | L33: 12:16000|10101:7|10119:7|10122:7 | M33: =M32 -> 1:10100:5 | N33: =W33&$W$2&X33 -> 108:1 | O33: =MID(A33,3,1)+1 -> 5 | P33: =$R$1&R33&$Q$1&T33 -> 所有步兵防御百分比增加:1 | R33: =R32 -> 防御百分比 | T33: =RIGHT(N33,2) -> :1 | U33: =MID(P33,3,2) -> 步兵 | V33: 步兵防御百分比 | W33: =属性类型!G33 -> 108 | X33: 1
A34: =A33+1 -> 10406 | B34: =ROUND(A34,-2) -> 10400 | C34: =LEFT(A34,1) -> 1 | D34: =$A$4+F34 -> 10001 | E34: 1 | F34: =MID(B34,2,1)+1 -> 1 | G34: =G33 -> 初级防御百分比 | H34: =H33 -> icon_05 | I34: 0 | J34: 6 | K34: =A35 -> 10407 | L34: 12:20000|10101:9|10119:9|10122:9 | M34: =M33 -> 1:10100:5 | N34: =W34&$W$2&X34 -> 108:1 | O34: =MID(A34,3,1)+1 -> 5 | P34: =$R$1&R34&$Q$1&T34 -> 所有步兵防御百分比增加:1 | R34: =R33 -> 防御百分比 | T34: =RIGHT(N34,2) -> :1 | U34: =MID(P34,3,2) -> 步兵 | V34: 步兵防御百分比 | W34: =属性类型!G34 -> 108 | X34: 1
A35: =A34+1 -> 10407 | B35: =ROUND(A35,-2) -> 10400 | C35: =LEFT(A35,1) -> 1 | D35: =$A$4+F35 -> 10001 | E35: 1 | F35: =MID(B35,2,1)+1 -> 1 | G35: =G34 -> 初级防御百分比 | H35: =H34 -> icon_05 | I35: 0 | J35: 7 | K35: =A36 -> 10408 | L35: 12:25000|10101:11|10119:11|10122:11 | M35: =M34 -> 1:10100:5 | N35: =W35&$W$2&X35 -> 108:1 | O35: =MID(A35,3,1)+1 -> 5 | P35: =$R$1&R35&$Q$1&T35 -> 所有步兵防御百分比增加:1 | R35: =R34 -> 防御百分比 | T35: =RIGHT(N35,2) -> :1 | U35: =MID(P35,3,2) -> 步兵 | V35: 步兵防御百分比 | W35: =属性类型!G35 -> 108 | X35: 1
A36: =A35+1 -> 10408 | B36: =ROUND(A36,-2) -> 10400 | C36: =LEFT(A36,1) -> 1 | D36: =$A$4+F36 -> 10001 | E36: 1 | F36: =MID(B36,2,1)+1 -> 1 | G36: =G35 -> 初级防御百分比 | H36: =H35 -> icon_05 | I36: 0 | J36: 8 | K36: =A37 -> 10409 | L36: 12:31000|10101:13|10119:13|10122:13 | M36: =M35 -> 1:10100:5 | N36: =W36&$W$2&X36 -> 108:1 | O36: =MID(A36,3,1)+1 -> 5 | P36: =$R$1&R36&$Q$1&T36 -> 所有步兵防御百分比增加:1 | R36: =R35 -> 防御百分比 | T36: =RIGHT(N36,2) -> :1 | U36: =MID(P36,3,2) -> 步兵 | V36: 步兵防御百分比 | W36: =属性类型!G36 -> 108 | X36: 1
A37: =A36+1 -> 10409 | B37: =ROUND(A37,-2) -> 10400 | C37: =LEFT(A37,1) -> 1 | D37: =$A$4+F37 -> 10001 | E37: 1 | F37: =MID(B37,2,1)+1 -> 1 | G37: =G36 -> 初级防御百分比 | H37: =H36 -> icon_05 | I37: 0 | J37: 9 | K37: =A38 -> 10410 | L37: 12:39000|10101:15|10119:15|10122:15 | M37: =M36 -> 1:10100:5 | N37: =W37&$W$2&X37 -> 108:1 | O37: =MID(A37,3,1)+1 -> 5 | P37: =$R$1&R37&$Q$1&T37 -> 所有步兵防御百分比增加:1 | R37: =R36 -> 防御百分比 | T37: =RIGHT(N37,2) -> :1 | U37: =MID(P37,3,2) -> 步兵 | V37: 步兵防御百分比 | W37: =属性类型!G37 -> 108 | X37: 1
A38: =A37+1 -> 10410 | B38: =ROUND(A38,-2) -> 10400 | C38: =LEFT(A38,1) -> 1 | D38: =$A$4+F38 -> 10001 | E38: 1 | F38: =MID(B38,2,1)+1 -> 1 | G38: =G37 -> 初级防御百分比 | H38: =H37 -> icon_05 | I38: 0 | J38: 10 | K38: 0 | L38: 0 | M38: =M37 -> 1:10100:5 | N38: =W38&$W$2&X38 -> 108:1 | O38: =MID(A38,3,1)+1 -> 5 | P38: =$R$1&R38&$Q$1&T38 -> 所有步兵防御百分比增加:1 | R38: =R37 -> 防御百分比 | T38: =RIGHT(N38,2) -> :1 | U38: =MID(P38,3,2) -> 步兵 | V38: 步兵防御百分比 | W38: =属性类型!G38 -> 108 | X38: 1
A39: =A28+100 -> 10500 | B39: =ROUND(A39,-2) -> 10500 | C39: =LEFT(A39,1) -> 1 | D39: =$A$4+F39 -> 10001 | E39: 1 | F39: =MID(B39,2,1)+1 -> 1 | G39: 初级攻击百分比 | H39: icon_06 | I39: 0 | J39: 0 | K39: =A40 -> 10501 | L39: 12:5000|10101:1|10119:1|10122:1 | M39: 1:10200:5 | N39: =W39&$W$2&X39 -> 107:1 | O39: =MID(A39,3,1)+1 -> 6 | P39: =$R$1&R39&$Q$1&T39 -> 所有步兵攻击百分比增加1 | R39: 攻击百分比 | T39: =RIGHT(N39,1) -> 1 | U39: =MID(P39,3,2) -> 步兵 | V39: 步兵攻击百分比 | W39: =属性类型!G39 -> 107 | X39: 1
A40: =A39+1 -> 10501 | B40: =ROUND(A40,-2) -> 10500 | C40: =LEFT(A40,1) -> 1 | D40: =$A$4+F40 -> 10001 | E40: 1 | F40: =MID(B40,2,1)+1 -> 1 | G40: =G39 -> 初级攻击百分比 | H40: =H39 -> icon_06 | I40: 0 | J40: 1 | K40: =A41 -> 10502 | L40: 12:6000|10101:2|10119:2|10122:2 | M40: =M39 -> 1:10200:5 | N40: =W40&$W$2&X40 -> 107:1 | O40: =MID(A40,3,1)+1 -> 6 | P40: =$R$1&R40&$Q$1&T40 -> 所有步兵攻击百分比增加:1 | R40: =R39 -> 攻击百分比 | T40: =RIGHT(N40,2) -> :1 | U40: =MID(P40,3,2) -> 步兵 | V40: 步兵攻击百分比 | W40: =属性类型!G40 -> 107 | X40: 1
A41: =A40+1 -> 10502 | B41: =ROUND(A41,-2) -> 10500 | C41: =LEFT(A41,1) -> 1 | D41: =$A$4+F41 -> 10001 | E41: 1 | F41: =MID(B41,2,1)+1 -> 1 | G41: =G40 -> 初级攻击百分比 | H41: =H40 -> icon_06 | I41: 0 | J41: 2 | K41: =A42 -> 10503 | L41: 12:8000|10101:3|10119:3|10122:3 | M41: =M40 -> 1:10200:5 | N41: =W41&$W$2&X41 -> 107:1 | O41: =MID(A41,3,1)+1 -> 6 | P41: =$R$1&R41&$Q$1&T41 -> 所有步兵攻击百分比增加:1 | R41: =R40 -> 攻击百分比 | T41: =RIGHT(N41,2) -> :1 | U41: =MID(P41,3,2) -> 步兵 | V41: 步兵攻击百分比 | W41: =属性类型!G41 -> 107 | X41: 1
A42: =A41+1 -> 10503 | B42: =ROUND(A42,-2) -> 10500 | C42: =LEFT(A42,1) -> 1 | D42: =$A$4+F42 -> 10001 | E42: 1 | F42: =MID(B42,2,1)+1 -> 1 | G42: =G41 -> 初级攻击百分比 | H42: =H41 -> icon_06 | I42: 0 | J42: 3 | K42: =A43 -> 10504 | L42: 12:10000|10101:4|10119:4|10122:4 | M42: =M41 -> 1:10200:5 | N42: =W42&$W$2&X42 -> 107:1 | O42: =MID(A42,3,1)+1 -> 6 | P42: =$R$1&R42&$Q$1&T42 -> 所有步兵攻击百分比增加:1 | R42: =R41 -> 攻击百分比 | T42: =RIGHT(N42,2) -> :1 | U42: =MID(P42,3,2) -> 步兵 | V42: 步兵攻击百分比 | W42: =属性类型!G42 -> 107 | X42: 1
A43: =A42+1 -> 10504 | B43: =ROUND(A43,-2) -> 10500 | C43: =LEFT(A43,1) -> 1 | D43: =$A$4+F43 -> 10001 | E43: 1 | F43: =MID(B43,2,1)+1 -> 1 | G43: =G42 -> 初级攻击百分比 | H43: =H42 -> icon_06 | I43: 0 | J43: 4 | K43: =A44 -> 10505 | L43: 12:13000|10101:5|10119:5|10122:5 | M43: =M42 -> 1:10200:5 | N43: =W43&$W$2&X43 -> 107:1 | O43: =MID(A43,3,1)+1 -> 6 | P43: =$R$1&R43&$Q$1&T43 -> 所有步兵攻击百分比增加:1 | R43: =R42 -> 攻击百分比 | T43: =RIGHT(N43,2) -> :1 | U43: =MID(P43,3,2) -> 步兵 | V43: 步兵攻击百分比 | W43: =属性类型!G43 -> 107 | X43: 1
A44: =A43+1 -> 10505 | B44: =ROUND(A44,-2) -> 10500 | C44: =LEFT(A44,1) -> 1 | D44: =$A$4+F44 -> 10001 | E44: 1 | F44: =MID(B44,2,1)+1 -> 1 | G44: =G43 -> 初级攻击百分比 | H44: =H43 -> icon_06 | I44: 0 | J44: 5 | K44: =A45 -> 10506 | L44: 12:16000|10101:7|10119:7|10122:7 | M44: =M43 -> 1:10200:5 | N44: =W44&$W$2&X44 -> 107:1 | O44: =MID(A44,3,1)+1 -> 6 | P44: =$R$1&R44&$Q$1&T44 -> 所有步兵攻击百分比增加:1 | R44: =R43 -> 攻击百分比 | T44: =RIGHT(N44,2) -> :1 | U44: =MID(P44,3,2) -> 步兵 | V44: 步兵攻击百分比 | W44: =属性类型!G44 -> 107 | X44: 1
A45: =A44+1 -> 10506 | B45: =ROUND(A45,-2) -> 10500 | C45: =LEFT(A45,1) -> 1 | D45: =$A$4+F45 -> 10001 | E45: 1 | F45: =MID(B45,2,1)+1 -> 1 | G45: =G44 -> 初级攻击百分比 | H45: =H44 -> icon_06 | I45: 0 | J45: 6 | K45: =A46 -> 10507 | L45: 12:20000|10101:9|10119:9|10122:9 | M45: =M44 -> 1:10200:5 | N45: =W45&$W$2&X45 -> 107:1 | O45: =MID(A45,3,1)+1 -> 6 | P45: =$R$1&R45&$Q$1&T45 -> 所有步兵攻击百分比增加:1 | R45: =R44 -> 攻击百分比 | T45: =RIGHT(N45,2) -> :1 | U45: =MID(P45,3,2) -> 步兵 | V45: 步兵攻击百分比 | W45: =属性类型!G45 -> 107 | X45: 1
A46: =A45+1 -> 10507 | B46: =ROUND(A46,-2) -> 10500 | C46: =LEFT(A46,1) -> 1 | D46: =$A$4+F46 -> 10001 | E46: 1 | F46: =MID(B46,2,1)+1 -> 1 | G46: =G45 -> 初级攻击百分比 | H46: =H45 -> icon_06 | I46: 0 | J46: 7 | K46: =A47 -> 10508 | L46: 12:25000|10101:11|10119:11|10122:11 | M46: =M45 -> 1:10200:5 | N46: =W46&$W$2&X46 -> 107:1 | O46: =MID(A46,3,1)+1 -> 6 | P46: =$R$1&R46&$Q$1&T46 -> 所有步兵攻击百分比增加:1 | R46: =R45 -> 攻击百分比 | T46: =RIGHT(N46,2) -> :1 | U46: =MID(P46,3,2) -> 步兵 | V46: 步兵攻击百分比 | W46: =属性类型!G46 -> 107 | X46: 1
A47: =A46+1 -> 10508 | B47: =ROUND(A47,-2) -> 10500 | C47: =LEFT(A47,1) -> 1 | D47: =$A$4+F47 -> 10001 | E47: 1 | F47: =MID(B47,2,1)+1 -> 1 | G47: =G46 -> 初级攻击百分比 | H47: =H46 -> icon_06 | I47: 0 | J47: 8 | K47: =A48 -> 10509 | L47: 12:31000|10101:13|10119:13|10122:13 | M47: =M46 -> 1:10200:5 | N47: =W47&$W$2&X47 -> 107:1 | O47: =MID(A47,3,1)+1 -> 6 | P47: =$R$1&R47&$Q$1&T47 -> 所有步兵攻击百分比增加:1 | R47: =R46 -> 攻击百分比 | T47: =RIGHT(N47,2) -> :1 | U47: =MID(P47,3,2) -> 步兵 | V47: 步兵攻击百分比 | W47: =属性类型!G47 -> 107 | X47: 1
A48: =A47+1 -> 10509 | B48: =ROUND(A48,-2) -> 10500 | C48: =LEFT(A48,1) -> 1 | D48: =$A$4+F48 -> 10001 | E48: 1 | F48: =MID(B48,2,1)+1 -> 1 | G48: =G47 -> 初级攻击百分比 | H48: =H47 -> icon_06 | I48: 0 | J48: 9 | K48: =A49 -> 10510 | L48: 12:39000|10101:15|10119:15|10122:15 | M48: =M47 -> 1:10200:5 | N48: =W48&$W$2&X48 -> 107:1 | O48: =MID(A48,3,1)+1 -> 6 | P48: =$R$1&R48&$Q$1&T48 -> 所有步兵攻击百分比增加:1 | R48: =R47 -> 攻击百分比 | T48: =RIGHT(N48,2) -> :1 | U48: =MID(P48,3,2) -> 步兵 | V48: 步兵攻击百分比 | W48: =属性类型!G48 -> 107 | X48: 1
A49: =A48+1 -> 10510 | B49: =ROUND(A49,-2) -> 10500 | C49: =LEFT(A49,1) -> 1 | D49: =$A$4+F49 -> 10001 | E49: 1 | F49: =MID(B49,2,1)+1 -> 1 | G49: =G48 -> 初级攻击百分比 | H49: =H48 -> icon_06 | I49: 0 | J49: 10 | K49: 0 | L49: 0 | M49: =M48 -> 1:10200:5 | N49: =W49&$W$2&X49 -> 107:1 | O49: =MID(A49,3,1)+1 -> 6 | P49: =$R$1&R49&$Q$1&T49 -> 所有步兵攻击百分比增加:1 | R49: =R48 -> 攻击百分比 | T49: =RIGHT(N49,2) -> :1 | U49: =MID(P49,3,2) -> 步兵 | V49: 步兵攻击百分比 | W49: =属性类型!G49 -> 107 | X49: 1
A50: =A39+100 -> 10600 | B50: =ROUND(A50,-2) -> 10600 | C50: =LEFT(A50,1) -> 1 | D50: =$A$4+F50 -> 10001 | E50: 1 | F50: =MID(B50,2,1)+1 -> 1 | G50: 初级魔防百分比 | H50: icon_07 | I50: 0 | J50: 0 | K50: =A51 -> 10601 | L50: 12:5000|10101:1|10119:1|10122:1 | M50: 1:10300:5 | N50: =W50&$W$2&X50 -> 109:1 | O50: =MID(A50,3,1)+1 -> 7 | P50: =$R$1&R50&$Q$1&T50 -> 所有步兵魔防百分比增加1 | R50: 魔防百分比 | T50: =RIGHT(N50,1) -> 1 | U50: =MID(P50,3,2) -> 步兵 | V50: 步兵魔防百分比 | W50: =属性类型!G50 -> 109 | X50: 1
A51: =A50+1 -> 10601 | B51: =ROUND(A51,-2) -> 10600 | C51: =LEFT(A51,1) -> 1 | D51: =$A$4+F51 -> 10001 | E51: 1 | F51: =MID(B51,2,1)+1 -> 1 | G51: =G50 -> 初级魔防百分比 | H51: =H50 -> icon_07 | I51: 0 | J51: 1 | K51: =A52 -> 10602 | L51: 12:6000|10101:2|10119:2|10122:2 | M51: =M50 -> 1:10300:5 | N51: =W51&$W$2&X51 -> 109:1 | O51: =MID(A51,3,1)+1 -> 7 | P51: =$R$1&R51&$Q$1&T51 -> 所有步兵魔防百分比增加:1 | R51: =R50 -> 魔防百分比 | T51: =RIGHT(N51,2) -> :1 | U51: =MID(P51,3,2) -> 步兵 | V51: 步兵魔防百分比 | W51: =属性类型!G51 -> 109 | X51: 1
A52: =A51+1 -> 10602 | B52: =ROUND(A52,-2) -> 10600 | C52: =LEFT(A52,1) -> 1 | D52: =$A$4+F52 -> 10001 | E52: 1 | F52: =MID(B52,2,1)+1 -> 1 | G52: =G51 -> 初级魔防百分比 | H52: =H51 -> icon_07 | I52: 0 | J52: 2 | K52: =A53 -> 10603 | L52: 12:8000|10101:3|10119:3|10122:3 | M52: =M51 -> 1:10300:5 | N52: =W52&$W$2&X52 -> 109:1 | O52: =MID(A52,3,1)+1 -> 7 | P52: =$R$1&R52&$Q$1&T52 -> 所有步兵魔防百分比增加:1 | R52: =R51 -> 魔防百分比 | T52: =RIGHT(N52,2) -> :1 | U52: =MID(P52,3,2) -> 步兵 | V52: 步兵魔防百分比 | W52: =属性类型!G52 -> 109 | X52: 1
A53: =A52+1 -> 10603 | B53: =ROUND(A53,-2) -> 10600 | C53: =LEFT(A53,1) -> 1 | D53: =$A$4+F53 -> 10001 | E53: 1 | F53: =MID(B53,2,1)+1 -> 1 | G53: =G52 -> 初级魔防百分比 | H53: =H52 -> icon_07 | I53: 0 | J53: 3 | K53: =A54 -> 10604 | L53: 12:10000|10101:4|10119:4|10122:4 | M53: =M52 -> 1:10300:5 | N53: =W53&$W$2&X53 -> 109:1 | O53: =MID(A53,3,1)+1 -> 7 | P53: =$R$1&R53&$Q$1&T53 -> 所有步兵魔防百分比增加:1 | R53: =R52 -> 魔防百分比 | T53: =RIGHT(N53,2) -> :1 | U53: =MID(P53,3,2) -> 步兵 | V53: 步兵魔防百分比 | W53: =属性类型!G53 -> 109 | X53: 1
A54: =A53+1 -> 10604 | B54: =ROUND(A54,-2) -> 10600 | C54: =LEFT(A54,1) -> 1 | D54: =$A$4+F54 -> 10001 | E54: 1 | F54: =MID(B54,2,1)+1 -> 1 | G54: =G53 -> 初级魔防百分比 | H54: =H53 -> icon_07 | I54: 0 | J54: 4 | K54: =A55 -> 10605 | L54: 12:13000|10101:5|10119:5|10122:5 | M54: =M53 -> 1:10300:5 | N54: =W54&$W$2&X54 -> 109:1 | O54: =MID(A54,3,1)+1 -> 7 | P54: =$R$1&R54&$Q$1&T54 -> 所有步兵魔防百分比增加:1 | R54: =R53 -> 魔防百分比 | T54: =RIGHT(N54,2) -> :1 | U54: =MID(P54,3,2) -> 步兵 | V54: 步兵魔防百分比 | W54: =属性类型!G54 -> 109 | X54: 1
A55: =A54+1 -> 10605 | B55: =ROUND(A55,-2) -> 10600 | C55: =LEFT(A55,1) -> 1 | D55: =$A$4+F55 -> 10001 | E55: 1 | F55: =MID(B55,2,1)+1 -> 1 | G55: =G54 -> 初级魔防百分比 | H55: =H54 -> icon_07 | I55: 0 | J55: 5 | K55: =A56 -> 10606 | L55: 12:16000|10101:7|10119:7|10122:7 | M55: =M54 -> 1:10300:5 | N55: =W55&$W$2&X55 -> 109:1 | O55: =MID(A55,3,1)+1 -> 7 | P55: =$R$1&R55&$Q$1&T55 -> 所有步兵魔防百分比增加:1 | R55: =R54 -> 魔防百分比 | T55: =RIGHT(N55,2) -> :1 | U55: =MID(P55,3,2) -> 步兵 | V55: 步兵魔防百分比 | W55: =属性类型!G55 -> 109 | X55: 1
A56: =A55+1 -> 10606 | B56: =ROUND(A56,-2) -> 10600 | C56: =LEFT(A56,1) -> 1 | D56: =$A$4+F56 -> 10001 | E56: 1 | F56: =MID(B56,2,1)+1 -> 1 | G56: =G55 -> 初级魔防百分比 | H56: =H55 -> icon_07 | I56: 0 | J56: 6 | K56: =A57 -> 10607 | L56: 12:20000|10101:9|10119:9|10122:9 | M56: =M55 -> 1:10300:5 | N56: =W56&$W$2&X56 -> 109:1 | O56: =MID(A56,3,1)+1 -> 7 | P56: =$R$1&R56&$Q$1&T56 -> 所有步兵魔防百分比增加:1 | R56: =R55 -> 魔防百分比 | T56: =RIGHT(N56,2) -> :1 | U56: =MID(P56,3,2) -> 步兵 | V56: 步兵魔防百分比 | W56: =属性类型!G56 -> 109 | X56: 1
A57: =A56+1 -> 10607 | B57: =ROUND(A57,-2) -> 10600 | C57: =LEFT(A57,1) -> 1 | D57: =$A$4+F57 -> 10001 | E57: 1 | F57: =MID(B57,2,1)+1 -> 1 | G57: =G56 -> 初级魔防百分比 | H57: =H56 -> icon_07 | I57: 0 | J57: 7 | K57: =A58 -> 10608 | L57: 12:25000|10101:11|10119:11|10122:11 | M57: =M56 -> 1:10300:5 | N57: =W57&$W$2&X57 -> 109:1 | O57: =MID(A57,3,1)+1 -> 7 | P57: =$R$1&R57&$Q$1&T57 -> 所有步兵魔防百分比增加:1 | R57: =R56 -> 魔防百分比 | T57: =RIGHT(N57,2) -> :1 | U57: =MID(P57,3,2) -> 步兵 | V57: 步兵魔防百分比 | W57: =属性类型!G57 -> 109 | X57: 1
A58: =A57+1 -> 10608 | B58: =ROUND(A58,-2) -> 10600 | C58: =LEFT(A58,1) -> 1 | D58: =$A$4+F58 -> 10001 | E58: 1 | F58: =MID(B58,2,1)+1 -> 1 | G58: =G57 -> 初级魔防百分比 | H58: =H57 -> icon_07 | I58: 0 | J58: 8 | K58: =A59 -> 10609 | L58: 12:31000|10101:13|10119:13|10122:13 | M58: =M57 -> 1:10300:5 | N58: =W58&$W$2&X58 -> 109:1 | O58: =MID(A58,3,1)+1 -> 7 | P58: =$R$1&R58&$Q$1&T58 -> 所有步兵魔防百分比增加:1 | R58: =R57 -> 魔防百分比 | T58: =RIGHT(N58,2) -> :1 | U58: =MID(P58,3,2) -> 步兵 | V58: 步兵魔防百分比 | W58: =属性类型!G58 -> 109 | X58: 1
A59: =A58+1 -> 10609 | B59: =ROUND(A59,-2) -> 10600 | C59: =LEFT(A59,1) -> 1 | D59: =$A$4+F59 -> 10001 | E59: 1 | F59: =MID(B59,2,1)+1 -> 1 | G59: =G58 -> 初级魔防百分比 | H59: =H58 -> icon_07 | I59: 0 | J59: 9 | K59: =A60 -> 10610 | L59: 12:39000|10101:15|10119:15|10122:15 | M59: =M58 -> 1:10300:5 | N59: =W59&$W$2&X59 -> 109:1 | O59: =MID(A59,3,1)+1 -> 7 | P59: =$R$1&R59&$Q$1&T59 -> 所有步兵魔防百分比增加:1 | R59: =R58 -> 魔防百分比 | T59: =RIGHT(N59,2) -> :1 | U59: =MID(P59,3,2) -> 步兵 | V59: 步兵魔防百分比 | W59: =属性类型!G59 -> 109 | X59: 1
A60: =A59+1 -> 10610 | B60: =ROUND(A60,-2) -> 10600 | C60: =LEFT(A60,1) -> 1 | D60: =$A$4+F60 -> 10001 | E60: 1 | F60: =MID(B60,2,1)+1 -> 1 | G60: =G59 -> 初级魔防百分比 | H60: =H59 -> icon_07 | I60: 0 | J60: 10 | K60: 0 | L60: 0 | M60: =M59 -> 1:10300:5 | N60: =W60&$W$2&X60 -> 109:1 | O60: =MID(A60,3,1)+1 -> 7 | P60: =$R$1&R60&$Q$1&T60 -> 所有步兵魔防百分比增加:1 | R60: =R59 -> 魔防百分比 | T60: =RIGHT(N60,2) -> :1 | U60: =MID(P60,3,2) -> 步兵 | V60: 步兵魔防百分比 | W60: =属性类型!G60 -> 109 | X60: 1
A61: =A50+100 -> 10700 | B61: =ROUND(A61,-2) -> 10700 | C61: =LEFT(A61,1) -> 1 | D61: =$A$4+F61 -> 10001 | E61: 2 | F61: =MID(B61,2,1)+1 -> 1 | G61: 皇室禁卫防御百分比 | H61: bubing01_Lv3 | I61: 1.5 | J61: 0 | K61: =A62 -> 10701 | L61: 12:15000|10113:5|10123:5|10124:5 | M61: 1:10400:5 | N61: =W61&$W$2&X61 -> 10001:1 | O61: =MID(A61,3,1)+1 -> 8 | P61: 皇家禁卫防御提高2 | R61: 皇家守卫 | T61: =RIGHT(N61,1) -> 1 | U61: =MID(P61,3,2) -> 禁卫 | V61: 皇室禁卫防御百分比 | W61: =属性类型!G61 -> 10001 | X61: 1
A62: =A61+1 -> 10701 | B62: =ROUND(A62,-2) -> 10700 | C62: =LEFT(A62,1) -> 1 | D62: =$A$4+F62 -> 10001 | E62: =E61 -> 2 | F62: =MID(B62,2,1)+1 -> 1 | G62: =G61 -> 皇室禁卫防御百分比 | H62: =H61 -> bubing01_Lv3 | I62: 1.5 | J62: 1 | K62: =A63 -> 10702 | L62: 12:20000|10113:10|10123:10|10124:10 | M62: =M61 -> 1:10400:5 | N62: =W62&$W$2&X62 -> 10001:1 | O62: =MID(A62,3,1)+1 -> 8 | P62: 皇家禁卫防御提高4 | R62: 皇家守卫 | T62: =RIGHT(N62,2) -> :1 | U62: =MID(P62,3,2) -> 禁卫 | V62: 皇室禁卫防御百分比 | W62: =属性类型!G62 -> 10001 | X62: 1
A63: =A62+1 -> 10702 | B63: =ROUND(A63,-2) -> 10700 | C63: =LEFT(A63,1) -> 1 | D63: =$A$4+F63 -> 10001 | E63: =E62 -> 2 | F63: =MID(B63,2,1)+1 -> 1 | G63: =G62 -> 皇室禁卫防御百分比 | H63: =H62 -> bubing01_Lv3 | I63: 1.5 | J63: 2 | K63: =A64 -> 10703 | L63: 12:26000|10113:15|10123:15|10124:15 | M63: =M62 -> 1:10400:5 | N63: =W63&$W$2&X63 -> 10001:1 | O63: =MID(A63,3,1)+1 -> 8 | P63: 皇家禁卫防御提高6 | R63: 皇家守卫 | T63: =RIGHT(N63,2) -> :1 | U63: =MID(P63,3,2) -> 禁卫 | V63: 皇室禁卫防御百分比 | W63: =属性类型!G63 -> 10001 | X63: 1
A64: =A63+1 -> 10703 | B64: =ROUND(A64,-2) -> 10700 | C64: =LEFT(A64,1) -> 1 | D64: =$A$4+F64 -> 10001 | E64: =E63 -> 2 | F64: =MID(B64,2,1)+1 -> 1 | G64: =G63 -> 皇室禁卫防御百分比 | H64: =H63 -> bubing01_Lv3 | I64: 1.5 | J64: 3 | K64: =A65 -> 10704 | L64: 12:34000|10113:20|10123:20|10124:20 | M64: =M63 -> 1:10400:5 | N64: =W64&$W$2&X64 -> 10001:1 | O64: =MID(A64,3,1)+1 -> 8 | P64: 皇家禁卫防御提高8 | R64: 皇家守卫 | T64: =RIGHT(N64,2) -> :1 | U64: =MID(P64,3,2) -> 禁卫 | V64: 皇室禁卫防御百分比 | W64: =属性类型!G64 -> 10001 | X64: 1
A65: =A64+1 -> 10704 | B65: =ROUND(A65,-2) -> 10700 | C65: =LEFT(A65,1) -> 1 | D65: =$A$4+F65 -> 10001 | E65: =E64 -> 2 | F65: =MID(B65,2,1)+1 -> 1 | G65: =G64 -> 皇室禁卫防御百分比 | H65: =H64 -> bubing01_Lv3 | I65: 1.5 | J65: 4 | K65: =A66 -> 10705 | L65: 12:44000|10113:25|10123:25|10124:25 | M65: =M64 -> 1:10400:5 | N65: =W65&$W$2&X65 -> 10001:1 | O65: =MID(A65,3,1)+1 -> 8 | P65: 皇家禁卫防御提高10 | R65: 皇家守卫 | T65: =RIGHT(N65,2) -> :1 | U65: =MID(P65,3,2) -> 禁卫 | V65: 皇室禁卫防御百分比 | W65: =属性类型!G65 -> 10001 | X65: 1
A66: =A65+1 -> 10705 | B66: =ROUND(A66,-2) -> 10700 | C66: =LEFT(A66,1) -> 1 | D66: =$A$4+F66 -> 10001 | E66: =E65 -> 2 | F66: =MID(B66,2,1)+1 -> 1 | G66: =G65 -> 皇室禁卫防御百分比 | H66: =H65 -> bubing01_Lv3 | I66: 1.5 | J66: 5 | K66: =A67 -> 10706 | L66: 12:57000|10113:30|10123:30|10124:30 | M66: =M65 -> 1:10400:5 | N66: =W66&$W$2&X66 -> 10001:1 | O66: =MID(A66,3,1)+1 -> 8 | P66: 皇家禁卫防御提高12 | R66: 皇家守卫 | T66: =RIGHT(N66,2) -> :1 | U66: =MID(P66,3,2) -> 禁卫 | V66: 皇室禁卫防御百分比 | W66: =属性类型!G66 -> 10001 | X66: 1
A67: =A66+1 -> 10706 | B67: =ROUND(A67,-2) -> 10700 | C67: =LEFT(A67,1) -> 1 | D67: =$A$4+F67 -> 10001 | E67: =E66 -> 2 | F67: =MID(B67,2,1)+1 -> 1 | G67: =G66 -> 皇室禁卫防御百分比 | H67: =H66 -> bubing01_Lv3 | I67: 1.5 | J67: 6 | K67: =A68 -> 10707 | L67: 12:74000|10113:35|10123:35|10124:35 | M67: =M66 -> 1:10400:5 | N67: =W67&$W$2&X67 -> 10001:1 | O67: =MID(A67,3,1)+1 -> 8 | P67: 皇家禁卫防御提高14 | R67: 皇家守卫 | T67: =RIGHT(N67,2) -> :1 | U67: =MID(P67,3,2) -> 禁卫 | V67: 皇室禁卫防御百分比 | W67: =属性类型!G67 -> 10001 | X67: 1
A68: =A67+1 -> 10707 | B68: =ROUND(A68,-2) -> 10700 | C68: =LEFT(A68,1) -> 1 | D68: =$A$4+F68 -> 10001 | E68: =E67 -> 2 | F68: =MID(B68,2,1)+1 -> 1 | G68: =G67 -> 皇室禁卫防御百分比 | H68: =H67 -> bubing01_Lv3 | I68: 1.5 | J68: 7 | K68: =A69 -> 10708 | L68: 12:96000|10113:40|10123:40|10124:40 | M68: =M67 -> 1:10400:5 | N68: =W68&$W$2&X68 -> 10001:1 | O68: =MID(A68,3,1)+1 -> 8 | P68: 皇家禁卫防御提高16 | R68: 皇家守卫 | T68: =RIGHT(N68,2) -> :1 | U68: =MID(P68,3,2) -> 禁卫 | V68: 皇室禁卫防御百分比 | W68: =属性类型!G68 -> 10001 | X68: 1
A69: =A68+1 -> 10708 | B69: =ROUND(A69,-2) -> 10700 | C69: =LEFT(A69,1) -> 1 | D69: =$A$4+F69 -> 10001 | E69: =E68 -> 2 | F69: =MID(B69,2,1)+1 -> 1 | G69: =G68 -> 皇室禁卫防御百分比 | H69: =H68 -> bubing01_Lv3 | I69: 1.5 | J69: 8 | K69: =A70 -> 10709 | L69: 12:125000|10113:45|10123:45|10124:45 | M69: =M68 -> 1:10400:5 | N69: =W69&$W$2&X69 -> 10001:1 | O69: =MID(A69,3,1)+1 -> 8 | P69: 皇家禁卫防御提高18 | R69: 皇家守卫 | T69: =RIGHT(N69,2) -> :1 | U69: =MID(P69,3,2) -> 禁卫 | V69: 皇室禁卫防御百分比 | W69: =属性类型!G69 -> 10001 | X69: 1
A70: =A69+1 -> 10709 | B70: =ROUND(A70,-2) -> 10700 | C70: =LEFT(A70,1) -> 1 | D70: =$A$4+F70 -> 10001 | E70: =E69 -> 2 | F70: =MID(B70,2,1)+1 -> 1 | G70: =G69 -> 皇室禁卫防御百分比 | H70: =H69 -> bubing01_Lv3 | I70: 1.5 | J70: 9 | K70: =A71 -> 10710 | L70: 12:163000|10113:50|10123:50|10124:50 | M70: =M69 -> 1:10400:5 | N70: =W70&$W$2&X70 -> 10001:1 | O70: =MID(A70,3,1)+1 -> 8 | P70: 皇家禁卫防御提高20 | R70: 皇家守卫 | T70: =RIGHT(N70,2) -> :1 | U70: =MID(P70,3,2) -> 禁卫 | V70: 皇室禁卫防御百分比 | W70: =属性类型!G70 -> 10001 | X70: 1
A71: =A70+1 -> 10710 | B71: =ROUND(A71,-2) -> 10700 | C71: =LEFT(A71,1) -> 1 | D71: =$A$4+F71 -> 10001 | E71: =E70 -> 2 | F71: =MID(B71,2,1)+1 -> 1 | G71: =G70 -> 皇室禁卫防御百分比 | H71: =H70 -> bubing01_Lv3 | I71: 1.5 | J71: 10 | K71: =A72 -> 10711 | L71: 12:212000|10113:55|10123:55|10124:55 | M71: =M70 -> 1:10400:5 | N71: =W71&$W$2&X71 -> 10001:1 | O71: =MID(A71,3,1)+1 -> 8 | P71: 皇家禁卫防御提高22 | R71: 皇家守卫 | T71: =RIGHT(N71,2) -> :1 | U71: =MID(P71,3,2) -> 禁卫 | V71: 皇室禁卫防御百分比 | W71: =属性类型!G71 -> 10001 | X71: 1
A72: =A71+1 -> 10711 | B72: =ROUND(A72,-2) -> 10700 | C72: =LEFT(A72,1) -> 1 | D72: =$A$4+F72 -> 10001 | E72: =E71 -> 2 | F72: =MID(B72,2,1)+1 -> 1 | G72: =G71 -> 皇室禁卫防御百分比 | H72: =H71 -> bubing01_Lv3 | I72: 1.5 | J72: 11 | K72: =A73 -> 10712 | L72: 12:276000|10113:60|10123:60|10124:60 | M72: =M71 -> 1:10400:5 | N72: =W72&$W$2&X72 -> 10001:1 | O72: =MID(A72,3,1)+1 -> 8 | P72: 皇家禁卫防御提高24 | R72: 皇家守卫 | U72: =MID(P72,3,2) -> 禁卫 | V72: 皇室禁卫防御百分比 | W72: =属性类型!G72 -> 10001 | X72: 1
A73: =A72+1 -> 10712 | B73: =ROUND(A73,-2) -> 10700 | C73: =LEFT(A73,1) -> 1 | D73: =$A$4+F73 -> 10001 | E73: =E72 -> 2 | F73: =MID(B73,2,1)+1 -> 1 | G73: =G72 -> 皇室禁卫防御百分比 | H73: =H72 -> bubing01_Lv3 | I73: 1.5 | J73: 12 | K73: =A74 -> 10713 | L73: 12:359000|10113:65|10123:65|10124:65 | M73: =M72 -> 1:10400:5 | N73: =W73&$W$2&X73 -> 10001:1 | O73: =MID(A73,3,1)+1 -> 8 | P73: 皇家禁卫防御提高26 | R73: 皇家守卫 | U73: =MID(P73,3,2) -> 禁卫 | V73: 皇室禁卫防御百分比 | W73: =属性类型!G73 -> 10001 | X73: 1
A74: =A73+1 -> 10713 | B74: =ROUND(A74,-2) -> 10700 | C74: =LEFT(A74,1) -> 1 | D74: =$A$4+F74 -> 10001 | E74: =E73 -> 2 | F74: =MID(B74,2,1)+1 -> 1 | G74: =G73 -> 皇室禁卫防御百分比 | H74: =H73 -> bubing01_Lv3 | I74: 1.5 | J74: 13 | K74: =A75 -> 10714 | L74: 12:467000|10113:70|10123:70|10124:70 | M74: =M73 -> 1:10400:5 | N74: =W74&$W$2&X74 -> 10001:1 | O74: =MID(A74,3,1)+1 -> 8 | P74: 皇家禁卫防御提高28 | R74: 皇家守卫 | U74: =MID(P74,3,2) -> 禁卫 | V74: 皇室禁卫防御百分比 | W74: =属性类型!G74 -> 10001 | X74: 1
A75: =A74+1 -> 10714 | B75: =ROUND(A75,-2) -> 10700 | C75: =LEFT(A75,1) -> 1 | D75: =$A$4+F75 -> 10001 | E75: =E74 -> 2 | F75: =MID(B75,2,1)+1 -> 1 | G75: =G74 -> 皇室禁卫防御百分比 | H75: =H74 -> bubing01_Lv3 | I75: 1.5 | J75: 14 | K75: =A76 -> 10715 | L75: 12:607000|10113:75|10123:75|10124:75 | M75: =M74 -> 1:10400:5 | N75: =W75&$W$2&X75 -> 10001:1 | O75: =MID(A75,3,1)+1 -> 8 | P75: 皇家禁卫防御提高30 | R75: 皇家守卫 | U75: =MID(P75,3,2) -> 禁卫 | V75: 皇室禁卫防御百分比 | W75: =属性类型!G75 -> 10001 | X75: 1
A76: =A75+1 -> 10715 | B76: =ROUND(A76,-2) -> 10700 | C76: =LEFT(A76,1) -> 1 | D76: =$A$4+F76 -> 10001 | E76: =E75 -> 2 | F76: =MID(B76,2,1)+1 -> 1 | G76: =G75 -> 皇室禁卫防御百分比 | H76: =H75 -> bubing01_Lv3 | I76: 1.5 | J76: 15 | K76: =A77 -> 10716 | L76: 12:789000|10113:80|10123:80|10124:80 | M76: =M75 -> 1:10400:5 | N76: =W76&$W$2&X76 -> 10001:1 | O76: =MID(A76,3,1)+1 -> 8 | P76: 皇家禁卫防御提高32 | R76: 皇家守卫 | U76: =MID(P76,3,2) -> 禁卫 | V76: 皇室禁卫防御百分比 | W76: =属性类型!G76 -> 10001 | X76: 1
A77: =A76+1 -> 10716 | B77: =ROUND(A77,-2) -> 10700 | C77: =LEFT(A77,1) -> 1 | D77: =$A$4+F77 -> 10001 | E77: =E76 -> 2 | F77: =MID(B77,2,1)+1 -> 1 | G77: =G76 -> 皇室禁卫防御百分比 | H77: =H76 -> bubing01_Lv3 | I77: 1.5 | J77: 16 | K77: =A78 -> 10717 | L77: 12:1026000|10113:85|10123:85|10124:85 | M77: =M76 -> 1:10400:5 | N77: =W77&$W$2&X77 -> 10001:1 | O77: =MID(A77,3,1)+1 -> 8 | P77: 皇家禁卫防御提高34 | R77: 皇家守卫 | U77: =MID(P77,3,2) -> 禁卫 | V77: 皇室禁卫防御百分比 | W77: =属性类型!G77 -> 10001 | X77: 1
A78: =A77+1 -> 10717 | B78: =ROUND(A78,-2) -> 10700 | C78: =LEFT(A78,1) -> 1 | D78: =$A$4+F78 -> 10001 | E78: =E77 -> 2 | F78: =MID(B78,2,1)+1 -> 1 | G78: =G77 -> 皇室禁卫防御百分比 | H78: =H77 -> bubing01_Lv3 | I78: 1.5 | J78: 17 | K78: =A79 -> 10718 | L78: 12:1334000|10113:90|10123:90|10124:90 | M78: =M77 -> 1:10400:5 | N78: =W78&$W$2&X78 -> 10001:1 | O78: =MID(A78,3,1)+1 -> 8 | P78: 皇家禁卫防御提高36 | R78: 皇家守卫 | U78: =MID(P78,3,2) -> 禁卫 | V78: 皇室禁卫防御百分比 | W78: =属性类型!G78 -> 10001 | X78: 1
A79: =A78+1 -> 10718 | B79: =ROUND(A79,-2) -> 10700 | C79: =LEFT(A79,1) -> 1 | D79: =$A$4+F79 -> 10001 | E79: =E78 -> 2 | F79: =MID(B79,2,1)+1 -> 1 | G79: =G78 -> 皇室禁卫防御百分比 | H79: =H78 -> bubing01_Lv3 | I79: 1.5 | J79: 18 | K79: =A80 -> 10719 | L79: 12:1734000|10113:95|10123:95|10124:95 | M79: =M78 -> 1:10400:5 | N79: =W79&$W$2&X79 -> 10001:1 | O79: =MID(A79,3,1)+1 -> 8 | P79: 皇家禁卫防御提高38 | R79: 皇家守卫 | U79: =MID(P79,3,2) -> 禁卫 | V79: 皇室禁卫防御百分比 | W79: =属性类型!G79 -> 10001 | X79: 1
A80: =A79+1 -> 10719 | B80: =ROUND(A80,-2) -> 10700 | C80: =LEFT(A80,1) -> 1 | D80: =$A$4+F80 -> 10001 | E80: =E79 -> 2 | F80: =MID(B80,2,1)+1 -> 1 | G80: =G79 -> 皇室禁卫防御百分比 | H80: =H79 -> bubing01_Lv3 | I80: 1.5 | J80: 19 | K80: =A81 -> 10720 | L80: 12:2254000|10113:100|10123:100|10124:100 | M80: =M79 -> 1:10400:5 | N80: =W80&$W$2&X80 -> 10001:1 | O80: =MID(A80,3,1)+1 -> 8 | P80: 皇家禁卫防御提高40 | R80: 皇家守卫 | U80: =MID(P80,3,2) -> 禁卫 | V80: 皇室禁卫防御百分比 | W80: =属性类型!G80 -> 10001 | X80: 1
A81: =A80+1 -> 10720 | B81: =ROUND(A81,-2) -> 10700 | C81: =LEFT(A81,1) -> 1 | D81: =$A$4+F81 -> 10001 | E81: =E80 -> 2 | F81: =MID(B81,2,1)+1 -> 1 | G81: =G80 -> 皇室禁卫防御百分比 | H81: =H80 -> bubing01_Lv3 | I81: 1.5 | J81: 20 | K81: 0 | L81: 0 | M81: =M80 -> 1:10400:5 | N81: =W81&$W$2&X81 -> 10001:1 | O81: =MID(A81,3,1)+1 -> 8 | P81: 皇家禁卫防御提高40 | R81: 皇家守卫 | U81: =MID(P81,3,2) -> 禁卫 | V81: 皇室禁卫防御百分比 | W81: =属性类型!G81 -> 10001 | X81: 1
A82: =A61+100 -> 10800 | B82: =ROUND(A82,-2) -> 10800 | C82: =LEFT(A82,1) -> 1 | D82: =$A$4+F82 -> 10001 | E82: 2 | F82: =MID(B82,2,1)+1 -> 1 | G82: 皇室禁卫攻击百分比 | H82: bubing01_Lv3 | I82: 1.5 | J82: 0 | K82: =A83 -> 10801 | L82: 12:15000|10113:5|10123:5|10124:5 | M82: 1:10500:5 | N82: =W82&$W$2&X82 -> 10002:1 | O82: =MID(A82,3,1)+1 -> 9 | P82: 皇家禁卫攻击提高3 | R82: 皇家守卫 | T82: =RIGHT(N82,1) -> 1 | U82: =MID(P82,3,2) -> 禁卫 | V82: 皇室禁卫攻击百分比 | W82: =属性类型!G82 -> 10002 | X82: 1
A83: =A82+1 -> 10801 | B83: =ROUND(A83,-2) -> 10800 | C83: =LEFT(A83,1) -> 1 | D83: =$A$4+F83 -> 10001 | E83: =E82 -> 2 | F83: =MID(B83,2,1)+1 -> 1 | G83: =G82 -> 皇室禁卫攻击百分比 | H83: =H82 -> bubing01_Lv3 | I83: 1.5 | J83: 1 | K83: =A84 -> 10802 | L83: 12:20000|10113:10|10123:10|10124:10 | M83: =M82 -> 1:10500:5 | N83: =W83&$W$2&X83 -> 10002:1 | O83: =MID(A83,3,1)+1 -> 9 | P83: 皇家禁卫攻击提高6 | R83: 皇家守卫 | T83: =RIGHT(N83,2) -> :1 | U83: =MID(P83,3,2) -> 禁卫 | V83: 皇室禁卫攻击百分比 | W83: =属性类型!G83 -> 10002 | X83: 1
A84: =A83+1 -> 10802 | B84: =ROUND(A84,-2) -> 10800 | C84: =LEFT(A84,1) -> 1 | D84: =$A$4+F84 -> 10001 | E84: =E83 -> 2 | F84: =MID(B84,2,1)+1 -> 1 | G84: =G83 -> 皇室禁卫攻击百分比 | H84: =H83 -> bubing01_Lv3 | I84: 1.5 | J84: 2 | K84: =A85 -> 10803 | L84: 12:26000|10113:15|10123:15|10124:15 | M84: =M83 -> 1:10500:5 | N84: =W84&$W$2&X84 -> 10002:1 | O84: =MID(A84,3,1)+1 -> 9 | P84: 皇家禁卫攻击提高9 | R84: 皇家守卫 | T84: =RIGHT(N84,2) -> :1 | U84: =MID(P84,3,2) -> 禁卫 | V84: 皇室禁卫攻击百分比 | W84: =属性类型!G84 -> 10002 | X84: 1
A85: =A84+1 -> 10803 | B85: =ROUND(A85,-2) -> 10800 | C85: =LEFT(A85,1) -> 1 | D85: =$A$4+F85 -> 10001 | E85: =E84 -> 2 | F85: =MID(B85,2,1)+1 -> 1 | G85: =G84 -> 皇室禁卫攻击百分比 | H85: =H84 -> bubing01_Lv3 | I85: 1.5 | J85: 3 | K85: =A86 -> 10804 | L85: 12:34000|10113:20|10123:20|10124:20 | M85: =M84 -> 1:10500:5 | N85: =W85&$W$2&X85 -> 10002:1 | O85: =MID(A85,3,1)+1 -> 9 | P85: 皇家禁卫攻击提高12 | R85: 皇家守卫 | T85: =RIGHT(N85,2) -> :1 | U85: =MID(P85,3,2) -> 禁卫 | V85: 皇室禁卫攻击百分比 | W85: =属性类型!G85 -> 10002 | X85: 1
A86: =A85+1 -> 10804 | B86: =ROUND(A86,-2) -> 10800 | C86: =LEFT(A86,1) -> 1 | D86: =$A$4+F86 -> 10001 | E86: =E85 -> 2 | F86: =MID(B86,2,1)+1 -> 1 | G86: =G85 -> 皇室禁卫攻击百分比 | H86: =H85 -> bubing01_Lv3 | I86: 1.5 | J86: 4 | K86: =A87 -> 10805 | L86: 12:44000|10113:25|10123:25|10124:25 | M86: =M85 -> 1:10500:5 | N86: =W86&$W$2&X86 -> 10002:1 | O86: =MID(A86,3,1)+1 -> 9 | P86: 皇家禁卫攻击提高15 | R86: 皇家守卫 | T86: =RIGHT(N86,2) -> :1 | U86: =MID(P86,3,2) -> 禁卫 | V86: 皇室禁卫攻击百分比 | W86: =属性类型!G86 -> 10002 | X86: 1
A87: =A86+1 -> 10805 | B87: =ROUND(A87,-2) -> 10800 | C87: =LEFT(A87,1) -> 1 | D87: =$A$4+F87 -> 10001 | E87: =E86 -> 2 | F87: =MID(B87,2,1)+1 -> 1 | G87: =G86 -> 皇室禁卫攻击百分比 | H87: =H86 -> bubing01_Lv3 | I87: 1.5 | J87: 5 | K87: =A88 -> 10806 | L87: 12:57000|10113:30|10123:30|10124:30 | M87: =M86 -> 1:10500:5 | N87: =W87&$W$2&X87 -> 10002:1 | O87: =MID(A87,3,1)+1 -> 9 | P87: 皇家禁卫攻击提高18 | R87: 皇家守卫 | T87: =RIGHT(N87,2) -> :1 | U87: =MID(P87,3,2) -> 禁卫 | V87: 皇室禁卫攻击百分比 | W87: =属性类型!G87 -> 10002 | X87: 1
A88: =A87+1 -> 10806 | B88: =ROUND(A88,-2) -> 10800 | C88: =LEFT(A88,1) -> 1 | D88: =$A$4+F88 -> 10001 | E88: =E87 -> 2 | F88: =MID(B88,2,1)+1 -> 1 | G88: =G87 -> 皇室禁卫攻击百分比 | H88: =H87 -> bubing01_Lv3 | I88: 1.5 | J88: 6 | K88: =A89 -> 10807 | L88: 12:74000|10113:35|10123:35|10124:35 | M88: =M87 -> 1:10500:5 | N88: =W88&$W$2&X88 -> 10002:1 | O88: =MID(A88,3,1)+1 -> 9 | P88: 皇家禁卫攻击提高21 | R88: 皇家守卫 | T88: =RIGHT(N88,2) -> :1 | U88: =MID(P88,3,2) -> 禁卫 | V88: 皇室禁卫攻击百分比 | W88: =属性类型!G88 -> 10002 | X88: 1
A89: =A88+1 -> 10807 | B89: =ROUND(A89,-2) -> 10800 | C89: =LEFT(A89,1) -> 1 | D89: =$A$4+F89 -> 10001 | E89: =E88 -> 2 | F89: =MID(B89,2,1)+1 -> 1 | G89: =G88 -> 皇室禁卫攻击百分比 | H89: =H88 -> bubing01_Lv3 | I89: 1.5 | J89: 7 | K89: =A90 -> 10808 | L89: 12:96000|10113:40|10123:40|10124:40 | M89: =M88 -> 1:10500:5 | N89: =W89&$W$2&X89 -> 10002:1 | O89: =MID(A89,3,1)+1 -> 9 | P89: 皇家禁卫攻击提高24 | R89: 皇家守卫 | T89: =RIGHT(N89,2) -> :1 | U89: =MID(P89,3,2) -> 禁卫 | V89: 皇室禁卫攻击百分比 | W89: =属性类型!G89 -> 10002 | X89: 1
A90: =A89+1 -> 10808 | B90: =ROUND(A90,-2) -> 10800 | C90: =LEFT(A90,1) -> 1 | D90: =$A$4+F90 -> 10001 | E90: =E89 -> 2 | F90: =MID(B90,2,1)+1 -> 1 | G90: =G89 -> 皇室禁卫攻击百分比 | H90: =H89 -> bubing01_Lv3 | I90: 1.5 | J90: 8 | K90: =A91 -> 10809 | L90: 12:125000|10113:45|10123:45|10124:45 | M90: =M89 -> 1:10500:5 | N90: =W90&$W$2&X90 -> 10002:1 | O90: =MID(A90,3,1)+1 -> 9 | P90: 皇家禁卫攻击提高27 | R90: 皇家守卫 | T90: =RIGHT(N90,2) -> :1 | U90: =MID(P90,3,2) -> 禁卫 | V90: 皇室禁卫攻击百分比 | W90: =属性类型!G90 -> 10002 | X90: 1
A91: =A90+1 -> 10809 | B91: =ROUND(A91,-2) -> 10800 | C91: =LEFT(A91,1) -> 1 | D91: =$A$4+F91 -> 10001 | E91: =E90 -> 2 | F91: =MID(B91,2,1)+1 -> 1 | G91: =G90 -> 皇室禁卫攻击百分比 | H91: =H90 -> bubing01_Lv3 | I91: 1.5 | J91: 9 | K91: =A92 -> 10810 | L91: 12:163000|10113:50|10123:50|10124:50 | M91: =M90 -> 1:10500:5 | N91: =W91&$W$2&X91 -> 10002:1 | O91: =MID(A91,3,1)+1 -> 9 | P91: 皇家禁卫攻击提高30 | R91: 皇家守卫 | T91: =RIGHT(N91,2) -> :1 | U91: =MID(P91,3,2) -> 禁卫 | V91: 皇室禁卫攻击百分比 | W91: =属性类型!G91 -> 10002 | X91: 1
A92: =A91+1 -> 10810 | B92: =ROUND(A92,-2) -> 10800 | C92: =LEFT(A92,1) -> 1 | D92: =$A$4+F92 -> 10001 | E92: =E91 -> 2 | F92: =MID(B92,2,1)+1 -> 1 | G92: =G91 -> 皇室禁卫攻击百分比 | H92: =H91 -> bubing01_Lv3 | I92: 1.5 | J92: 10 | K92: =A93 -> 10811 | L92: 12:212000|10113:55|10123:55|10124:55 | M92: =M91 -> 1:10500:5 | N92: =W92&$W$2&X92 -> 10002:1 | O92: =MID(A92,3,1)+1 -> 9 | P92: 皇家禁卫攻击提高33 | R92: 皇家守卫 | T92: =RIGHT(N92,2) -> :1 | U92: =MID(P92,3,2) -> 禁卫 | V92: 皇室禁卫攻击百分比 | W92: =属性类型!G92 -> 10002 | X92: 1
A93: =A92+1 -> 10811 | B93: =ROUND(A93,-2) -> 10800 | C93: =LEFT(A93,1) -> 1 | D93: =$A$4+F93 -> 10001 | E93: =E92 -> 2 | F93: =MID(B93,2,1)+1 -> 1 | G93: =G92 -> 皇室禁卫攻击百分比 | H93: =H92 -> bubing01_Lv3 | I93: 1.5 | J93: 11 | K93: =A94 -> 10812 | L93: 12:276000|10113:60|10123:60|10124:60 | M93: =M92 -> 1:10500:5 | N93: =W93&$W$2&X93 -> 10002:1 | O93: =MID(A93,3,1)+1 -> 9 | P93: 皇家禁卫攻击提高36 | R93: 皇家守卫 | U93: =MID(P93,3,2) -> 禁卫 | V93: 皇室禁卫攻击百分比 | W93: =属性类型!G93 -> 10002 | X93: 1
A94: =A93+1 -> 10812 | B94: =ROUND(A94,-2) -> 10800 | C94: =LEFT(A94,1) -> 1 | D94: =$A$4+F94 -> 10001 | E94: =E93 -> 2 | F94: =MID(B94,2,1)+1 -> 1 | G94: =G93 -> 皇室禁卫攻击百分比 | H94: =H93 -> bubing01_Lv3 | I94: 1.5 | J94: 12 | K94: =A95 -> 10813 | L94: 12:359000|10113:65|10123:65|10124:65 | M94: =M93 -> 1:10500:5 | N94: =W94&$W$2&X94 -> 10002:1 | O94: =MID(A94,3,1)+1 -> 9 | P94: 皇家禁卫攻击提高39 | R94: 皇家守卫 | U94: =MID(P94,3,2) -> 禁卫 | V94: 皇室禁卫攻击百分比 | W94: =属性类型!G94 -> 10002 | X94: 1
A95: =A94+1 -> 10813 | B95: =ROUND(A95,-2) -> 10800 | C95: =LEFT(A95,1) -> 1 | D95: =$A$4+F95 -> 10001 | E95: =E94 -> 2 | F95: =MID(B95,2,1)+1 -> 1 | G95: =G94 -> 皇室禁卫攻击百分比 | H95: =H94 -> bubing01_Lv3 | I95: 1.5 | J95: 13 | K95: =A96 -> 10814 | L95: 12:467000|10113:70|10123:70|10124:70 | M95: =M94 -> 1:10500:5 | N95: =W95&$W$2&X95 -> 10002:1 | O95: =MID(A95,3,1)+1 -> 9 | P95: 皇家禁卫攻击提高42 | R95: 皇家守卫 | U95: =MID(P95,3,2) -> 禁卫 | V95: 皇室禁卫攻击百分比 | W95: =属性类型!G95 -> 10002 | X95: 1
A96: =A95+1 -> 10814 | B96: =ROUND(A96,-2) -> 10800 | C96: =LEFT(A96,1) -> 1 | D96: =$A$4+F96 -> 10001 | E96: =E95 -> 2 | F96: =MID(B96,2,1)+1 -> 1 | G96: =G95 -> 皇室禁卫攻击百分比 | H96: =H95 -> bubing01_Lv3 | I96: 1.5 | J96: 14 | K96: =A97 -> 10815 | L96: 12:607000|10113:75|10123:75|10124:75 | M96: =M95 -> 1:10500:5 | N96: =W96&$W$2&X96 -> 10002:1 | O96: =MID(A96,3,1)+1 -> 9 | P96: 皇家禁卫攻击提高45 | R96: 皇家守卫 | U96: =MID(P96,3,2) -> 禁卫 | V96: 皇室禁卫攻击百分比 | W96: =属性类型!G96 -> 10002 | X96: 1
A97: =A96+1 -> 10815 | B97: =ROUND(A97,-2) -> 10800 | C97: =LEFT(A97,1) -> 1 | D97: =$A$4+F97 -> 10001 | E97: =E96 -> 2 | F97: =MID(B97,2,1)+1 -> 1 | G97: =G96 -> 皇室禁卫攻击百分比 | H97: =H96 -> bubing01_Lv3 | I97: 1.5 | J97: 15 | K97: =A98 -> 10816 | L97: 12:789000|10113:80|10123:80|10124:80 | M97: =M96 -> 1:10500:5 | N97: =W97&$W$2&X97 -> 10002:1 | O97: =MID(A97,3,1)+1 -> 9 | P97: 皇家禁卫攻击提高48 | R97: 皇家守卫 | U97: =MID(P97,3,2) -> 禁卫 | V97: 皇室禁卫攻击百分比 | W97: =属性类型!G97 -> 10002 | X97: 1
A98: =A97+1 -> 10816 | B98: =ROUND(A98,-2) -> 10800 | C98: =LEFT(A98,1) -> 1 | D98: =$A$4+F98 -> 10001 | E98: =E97 -> 2 | F98: =MID(B98,2,1)+1 -> 1 | G98: =G97 -> 皇室禁卫攻击百分比 | H98: =H97 -> bubing01_Lv3 | I98: 1.5 | J98: 16 | K98: =A99 -> 10817 | L98: 12:1026000|10113:85|10123:85|10124:85 | M98: =M97 -> 1:10500:5 | N98: =W98&$W$2&X98 -> 10002:1 | O98: =MID(A98,3,1)+1 -> 9 | P98: 皇家禁卫攻击提高51 | R98: 皇家守卫 | U98: =MID(P98,3,2) -> 禁卫 | V98: 皇室禁卫攻击百分比 | W98: =属性类型!G98 -> 10002 | X98: 1
A99: =A98+1 -> 10817 | B99: =ROUND(A99,-2) -> 10800 | C99: =LEFT(A99,1) -> 1 | D99: =$A$4+F99 -> 10001 | E99: =E98 -> 2 | F99: =MID(B99,2,1)+1 -> 1 | G99: =G98 -> 皇室禁卫攻击百分比 | H99: =H98 -> bubing01_Lv3 | I99: 1.5 | J99: 17 | K99: =A100 -> 10818 | L99: 12:1334000|10113:90|10123:90|10124:90 | M99: =M98 -> 1:10500:5 | N99: =W99&$W$2&X99 -> 10002:1 | O99: =MID(A99,3,1)+1 -> 9 | P99: 皇家禁卫攻击提高54 | R99: 皇家守卫 | U99: =MID(P99,3,2) -> 禁卫 | V99: 皇室禁卫攻击百分比 | W99: =属性类型!G99 -> 10002 | X99: 1
A100: =A99+1 -> 10818 | B100: =ROUND(A100,-2) -> 10800 | C100: =LEFT(A100,1) -> 1 | D100: =$A$4+F100 -> 10001 | E100: =E99 -> 2 | F100: =MID(B100,2,1)+1 -> 1 | G100: =G99 -> 皇室禁卫攻击百分比 | H100: =H99 -> bubing01_Lv3 | I100: 1.5 | J100: 18 | K100: =A101 -> 10819 | L100: 12:1734000|10113:95|10123:95|10124:95 | M100: =M99 -> 1:10500:5 | N100: =W100&$W$2&X100 -> 10002:1 | O100: =MID(A100,3,1)+1 -> 9 | P100: 皇家禁卫攻击提高57 | R100: 皇家守卫 | U100: =MID(P100,3,2) -> 禁卫 | V100: 皇室禁卫攻击百分比 | W100: =属性类型!G100 -> 10002 | X100: 1
...

Sheet 加成属性
J1: 1级生命 | K1: 150 | L1: 1级攻击 | M1: 50 | N1: 1级防御 | O1: 30 | Q1: 各项百分比 | R1: 50
J2: 2级生命 | K2: 200 | L2: 2级攻击 | M2: 80 | N2: 2级防御 | O2: 50
A3: 科技等级 | B3: 科技阶段 | C3: 科技名称 | D3: 加成值 | J3: 3级生命 | K3: 300 | L3: 3级攻击 | M3: 120 | N3: 3级防御 | O3: 70
A4: 0 | B4: 1 | C4: 初级生命 | D4: 0
A5: 1 | B5: 1 | C5: 初级生命 | D5: 30
A6: 2 | B6: 1 | C6: 初级生命 | D6: 30
A7: 3 | B7: 1 | C7: 初级生命 | D7: 30
A8: 4 | B8: 1 | C8: 初级生命 | D8: 30
A9: 5 | B9: 1 | C9: 初级生命 | D9: 30
A10: 0 | B10: 1 | C10: 初级防御
A11: 1 | B11: 1 | C11: 初级防御
A12: 2 | B12: 1 | C12: 初级防御
A13: 3 | B13: 1 | C13: 初级防御
A14: 4 | B14: 1 | C14: 初级防御
A15: 5 | B15: 1 | C15: 初级防御
A16: 0 | B16: 1 | C16: 初级攻击
A17: 1 | B17: 1 | C17: 初级攻击
A18: 2 | B18: 1 | C18: 初级攻击
A19: 3 | B19: 1 | C19: 初级攻击
A20: 4 | B20: 1 | C20: 初级攻击
A21: 5 | B21: 1 | C21: 初级攻击
... A279: 20 | B279: 3 | C279: 高级生命百分比

Sheet 升级消耗
A1: 金币道具ID | B1: 12 | C1: : | D1: | | F1: 初级 | H1: 中级 | J1: 高级 | M1: 步兵 | N1: 骑兵 | O1: 弓兵 | P1: 飞兵 | Q1: 元素 | R1: 生物
A2: 金币基础基础 | B2: 1500 | C2: 品质系数 | D2: 3.4 | F2: 10119 | G2: 10122 | H2: 10120 | I2: 10121 | J2: 10123 | K2: 10124 | L2: =R2 -> 10106 | M2: 10101 | N2: 10102 | O2: 10103 | P2: 10104 | Q2: 10105 | R2: 10106
L3: =R3 -> 10112 | M3: 10107 | N3: 10108 | O3: 10109 | P3: 10110 | Q3: 10111 | R3: 10112
L4: =R4 -> 10118 | M4: 10113 | N4: 10114 | O4: 10115 | P4: 10116 | Q4: 10117 | R4: 10118
A5: 等级系数 | B5: 品质 | C5: 等级 | D5: 金币消耗 | E5: 士兵 | F5: 通用1 | G5: 通用2
A6: 1.25 | B6: 1 | C6: 1 | D6: =ROUND(B2*D2*B6,-3) -> 5000 | E6: 1 | F6: =E6 -> 1 | G6: =F6 -> 1 | H6: =$B$1&$C$1&D6 -> 12:5000 | I6: =$L$2&$C$1&E6 -> 10106:1 | J6: =$F$2&$C$1&F6 -> 10119:1 | K6: =$G$2&$C$1&G6 -> 10122:1 | L6: =H6&$D$1&I6&$D$1&J6&$D$1&K6 -> 12:5000|10106:1|10119:1|10122:1
B7: 1 | C7: 2 | D7: =ROUND(D6*$A$6,-3) -> 6000 | E7: 2 | F7: =E7 -> 2 | G7: =F7 -> 2 | H7: =$B$1&$C$1&D7 -> 12:6000 | I7: =$L$2&$C$1&E7 -> 10106:2 | J7: =$F$2&$C$1&F7 -> 10119:2 | K7: =$G$2&$C$1&G7 -> 10122:2 | L7: =H7&$D$1&I7&$D$1&J7&$D$1&K7 -> 12:6000|10106:2|10119:2|10122:2
B8: 1 | C8: 3 | D8: =ROUND(D7*$A$6,-3) -> 8000 | E8: 3 | F8: =E8 -> 3 | G8: =F8 -> 3 | H8: =$B$1&$C$1&D8 -> 12:8000 | I8: =$L$2&$C$1&E8 -> 10106:3 | J8: =$F$2&$C$1&F8 -> 10119:3 | K8: =$G$2&$C$1&G8 -> 10122:3 | L8: =H8&$D$1&I8&$D$1&J8&$D$1&K8 -> 12:8000|10106:3|10119:3|10122:3
B9: 1 | C9: 4 | D9: =ROUND(D8*$A$6,-3) -> 10000 | E9: 4 | F9: =E9 -> 4 | G9: =F9 -> 4 | H9: =$B$1&$C$1&D9 -> 12:10000 | I9: =$L$2&$C$1&E9 -> 10106:4 | J9: =$F$2&$C$1&F9 -> 10119:4 | K9: =$G$2&$C$1&G9 -> 10122:4 | L9: =H9&$D$1&I9&$D$1&J9&$D$1&K9 -> 12:10000|10106:4|10119:4|10122:4
B10: 1 | C10: 5 | D10: =ROUND(D9*$A$6,-3) -> 13000 | E10: 5 | F10: =E10 -> 5 | G10: =F10 -> 5 | H10: =$B$1&$C$1&D10 -> 12:13000 | I10: =$L$2&$C$1&E10 -> 10106:5 | J10: =$F$2&$C$1&F10 -> 10119:5 | K10: =$G$2&$C$1&G10 -> 10122:5 | L10: =H10&$D$1&I10&$D$1&J10&$D$1&K10 -> 12:13000|10106:5|10119:5|10122:5
B11: 1 | C11: 6 | D11: =ROUND(D10*$A$6,-3) -> 16000 | E11: 7 | F11: =E11 -> 7 | G11: =F11 -> 7 | H11: =$B$1&$C$1&D11 -> 12:16000 | I11: =$L$2&$C$1&E11 -> 10106:7 | J11: =$F$2&$C$1&F11 -> 10119:7 | K11: =$G$2&$C$1&G11 -> 10122:7 | L11: =H11&$D$1&I11&$D$1&J11&$D$1&K11 -> 12:16000|10106:7|10119:7|10122:7
B12: 1 | C12: 7 | D12: =ROUND(D11*$A$6,-3) -> 20000 | E12: 9 | F12: =E12 -> 9 | G12: =F12 -> 9 | H12: =$B$1&$C$1&D12 -> 12:20000 | I12: =$L$2&$C$1&E12 -> 10106:9 | J12: =$F$2&$C$1&F12 -> 10119:9 | K12: =$G$2&$C$1&G12 -> 10122:9 | L12: =H12&$D$1&I12&$D$1&J12&$D$1&K12 -> 12:20000|10106:9|10119:9|10122:9
B13: 1 | C13: 8 | D13: =ROUND(D12*$A$6,-3) -> 25000 | E13: 11 | F13: =E13 -> 11 | G13: =F13 -> 11 | H13: =$B$1&$C$1&D13 -> 12:25000 | I13: =$L$2&$C$1&E13 -> 10106:11 | J13: =$F$2&$C$1&F13 -> 10119:11 | K13: =$G$2&$C$1&G13 -> 10122:11 | L13: =H13&$D$1&I13&$D$1&J13&$D$1&K13 -> 12:25000|10106:11|10119:11|10122:11
B14: 1 | C14: 9 | D14: =ROUND(D13*$A$6,-3) -> 31000 | E14: 13 | F14: =E14 -> 13 | G14: =F14 -> 13 | H14: =$B$1&$C$1&D14 -> 12:31000 | I14: =$L$2&$C$1&E14 -> 10106:13 | J14: =$F$2&$C$1&F14 -> 10119:13 | K14: =$G$2&$C$1&G14 -> 10122:13 | L14: =H14&$D$1&I14&$D$1&J14&$D$1&K14 -> 12:31000|10106:13|10119:13|10122:13
B15: 1 | C15: 10 | D15: =ROUND(D14*$A$6,-3) -> 39000 | E15: 15 | F15: =E15 -> 15 | G15: =F15 -> 15 | H15: =$B$1&$C$1&D15 -> 12:39000 | I15: =$L$2&$C$1&E15 -> 10106:15 | J15: =$F$2&$C$1&F15 -> 10119:15 | K15: =$G$2&$C$1&G15 -> 10122:15 | L15: =H15&$D$1&I15&$D$1&J15&$D$1&K15 -> 12:39000|10106:15|10119:15|10122:15
B16: 1 | C16: 11 | D16: =ROUND(D15*$A$6,-3) -> 49000 | E16: 17 | F16: =E16 -> 17 | G16: =F16 -> 17 | H16: =$B$1&$C$1&D16 -> 12:49000 | I16: =$L$2&$C$1&E16 -> 10106:17 | J16: =$F$2&$C$1&F16 -> 10119:17 | K16: =$G$2&$C$1&G16 -> 10122:17 | L16: =H16&$D$1&I16&$D$1&J16&$D$1&K16 -> 12:49000|10106:17|10119:17|10122:17
B17: 1 | C17: 12 | D17: =ROUND(D16*$A$6,-3) -> 61000 | E17: 19 | F17: =E17 -> 19 | G17: =F17 -> 19 | H17: =$B$1&$C$1&D17 -> 12:61000 | I17: =$L$2&$C$1&E17 -> 10106:19 | J17: =$F$2&$C$1&F17 -> 10119:19 | K17: =$G$2&$C$1&G17 -> 10122:19 | L17: =H17&$D$1&I17&$D$1&J17&$D$1&K17 -> 12:61000|10106:19|10119:19|10122:19
B18: 1 | C18: 13 | D18: =ROUND(D17*$A$6,-3) -> 76000 | E18: 21 | F18: =E18 -> 21 | G18: =F18 -> 21 | H18: =$B$1&$C$1&D18 -> 12:76000 | I18: =$L$2&$C$1&E18 -> 10106:21 | J18: =$F$2&$C$1&F18 -> 10119:21 | K18: =$G$2&$C$1&G18 -> 10122:21 | L18: =H18&$D$1&I18&$D$1&J18&$D$1&K18 -> 12:76000|10106:21|10119:21|10122:21
... B25: 1 | C25: 20 | D25: =ROUND(D24*$A$6,-3) -> 364000 | E25: 35 | F25: =E25 -> 35 | G25: =F25 -> 35 | H25: =$B$1&$C$1&D25 -> 12:364000 | I25: =$L$2&$C$1&E25 -> 10106:35 | J25: =$F$2&$C$1&F25 -> 10119:35 | K25: =$G$2&$C$1&G25 -> 10122:35 | L25: =H25&$D$1&I25&$D$1&J25&$D$1&K25 -> 12:364000|10106:35|10119:35|10122:35
A26: 等级系数 | B26: 2 | C26: 1 | D26: =ROUND(B2*D2*B26,-3) -> 10000 | E26: 1 | F26: =E26 -> 1 | G26: =F26 -> 1 | H26: =$B$1&$C$1&D26 -> 12:10000 | I26: =$L$3&$C$1&E26 -> 10112:1 | J26: =$H$2&$C$1&F26 -> 10120:1 | K26: =$I$2&$C$1&G26 -> 10121:1 | L26: =H26&$D$1&I26&$D$1&J26&$D$1&K26 -> 12:10000|10112:1|10120:1|10121:1
A27: 1.26 | B27: 2 | C27: 2 | D27: =ROUND(D26*$A$27,-3) -> 13000 | E27: 3 | F27: =E27 -> 3 | G27: =F27 -> 3 | H27: =$B$1&$C$1&D27 -> 12:13000 | I27: =$L$3&$C$1&E27 -> 10112:3 | J27: =$H$2&$C$1&F27 -> 10120:3 | K27: =$I$2&$C$1&G27 -> 10121:3 | L27: =H27&$D$1&I27&$D$1&J27&$D$1&K27 -> 12:13000|10112:3|10120:3|10121:3
B28: 2 | C28: 3 | D28: =ROUND(D27*$A$27,-3) -> 16000 | E28: 5 | F28: =E28 -> 5 | G28: =F28 -> 5 | H28: =$B$1&$C$1&D28 -> 12:16000 | I28: =$L$3&$C$1&E28 -> 10112:5 | J28: =$H$2&$C$1&F28 -> 10120:5 | K28: =$I$2&$C$1&G28 -> 10121:5 | L28: =H28&$D$1&I28&$D$1&J28&$D$1&K28 -> 12:16000|10112:5|10120:5|10121:5
B29: 2 | C29: 4 | D29: =ROUND(D28*$A$27,-3) -> 20000 | E29: 7 | F29: =E29 -> 7 | G29: =F29 -> 7 | H29: =$B$1&$C$1&D29 -> 12:20000 | I29: =$L$3&$C$1&E29 -> 10112:7 | J29: =$H$2&$C$1&F29 -> 10120:7 | K29: =$I$2&$C$1&G29 -> 10121:7 | L29: =H29&$D$1&I29&$D$1&J29&$D$1&K29 -> 12:20000|10112:7|10120:7|10121:7
B30: 2 | C30: 5 | D30: =ROUND(D29*$A$27,-3) -> 25000 | E30: 9 | F30: =E30 -> 9 | G30: =F30 -> 9 | H30: =$B$1&$C$1&D30 -> 12:25000 | I30: =$L$3&$C$1&E30 -> 10112:9 | J30: =$H$2&$C$1&F30 -> 10120:9 | K30: =$I$2&$C$1&G30 -> 10121:9 | L30: =H30&$D$1&I30&$D$1&J30&$D$1&K30 -> 12:25000|10112:9|10120:9|10121:9
B31: 2 | C31: 6 | D31: =ROUND(D30*$A$27,-3) -> 32000 | E31: 11 | F31: =E31 -> 11 | G31: =F31 -> 11 | H31: =$B$1&$C$1&D31 -> 12:32000 | I31: =$L$3&$C$1&E31 -> 10112:11 | J31: =$H$2&$C$1&F31 -> 10120:11 | K31: =$I$2&$C$1&G31 -> 10121:11 | L31: =H31&$D$1&I31&$D$1&J31&$D$1&K31 -> 12:32000|10112:11|10120:11|10121:11
B32: 2 | C32: 7 | D32: =ROUND(D31*$A$27,-3) -> 40000 | E32: 13 | F32: =E32 -> 13 | G32: =F32 -> 13 | H32: =$B$1&$C$1&D32 -> 12:40000 | I32: =$L$3&$C$1&E32 -> 10112:13 | J32: =$H$2&$C$1&F32 -> 10120:13 | K32: =$I$2&$C$1&G32 -> 10121:13 | L32: =H32&$D$1&I32&$D$1&J32&$D$1&K32 -> 12:40000|10112:13|10120:13|10121:13
B33: 2 | C33: 8 | D33: =ROUND(D32*$A$27,-3) -> 50000 | E33: 15 | F33: =E33 -> 15 | G33: =F33 -> 15 | H33: =$B$1&$C$1&D33 -> 12:50000 | I33: =$L$3&$C$1&E33 -> 10112:15 | J33: =$H$2&$C$1&F33 -> 10120:15 | K33: =$I$2&$C$1&G33 -> 10121:15 | L33: =H33&$D$1&I33&$D$1&J33&$D$1&K33 -> 12:50000|10112:15|10120:15|10121:15
B34: 2 | C34: 9 | D34: =ROUND(D33*$A$27,-3) -> 63000 | E34: 18 | F34: =E34 -> 18 | G34: =F34 -> 18 | H34: =$B$1&$C$1&D34 -> 12:63000 | I34: =$L$3&$C$1&E34 -> 10112:18 | J34: =$H$2&$C$1&F34 -> 10120:18 | K34: =$I$2&$C$1&G34 -> 10121:18 | L34: =H34&$D$1&I34&$D$1&J34&$D$1&K34 -> 12:63000|10112:18|10120:18|10121:18
B35: 2 | C35: 10 | D35: =ROUND(D34*$A$27,-3) -> 79000 | E35: 21 | F35: =E35 -> 21 | G35: =F35 -> 21 | H35: =$B$1&$C$1&D35 -> 12:79000 | I35: =$L$3&$C$1&E35 -> 10112:21 | J35: =$H$2&$C$1&F35 -> 10120:21 | K35: =$I$2&$C$1&G35 -> 10121:21 | L35: =H35&$D$1&I35&$D$1&J35&$D$1&K35 -> 12:79000|10112:21|10120:21|10121:21
B36: 2 | C36: 11 | D36: =ROUND(D35*$A$27,-3) -> 100000 | E36: 24 | F36: =E36 -> 24 | G36: =F36 -> 24 | H36: =$B$1&$C$1&D36 -> 12:100000 | I36: =$L$3&$C$1&E36 -> 10112:24 | J36: =$H$2&$C$1&F36 -> 10120:24 | K36: =$I$2&$C$1&G36 -> 10121:24 | L36: =H36&$D$1&I36&$D$1&J36&$D$1&K36 -> 12:100000|10112:24|10120:24|10121:24
B37: 2 | C37: 12 | D37: =ROUND(D36*$A$27,-3) -> 126000 | E37: 27 | F37: =E37 -> 27 | G37: =F37 -> 27 | H37: =$B$1&$C$1&D37 -> 12:126000 | I37: =$L$3&$C$1&E37 -> 10112:27 | J37: =$H$2&$C$1&F37 -> 10120:27 | K37: =$I$2&$C$1&G37 -> 10121:27 | L37: =H37&$D$1&I37&$D$1&J37&$D$1&K37 -> 12:126000|10112:27|10120:27|10121:27
B38: 2 | C38: 13 | D38: =ROUND(D37*$A$27,-3) -> 159000 | E38: 30 | F38: =E38 -> 30 | G38: =F38 -> 30 | H38: =$B$1&$C$1&D38 -> 12:159000 | I38: =$L$3&$C$1&E38 -> 10112:30 | J38: =$H$2&$C$1&F38 -> 10120:30 | K38: =$I$2&$C$1&G38 -> 10121:30 | L38: =H38&$D$1&I38&$D$1&J38&$D$1&K38 -> 12:159000|10112:30|10120:30|10121:30
B39: 2 | C39: 14 | D39: =ROUND(D38*$A$27,-3) -> 200000 | E39: 33 | F39: =E39 -> 33 | G39: =F39 -> 33 | H39: =$B$1&$C$1&D39 -> 12:200000 | I39: =$L$3&$C$1&E39 -> 10112:33 | J39: =$H$2&$C$1&F39 -> 10120:33 | K39: =$I$2&$C$1&G39 -> 10121:33 | L39: =H39&$D$1&I39&$D$1&J39&$D$1&K39 -> 12:200000|10112:33|10120:33|10121:33
... B45: 2 | C45: 20 | D45: =ROUND(D44*$A$27,-3) -> 801000 | E45: 50 | F45: =E45 -> 50 | G45: =F45 -> 50 | H45: =$B$1&$C$1&D45 -> 12:801000 | I45: =$L$3&$C$1&E45 -> 10112:50 | J45: =$H$2&$C$1&F45 -> 10120:50 | K45: =$I$2&$C$1&G45 -> 10121:50 | L45: =H45&$D$1&I45&$D$1&J45&$D$1&K45 -> 12:801000|10112:50|10120:50|10121:50
A46: 等级系数 | B46: 3 | C46: 1 | D46: =ROUND(B2*D2*B46,-3) -> 15000 | E46: 5 | F46: =E46 -> 5 | G46: =F46 -> 5 | H46: =$B$1&$C$1&D46 -> 12:15000 | I46: =$L$4&$C$1&E46 -> 10118:5 | J46: =$J$2&$C$1&F46 -> 10123:5 | K46: =$K$2&$C$1&G46 -> 10124:5 | L46: =H46&$D$1&I46&$D$1&J46&$D$1&K46 -> 12:15000|10118:5|10123:5|10124:5
A47: 1.3 | B47: 3 | C47: 2 | D47: =ROUND(D46*$A$47,-3) -> 20000 | E47: 10 | F47: =E47 -> 10 | G47: =F47 -> 10 | H47: =$B$1&$C$1&D47 -> 12:20000 | I47: =$L$4&$C$1&E47 -> 10118:10 | J47: =$J$2&$C$1&F47 -> 10123:10 | K47: =$K$2&$C$1&G47 -> 10124:10 | L47: =H47&$D$1&I47&$D$1&J47&$D$1&K47 -> 12:20000|10118:10|10123:10|10124:10
B48: 3 | C48: 3 | D48: =ROUND(D47*$A$47,-3) -> 26000 | E48: 15 | F48: =E48 -> 15 | G48: =F48 -> 15 | H48: =$B$1&$C$1&D48 -> 12:26000 | I48: =$L$4&$C$1&E48 -> 10118:15 | J48: =$J$2&$C$1&F48 -> 10123:15 | K48: =$K$2&$C$1&G48 -> 10124:15 | L48: =H48&$D$1&I48&$D$1&J48&$D$1&K48 -> 12:26000|10118:15|10123:15|10124:15
B49: 3 | C49: 4 | D49: =ROUND(D48*$A$47,-3) -> 34000 | E49: 20 | F49: =E49 -> 20 | G49: =F49 -> 20 | H49: =$B$1&$C$1&D49 -> 12:34000 | I49: =$L$4&$C$1&E49 -> 10118:20 | J49: =$J$2&$C$1&F49 -> 10123:20 | K49: =$K$2&$C$1&G49 -> 10124:20 | L49: =H49&$D$1&I49&$D$1&J49&$D$1&K49 -> 12:34000|10118:20|10123:20|10124:20
B50: 3 | C50: 5 | D50: =ROUND(D49*$A$47,-3) -> 44000 | E50: 25 | F50: =E50 -> 25 | G50: =F50 -> 25 | H50: =$B$1&$C$1&D50 -> 12:44000 | I50: =$L$4&$C$1&E50 -> 10118:25 | J50: =$J$2&$C$1&F50 -> 10123:25 | K50: =$K$2&$C$1&G50 -> 10124:25 | L50: =H50&$D$1&I50&$D$1&J50&$D$1&K50 -> 12:44000|10118:25|10123:25|10124:25
B51: 3 | C51: 6 | D51: =ROUND(D50*$A$47,-3) -> 57000 | E51: 30 | F51: =E51 -> 30 | G51: =F51 -> 30 | H51: =$B$1&$C$1&D51 -> 12:57000 | I51: =$L$4&$C$1&E51 -> 10118:30 | J51: =$J$2&$C$1&F51 -> 10123:30 | K51: =$K$2&$C$1&G51 -> 10124:30 | L51: =H51&$D$1&I51&$D$1&J51&$D$1&K51 -> 12:57000|10118:30|10123:30|10124:30
B52: 3 | C52: 7 | D52: =ROUND(D51*$A$47,-3) -> 74000 | E52: 35 | F52: =E52 -> 35 | G52: =F52 -> 35 | H52: =$B$1&$C$1&D52 -> 12:74000 | I52: =$L$4&$C$1&E52 -> 10118:35 | J52: =$J$2&$C$1&F52 -> 10123:35 | K52: =$K$2&$C$1&G52 -> 10124:35 | L52: =H52&$D$1&I52&$D$1&J52&$D$1&K52 -> 12:74000|10118:35|10123:35|10124:35
B53: 3 | C53: 8 | D53: =ROUND(D52*$A$47,-3) -> 96000 | E53: 40 | F53: =E53 -> 40 | G53: =F53 -> 40 | H53: =$B$1&$C$1&D53 -> 12:96000 | I53: =$L$4&$C$1&E53 -> 10118:40 | J53: =$J$2&$C$1&F53 -> 10123:40 | K53: =$K$2&$C$1&G53 -> 10124:40 | L53: =H53&$D$1&I53&$D$1&J53&$D$1&K53 -> 12:96000|10118:40|10123:40|10124:40
B54: 3 | C54: 9 | D54: =ROUND(D53*$A$47,-3) -> 125000 | E54: 45 | F54: =E54 -> 45 | G54: =F54 -> 45 | H54: =$B$1&$C$1&D54 -> 12:125000 | I54: =$L$4&$C$1&E54 -> 10118:45 | J54: =$J$2&$C$1&F54 -> 10123:45 | K54: =$K$2&$C$1&G54 -> 10124:45 | L54: =H54&$D$1&I54&$D$1&J54&$D$1&K54 -> 12:125000|10118:45|10123:45|10124:45
B55: 3 | C55: 10 | D55: =ROUND(D54*$A$47,-3) -> 163000 | E55: 50 | F55: =E55 -> 50 | G55: =F55 -> 50 | H55: =$B$1&$C$1&D55 -> 12:163000 | I55: =$L$4&$C$1&E55 -> 10118:50 | J55: =$J$2&$C$1&F55 -> 10123:50 | K55: =$K$2&$C$1&G55 -> 10124:50 | L55: =H55&$D$1&I55&$D$1&J55&$D$1&K55 -> 12:163000|10118:50|10123:50|10124:50
B56: 3 | C56: 11 | D56: =ROUND(D55*$A$47,-3) -> 212000 | E56: 55 | F56: =E56 -> 55 | G56: =F56 -> 55 | H56: =$B$1&$C$1&D56 -> 12:212000 | I56: =$L$4&$C$1&E56 -> 10118:55 | J56: =$J$2&$C$1&F56 -> 10123:55 | K56: =$K$2&$C$1&G56 -> 10124:55 | L56: =H56&$D$1&I56&$D$1&J56&$D$1&K56 -> 12:212000|10118:55|10123:55|10124:55
B57: 3 | C57: 12 | D57: =ROUND(D56*$A$47,-3) -> 276000 | E57: 60 | F57: =E57 -> 60 | G57: =F57 -> 60 | H57: =$B$1&$C$1&D57 -> 12:276000 | I57: =$L$4&$C$1&E57 -> 10118:60 | J57: =$J$2&$C$1&F57 -> 10123:60 | K57: =$K$2&$C$1&G57 -> 10124:60 | L57: =H57&$D$1&I57&$D$1&J57&$D$1&K57 -> 12:276000|10118:60|10123:60|10124:60
B58: 3 | C58: 13 | D58: =ROUND(D57*$A$47,-3) -> 359000 | E58: 65 | F58: =E58 -> 65 | G58: =F58 -> 65 | H58: =$B$1&$C$1&D58 -> 12:359000 | I58: =$L$4&$C$1&E58 -> 10118:65 | J58: =$J$2&$C$1&F58 -> 10123:65 | K58: =$K$2&$C$1&G58 -> 10124:65 | L58: =H58&$D$1&I58&$D$1&J58&$D$1&K58 -> 12:359000|10118:65|10123:65|10124:65
B59: 3 | C59: 14 | D59: =ROUND(D58*$A$47,-3) -> 467000 | E59: 70 | F59: =E59 -> 70 | G59: =F59 -> 70 | H59: =$B$1&$C$1&D59 -> 12:467000 | I59: =$L$4&$C$1&E59 -> 10118:70 | J59: =$J$2&$C$1&F59 -> 10123:70 | K59: =$K$2&$C$1&G59 -> 10124:70 | L59: =H59&$D$1&I59&$D$1&J59&$D$1&K59 -> 12:467000|10118:70|10123:70|10124:70
... B65: 3 | C65: 20 | D65: =ROUND(D64*$A$47,-3) -> 2254000 | E65: 100 | F65: =E65 -> 100 | G65: =F65 -> 100 | H65: =$B$1&$C$1&D65 -> 12:2254000 | I65: =$L$4&$C$1&E65 -> 10118:100 | J65: =$J$2&$C$1&F65 -> 10123:100 | K65: =$K$2&$C$1&G65 -> 10124:100 | L65: =H65&$D$1&I65&$D$1&J65&$D$1&K65 -> 12:2254000|10118:100|10123:100|10124:100
A67: 科技等级
C68: 5 | D68: 10 | E68: 10
B69: 5 | C69: 5 | D69: 10 | E69: 10
C70: 5 | D70: 10 | E70: 10

Sheet 属性类型
A1: Attributeid | B1: type | C1: Desc | D1: TypeHero
A2: int | B2: int | C2: string | D2: int
A3: 属性id | B3: 属性类型 | C3: 属性名称 | D3: 职业 | F3: 属性名称 | G3: 属性id
A4: 1 | B4: 1 | C4: 生命 | D4: 0 | F4: 步兵生命 | G4: =_xlfn.XLOOKUP(F4,$C$4:$C$220,$A$4:$A$220) -> 101
A5: 2 | B5: 1 | C5: 攻击 | D5: 0 | F5: 步兵生命 | G5: =_xlfn.XLOOKUP(F5,$C$4:$C$220,$A$4:$A$220) -> 101
A6: 3 | B6: 1 | C6: 物防 | D6: 0 | F6: 步兵生命 | G6: =_xlfn.XLOOKUP(F6,$C$4:$C$220,$A$4:$A$220) -> 101
A7: 4 | B7: 1 | C7: 魔力 | D7: 0 | F7: 步兵生命 | G7: =_xlfn.XLOOKUP(F7,$C$4:$C$220,$A$4:$A$220) -> 101
A8: 5 | B8: 1 | C8: 移速 | D8: 0 | F8: 步兵生命 | G8: =_xlfn.XLOOKUP(F8,$C$4:$C$220,$A$4:$A$220) -> 101
A9: 6 | B9: 1 | C9: 射程 | D9: 0 | F9: 步兵生命 | G9: =_xlfn.XLOOKUP(F9,$C$4:$C$220,$A$4:$A$220) -> 101
A10: 7 | B10: 1 | C10: 攻速 | D10: 0 | F10: 步兵防御 | G10: =_xlfn.XLOOKUP(F10,$C$4:$C$220,$A$4:$A$220) -> 103
A11: 8 | B11: 2 | C11: 物免 | D11: 0 | F11: 步兵防御 | G11: =_xlfn.XLOOKUP(F11,$C$4:$C$220,$A$4:$A$220) -> 103
A12: 9 | B12: 2 | C12: 普攻增伤 | D12: 0 | F12: 步兵防御 | G12: =_xlfn.XLOOKUP(F12,$C$4:$C$220,$A$4:$A$220) -> 103
A13: 10 | B13: 2 | C13: 魔免 | D13: 0 | F13: 步兵防御 | G13: =_xlfn.XLOOKUP(F13,$C$4:$C$220,$A$4:$A$220) -> 103
A14: 11 | B14: 2 | C14: 法术增伤 | D14: 0 | F14: 步兵防御 | G14: =_xlfn.XLOOKUP(F14,$C$4:$C$220,$A$4:$A$220) -> 103
A15: 12 | B15: 2 | C15: 暴击 | D15: 0 | F15: 步兵防御 | G15: =_xlfn.XLOOKUP(F15,$C$4:$C$220,$A$4:$A$220) -> 103
... A37: 34 | B37: 2 | C37: 魔攻 | D37: 0 | F37: 步兵防御百分比 | G37: =_xlfn.XLOOKUP(F37,$C$4:$C$220,$A$4:$A$220) -> 108
A38: 35 | B38: =IF(J38="值",1,2) -> 2 | C38: 魔防 | D38: 0 | F38: 步兵防御百分比 | G38: =_xlfn.XLOOKUP(F38,$C$4:$C$220,$A$4:$A$220) -> 108
A39: 36 | B39: =IF(J39="值",1,2) -> 2 | C39: 士兵生命百分比 | D39: 0 | F39: 步兵攻击百分比 | G39: =_xlfn.XLOOKUP(F39,$C$4:$C$220,$A$4:$A$220) -> 107
A40: 37 | B40: =IF(J40="值",1,2) -> 2 | C40: 士兵攻击百分比 | D40: 0 | F40: 步兵攻击百分比 | G40: =_xlfn.XLOOKUP(F40,$C$4:$C$220,$A$4:$A$220) -> 107
A41: 38 | B41: =IF(J41="值",1,2) -> 2 | C41: 士兵防御百分比 | D41: 0 | F41: 步兵攻击百分比 | G41: =_xlfn.XLOOKUP(F41,$C$4:$C$220,$A$4:$A$220) -> 107
A42: 39 | B42: =IF(J42="值",1,2) -> 2 | C42: 士兵魔防百分比 | D42: 0 | F42: 步兵攻击百分比 | G42: =_xlfn.XLOOKUP(F42,$C$4:$C$220,$A$4:$A$220) -> 107
A43: 40 | B43: =IF(J43="值",1,2) -> 2 | C43: 士兵魔力百分比 | D43: 0 | F43: 步兵攻击百分比 | G43: =_xlfn.XLOOKUP(F43,$C$4:$C$220,$A$4:$A$220) -> 107
A44: 101 | B44: =IF(J44="值",1,2) -> 2 | C44: 步兵生命 | D44: 1 | F44: 步兵攻击百分比 | G44: =_xlfn.XLOOKUP(F44,$C$4:$C$220,$A$4:$A$220) -> 107
A45: 102 | B45: =IF(J45="值",1,2) -> 2 | C45: 步兵攻击 | D45: 1 | F45: 步兵攻击百分比 | G45: =_xlfn.XLOOKUP(F45,$C$4:$C$220,$A$4:$A$220) -> 107
A46: 103 | B46: =IF(J46="值",1,2) -> 2 | C46: 步兵防御 | D46: 1 | F46: 步兵攻击百分比 | G46: =_xlfn.XLOOKUP(F46,$C$4:$C$220,$A$4:$A$220) -> 107
A47: 104 | B47: =IF(J47="值",1,2) -> 2 | C47: 步兵魔防 | D47: 1 | F47: 步兵攻击百分比 | G47: =_xlfn.XLOOKUP(F47,$C$4:$C$220,$A$4:$A$220) -> 107
A48: 105 | B48: 1 | C48: 步兵魔力 | D48: 1 | F48: 步兵攻击百分比 | G48: =_xlfn.XLOOKUP(F48,$C$4:$C$220,$A$4:$A$220) -> 107
A49: 106 | B49: =IF(J49="值",1,2) -> 2 | C49: 步兵生命百分比 | D49: 1 | F49: 步兵攻击百分比 | G49: =_xlfn.XLOOKUP(F49,$C$4:$C$220,$A$4:$A$220) -> 107
A50: 107 | B50: =IF(J50="值",1,2) -> 2 | C50: 步兵攻击百分比 | D50: 1 | F50: 步兵魔防百分比 | G50: =_xlfn.XLOOKUP(F50,$C$4:$C$220,$A$4:$A$220) -> 109
A51: 108 | B51: =IF(J51="值",1,2) -> 2 | C51: 步兵防御百分比 | D51: 1 | F51: 步兵魔防百分比 | G51: =_xlfn.XLOOKUP(F51,$C$4:$C$220,$A$4:$A$220) -> 109
A52: 109 | B52: =IF(J52="值",1,2) -> 2 | C52: 步兵魔防百分比 | D52: 1 | F52: 步兵魔防百分比 | G52: =_xlfn.XLOOKUP(F52,$C$4:$C$220,$A$4:$A$220) -> 109
A53: 110 | B53: 1 | C53: 步兵魔力百分比 | D53: 1 | F53: 步兵魔防百分比 | G53: =_xlfn.XLOOKUP(F53,$C$4:$C$220,$A$4:$A$220) -> 109
A54: 111 | B54: =IF(J54="值",1,2) -> 2 | C54: 骑兵生命 | D54: =D44+1 -> 2 | F54: 步兵魔防百分比 | G54: =_xlfn.XLOOKUP(F54,$C$4:$C$220,$A$4:$A$220) -> 109
A55: 112 | B55: =IF(J55="值",1,2) -> 2 | C55: 骑兵攻击 | D55: =D45+1 -> 2 | F55: 步兵魔防百分比 | G55: =_xlfn.XLOOKUP(F55,$C$4:$C$220,$A$4:$A$220) -> 109
A56: 113 | B56: =IF(J56="值",1,2) -> 2 | C56: 骑兵防御 | D56: =D46+1 -> 2 | F56: 步兵魔防百分比 | G56: =_xlfn.XLOOKUP(F56,$C$4:$C$220,$A$4:$A$220) -> 109
A57: 114 | B57: =IF(J57="值",1,2) -> 2 | C57: 骑兵魔防 | D57: =D47+1 -> 2 | F57: 步兵魔防百分比 | G57: =_xlfn.XLOOKUP(F57,$C$4:$C$220,$A$4:$A$220) -> 109
A58: 115 | B58: =IF(J58="值",1,2) -> 2 | C58: 骑兵魔力 | D58: =D48+1 -> 2 | F58: 步兵魔防百分比 | G58: =_xlfn.XLOOKUP(F58,$C$4:$C$220,$A$4:$A$220) -> 109
A59: 116 | B59: =IF(J59="值",1,2) -> 2 | C59: 骑兵生命百分比 | D59: =D49+1 -> 2 | F59: 步兵魔防百分比 | G59: =_xlfn.XLOOKUP(F59,$C$4:$C$220,$A$4:$A$220) -> 109
A60: 117 | B60: =IF(J60="值",1,2) -> 2 | C60: 骑兵攻击百分比 | D60: =D50+1 -> 2 | F60: 步兵魔防百分比 | G60: =_xlfn.XLOOKUP(F60,$C$4:$C$220,$A$4:$A$220) -> 109
A61: 118 | B61: =IF(J61="值",1,2) -> 2 | C61: 骑兵防御百分比 | D61: =D51+1 -> 2 | F61: 皇室禁卫防御百分比 | G61: =_xlfn.XLOOKUP(F61,$C$4:$C$220,$A$4:$A$220) -> 10001
A62: 119 | B62: =IF(J62="值",1,2) -> 2 | C62: 骑兵魔防百分比 | D62: =D52+1 -> 2 | F62: 皇室禁卫防御百分比 | G62: =_xlfn.XLOOKUP(F62,$C$4:$C$220,$A$4:$A$220) -> 10001
A63: 120 | B63: =IF(J63="值",1,2) -> 2 | C63: 骑兵魔力百分比 | D63: =D53+1 -> 2 | F63: 皇室禁卫防御百分比 | G63: =_xlfn.XLOOKUP(F63,$C$4:$C$220,$A$4:$A$220) -> 10001
A64: 121 | B64: =IF(J64="值",1,2) -> 2 | C64: 弓兵生命 | D64: =D54+1 -> 3 | F64: 皇室禁卫防御百分比 | G64: =_xlfn.XLOOKUP(F64,$C$4:$C$220,$A$4:$A$220) -> 10001
A65: 122 | B65: =IF(J65="值",1,2) -> 2 | C65: 弓兵攻击 | D65: =D55+1 -> 3 | F65: 皇室禁卫防御百分比 | G65: =_xlfn.XLOOKUP(F65,$C$4:$C$220,$A$4:$A$220) -> 10001
... A122: 179 | B122: =IF(J122="值",1,2) -> 2 | C122: 魔物魔防百分比 | D122: =D112+1 -> 8 | F122: 皇室禁卫魔防百分比 | G122: =_xlfn.XLOOKUP(F122,$C$4:$C$220,$A$4:$A$220) -> 10003
A123: 180 | B123: =IF(J1104="值",1,2) -> 2 | C123: 魔物魔力百分比 | D123: =D113+1 -> 8 | F123: 皇室禁卫魔防百分比 | G123: =_xlfn.XLOOKUP(F123,$C$4:$C$220,$A$4:$A$220) -> 10003
A124: 1001 | B124: =IF(J124="值",1,2) -> 2 | C124: 皇室禁卫生命百分比 | D124: 0 | F124: 步兵生命 | G124: =_xlfn.XLOOKUP(F124,$C$4:$C$220,$A$4:$A$220) -> 101
A125: 1002 | B125: =IF(J125="值",1,2) -> 2 | C125: 刀锋战士全属性百分比 | D125: 0 | F125: 步兵生命 | G125: =_xlfn.XLOOKUP(F125,$C$4:$C$220,$A$4:$A$220) -> 101
A126: 1003 | B126: =IF(J126="值",1,2) -> 2 | C126: 格斗专家全属性百分比 | D126: 0 | F126: 步兵生命 | G126: =_xlfn.XLOOKUP(F126,$C$4:$C$220,$A$4:$A$220) -> 101
A127: 1004 | B127: =IF(J127="值",1,2) -> 2 | C127: 将军全属性百分比 | D127: 0 | F127: 步兵生命 | G127: =_xlfn.XLOOKUP(F127,$C$4:$C$220,$A$4:$A$220) -> 101
A128: 1005 | B128: =IF(J128="值",1,2) -> 2 | C128: 皇家骑士全属性百分比 | D128: 0 | F128: 步兵生命 | G128: =_xlfn.XLOOKUP(F128,$C$4:$C$220,$A$4:$A$220) -> 101
A129: 1006 | B129: =IF(J129="值",1,2) -> 2 | C129: 黑暗骑士全属性百分比 | D129: 0 | F129: 步兵生命 | G129: =_xlfn.XLOOKUP(F129,$C$4:$C$220,$A$4:$A$220) -> 101
A130: 1007 | B130: =IF(J130="值",1,2) -> 2 | C130: 守护骑士全属性百分比 | D130: 0 | F130: 步兵生命 | G130: =_xlfn.XLOOKUP(F130,$C$4:$C$220,$A$4:$A$220) -> 101
A131: 1008 | B131: =IF(J131="值",1,2) -> 2 | C131: 幻影射手全属性百分比 | D131: 0 | F131: 步兵生命 | G131: =_xlfn.XLOOKUP(F131,$C$4:$C$220,$A$4:$A$220) -> 101
A132: 1009 | B132: =IF(J132="值",1,2) -> 2 | C132: 巡游射手全属性百分比 | D132: 0 | F132: 步兵生命 | G132: =_xlfn.XLOOKUP(F132,$C$4:$C$220,$A$4:$A$220) -> 101
A133: 1010 | B133: =IF(J133="值",1,2) -> 2 | C133: 影全属性百分比 | D133: 0 | F133: 步兵生命 | G133: =_xlfn.XLOOKUP(F133,$C$4:$C$220,$A$4:$A$220) -> 101
A134: 1011 | B134: =IF(J134="值",1,2) -> 2 | C134: 圣天马骑士全属性百分比 | D134: 0 | F134: 步兵生命 | G134: =_xlfn.XLOOKUP(F134,$C$4:$C$220,$A$4:$A$220) -> 101
A135: 1012 | B135: =IF(J135="值",1,2) -> 2 | C135: 飞龙骑士全属性百分比 | D135: 0 | F135: 步兵防御 | G135: =_xlfn.XLOOKUP(F135,$C$4:$C$220,$A$4:$A$220) -> 103
... A148: 1025 | B148: =IF(J148="值",1,2) -> 2 | C148: 雪原巨人全属性百分比 | D148: 0 | F148: 步兵攻击 | G148: =_xlfn.XLOOKUP(F148,$C$4:$C$220,$A$4:$A$220) -> 102
A149: 10001 | B149: 2 | C149: 皇室禁卫防御百分比 | D149: 0 | F149: 步兵攻击 | G149: =_xlfn.XLOOKUP(F149,$C$4:$C$220,$A$4:$A$220) -> 102
A150: 10002 | B150: 2 | C150: 皇室禁卫攻击百分比 | D150: 0 | F150: 步兵攻击 | G150: =_xlfn.XLOOKUP(F150,$C$4:$C$220,$A$4:$A$220) -> 102
A151: 10003 | B151: 2 | C151: 皇室禁卫魔防百分比 | D151: 0 | F151: 步兵攻击 | G151: =_xlfn.XLOOKUP(F151,$C$4:$C$220,$A$4:$A$220) -> 102
A152: 10004 | B152: 2 | C152: 刀锋战士防御百分比 | D152: 0 | F152: 步兵攻击 | G152: =_xlfn.XLOOKUP(F152,$C$4:$C$220,$A$4:$A$220) -> 102
A153: 10005 | B153: 2 | C153: 刀锋战士攻击百分比 | D153: 0 | F153: 步兵攻击 | G153: =_xlfn.XLOOKUP(F153,$C$4:$C$220,$A$4:$A$220) -> 102
A154: 10006 | B154: 2 | C154: 刀锋战士魔防百分比 | D154: 0 | F154: 步兵攻击 | G154: =_xlfn.XLOOKUP(F154,$C$4:$C$220,$A$4:$A$220) -> 102
A155: 10007 | B155: 2 | C155: 格斗专家防御百分比 | D155: 0 | F155: 步兵攻击 | G155: =_xlfn.XLOOKUP(F155,$C$4:$C$220,$A$4:$A$220) -> 102
A156: 10008 | B156: 2 | C156: 格斗专家攻击百分比 | D156: 0 | F156: 步兵攻击 | G156: =_xlfn.XLOOKUP(F156,$C$4:$C$220,$A$4:$A$220) -> 102
A157: 10009 | B157: 2 | C157: 格斗专家魔防百分比 | D157: 0 | F157: 步兵魔防 | G157: =_xlfn.XLOOKUP(F157,$C$4:$C$220,$A$4:$A$220) -> 104
A158: 10010 | B158: 2 | C158: 将军防御百分比 | D158: 0 | F158: 步兵魔防 | G158: =_xlfn.XLOOKUP(F158,$C$4:$C$220,$A$4:$A$220) -> 104
A159: 10011 | B159: 2 | C159: 将军攻击百分比 | D159: 0 | F159: 步兵魔防 | G159: =_xlfn.XLOOKUP(F159,$C$4:$C$220,$A$4:$A$220) -> 104
A160: 10012 | B160: 2 | C160: 将军魔防百分比 | D160: 0 | F160: 步兵魔防 | G160: =_xlfn.XLOOKUP(F160,$C$4:$C$220,$A$4:$A$220) -> 104
... A220: 10072 | B220: 2 | C220: 雪原巨人魔防百分比 | D220: 0 | F220: 刀锋战士防御百分比 | G220: =_xlfn.XLOOKUP(F220,$C$4:$C$220,$A$4:$A$220) -> 10004
F221: 刀锋战士防御百分比 | G221: =_xlfn.XLOOKUP(F221,$C$4:$C$220,$A$4:$A$220) -> 10004
F222: 刀锋战士防御百分比 | G222: =_xlfn.XLOOKUP(F222,$C$4:$C$220,$A$4:$A$220) -> 10004
F223: 刀锋战士防御百分比 | G223: =_xlfn.XLOOKUP(F223,$C$4:$C$220,$A$4:$A$220) -> 10004
F224: 刀锋战士防御百分比 | G224: =_xlfn.XLOOKUP(F224,$C$4:$C$220,$A$4:$A$220) -> 10004
F225: 刀锋战士防御百分比 | G225: =_xlfn.XLOOKUP(F225,$C$4:$C$220,$A$4:$A$220) -> 10004
F226: 刀锋战士防御百分比 | G226: =_xlfn.XLOOKUP(F226,$C$4:$C$220,$A$4:$A$220) -> 10004
F227: 刀锋战士防御百分比 | G227: =_xlfn.XLOOKUP(F227,$C$4:$C$220,$A$4:$A$220) -> 10004
F228: 刀锋战士防御百分比 | G228: =_xlfn.XLOOKUP(F228,$C$4:$C$220,$A$4:$A$220) -> 10004
F229: 刀锋战士防御百分比 | G229: =_xlfn.XLOOKUP(F229,$C$4:$C$220,$A$4:$A$220) -> 10004
F230: 刀锋战士防御百分比 | G230: =_xlfn.XLOOKUP(F230,$C$4:$C$220,$A$4:$A$220) -> 10004
F231: 刀锋战士防御百分比 | G231: =_xlfn.XLOOKUP(F231,$C$4:$C$220,$A$4:$A$220) -> 10004
F232: 刀锋战士防御百分比 | G232: =_xlfn.XLOOKUP(F232,$C$4:$C$220,$A$4:$A$220) -> 10004
... F2793: 雪原巨人魔防百分比 | G2793: =_xlfn.XLOOKUP(F2793,$C$4:$C$220,$A$4:$A$220) -> 10072
